{
  "fio version" : "fio-3.36",
  "timestamp" : 1729388650,
  "timestamp_ms" : 1729388650381,
  "time" : "Sat Oct 19 21:44:10 2024",
  "jobs" : [
    {
      "jobname" : "benchmark_test",
      "groupid" : 0,
      "job_start" : 1729388586998,
      "error" : 0,
      "eta" : 0,
      "elapsed" : 61,
      "job options" : {
        "name" : "benchmark_test",
        "filename" : "/mnt/e/testfile",
        "size" : "500M",
        "rw" : "randrw",
        "bs" : "4k",
        "iodepth" : "1",
        "ioengine" : "libaio",
        "direct" : "1",
        "numjobs" : "1",
        "runtime" : "60"
      },
      "read" : {
        "io_bytes" : 379613184,
        "io_kbytes" : 370716,
        "bw_bytes" : 6326359,
        "bw" : 6178,
        "iops" : 1544.521290,
        "runtime" : 60005,
        "total_ios" : 92679,
        "short_ios" : 0,
        "drop_ios" : 0,
        "slat_ns" : {
          "min" : 99513,
          "max" : 218902799,
          "mean" : 334835.664671,
          "stddev" : 1113179.069191,
          "N" : 92679
        },
        "clat_ns" : {
          "min" : 807,
          "max" : 218598,
          "mean" : 3362.440078,
          "stddev" : 3456.369079,
          "N" : 92679,
          "percentile" : {
            "1.000000" : 876,
            "5.000000" : 948,
            "10.000000" : 1020,
            "20.000000" : 1240,
            "30.000000" : 1656,
            "40.000000" : 2512,
            "50.000000" : 3056,
            "60.000000" : 3536,
            "70.000000" : 4048,
            "80.000000" : 4640,
            "90.000000" : 5536,
            "95.000000" : 6688,
            "99.000000" : 12224,
            "99.500000" : 16192,
            "99.900000" : 41728,
            "99.950000" : 62720,
            "99.990000" : 121344
          }
        },
        "lat_ns" : {
          "min" : 100608,
          "max" : 218915296,
          "mean" : 338198.104749,
          "stddev" : 1113731.357141,
          "N" : 92679
        },
        "bw_min" : 232,
        "bw_max" : 11520,
        "bw_agg" : 100.000000,
        "bw_mean" : 6210.764706,
        "bw_dev" : 2648.262400,
        "bw_samples" : 119,
        "iops_min" : 58,
        "iops_max" : 2880,
        "iops_mean" : 1552.672269,
        "iops_stddev" : 662.079494,
        "iops_samples" : 119
      },
      "write" : {
        "io_bytes" : 378413056,
        "io_kbytes" : 369544,
        "bw_bytes" : 6306358,
        "bw" : 6158,
        "iops" : 1539.638363,
        "runtime" : 60005,
        "total_ios" : 92386,
        "short_ios" : 0,
        "drop_ios" : 0,
        "slat_ns" : {
          "min" : 96552,
          "max" : 185520082,
          "mean" : 300589.359773,
          "stddev" : 908080.512826,
          "N" : 92386
        },
        "clat_ns" : {
          "min" : 855,
          "max" : 268438,
          "mean" : 3509.654623,
          "stddev" : 3673.153691,
          "N" : 92386,
          "percentile" : {
            "1.000000" : 932,
            "5.000000" : 1004,
            "10.000000" : 1096,
            "20.000000" : 1320,
            "30.000000" : 1768,
            "40.000000" : 2640,
            "50.000000" : 3216,
            "60.000000" : 3696,
            "70.000000" : 4256,
            "80.000000" : 4832,
            "90.000000" : 5792,
            "95.000000" : 6880,
            "99.000000" : 12608,
            "99.500000" : 16192,
            "99.900000" : 42240,
            "99.950000" : 66048,
            "99.990000" : 104960
          }
        },
        "lat_ns" : {
          "min" : 99579,
          "max" : 185533977,
          "mean" : 304099.014396,
          "stddev" : 908730.335930,
          "N" : 92386
        },
        "bw_min" : 216,
        "bw_max" : 11304,
        "bw_agg" : 100.000000,
        "bw_mean" : 6191.058824,
        "bw_dev" : 2584.453495,
        "bw_samples" : 119,
        "iops_min" : 54,
        "iops_max" : 2826,
        "iops_mean" : 1547.747899,
        "iops_stddev" : 646.128066,
        "iops_samples" : 119
      },
      "trim" : {
        "io_bytes" : 0,
        "io_kbytes" : 0,
        "bw_bytes" : 0,
        "bw" : 0,
        "iops" : 0.000000,
        "runtime" : 0,
        "total_ios" : 0,
        "short_ios" : 0,
        "drop_ios" : 0,
        "slat_ns" : {
          "min" : 0,
          "max" : 0,
          "mean" : 0.000000,
          "stddev" : 0.000000,
          "N" : 0
        },
        "clat_ns" : {
          "min" : 0,
          "max" : 0,
          "mean" : 0.000000,
          "stddev" : 0.000000,
          "N" : 0
        },
        "lat_ns" : {
          "min" : 0,
          "max" : 0,
          "mean" : 0.000000,
          "stddev" : 0.000000,
          "N" : 0
        },
        "bw_min" : 0,
        "bw_max" : 0,
        "bw_agg" : 0.000000,
        "bw_mean" : 0.000000,
        "bw_dev" : 0.000000,
        "bw_samples" : 0,
        "iops_min" : 0,
        "iops_max" : 0,
        "iops_mean" : 0.000000,
        "iops_stddev" : 0.000000,
        "iops_samples" : 0
      },
      "sync" : {
        "total_ios" : 0,
        "lat_ns" : {
          "min" : 0,
          "max" : 0,
          "mean" : 0.000000,
          "stddev" : 0.000000,
          "N" : 0
        }
      },
      "job_runtime" : 60004,
      "usr_cpu" : 2.709819,
      "sys_cpu" : 6.087927,
      "ctx" : 185070,
      "majf" : 0,
      "minf" : 12,
      "iodepth_level" : {
        "1" : 100.000000,
        "2" : 0.000000,
        "4" : 0.000000,
        "8" : 0.000000,
        "16" : 0.000000,
        "32" : 0.000000,
        ">=64" : 0.000000
      },
      "iodepth_submit" : {
        "0" : 0.000000,
        "4" : 100.000000,
        "8" : 0.000000,
        "16" : 0.000000,
        "32" : 0.000000,
        "64" : 0.000000,
        ">=64" : 0.000000
      },
      "iodepth_complete" : {
        "0" : 0.000000,
        "4" : 100.000000,
        "8" : 0.000000,
        "16" : 0.000000,
        "32" : 0.000000,
        "64" : 0.000000,
        ">=64" : 0.000000
      },
      "latency_ns" : {
        "2" : 0.000000,
        "4" : 0.000000,
        "10" : 0.000000,
        "20" : 0.000000,
        "50" : 0.000000,
        "100" : 0.000000,
        "250" : 0.000000,
        "500" : 0.000000,
        "750" : 0.000000,
        "1000" : 6.586875
      },
      "latency_us" : {
        "2" : 26.827871,
        "4" : 33.906465,
        "10" : 30.995056,
        "20" : 1.297382,
        "50" : 0.310702,
        "100" : 0.060519,
        "250" : 0.014049,
        "500" : 0.010000,
        "750" : 0.000000,
        "1000" : 0.000000
      },
      "latency_ms" : {
        "2" : 0.000000,
        "4" : 0.000000,
        "10" : 0.000000,
        "20" : 0.000000,
        "50" : 0.000000,
        "100" : 0.000000,
        "250" : 0.000000,
        "500" : 0.000000,
        "750" : 0.000000,
        "1000" : 0.000000,
        "2000" : 0.000000,
        ">=2000" : 0.000000
      },
      "latency_depth" : 1,
      "latency_target" : 0,
      "latency_percentile" : 100.000000,
      "latency_window" : 0
    }
  ]
}
