{
  "fio version" : "fio-3.36",
  "timestamp" : 1729391667,
  "timestamp_ms" : 1729391667023,
  "time" : "Sat Oct 19 22:34:27 2024",
  "jobs" : [
    {
      "jobname" : "benchmark_test",
      "groupid" : 0,
      "job_start" : 1729391601118,
      "error" : 0,
      "eta" : 0,
      "elapsed" : 61,
      "job options" : {
        "name" : "benchmark_test",
        "filename" : "/mnt/e/testfile",
        "size" : "500M",
        "rw" : "rw",
        "bs" : "16k",
        "iodepth" : "256",
        "ioengine" : "libaio",
        "direct" : "1",
        "numjobs" : "1",
        "runtime" : "60"
      },
      "read" : {
        "io_bytes" : 2372108288,
        "io_kbytes" : 2316512,
        "bw_bytes" : 39534479,
        "bw" : 38607,
        "iops" : 2412.993117,
        "runtime" : 60001,
        "total_ios" : 144782,
        "short_ios" : 0,
        "drop_ios" : 0,
        "slat_ns" : {
          "min" : 89756,
          "max" : 96524066,
          "mean" : 192878.127316,
          "stddev" : 356386.462550,
          "N" : 144782
        },
        "clat_ns" : {
          "min" : 243010,
          "max" : 276701683,
          "mean" : 52852885.796336,
          "stddev" : 15191301.099791,
          "N" : 144782,
          "percentile" : {
            "1.000000" : 40108032,
            "5.000000" : 42205184,
            "10.000000" : 43778048,
            "20.000000" : 45350912,
            "30.000000" : 46399488,
            "40.000000" : 47448064,
            "50.000000" : 49020928,
            "60.000000" : 50593792,
            "70.000000" : 52690944,
            "80.000000" : 56360960,
            "90.000000" : 64749568,
            "95.000000" : 78118912,
            "99.000000" : 101187584,
            "99.500000" : 143654912,
            "99.900000" : 238026752,
            "99.950000" : 244318208,
            "99.990000" : 274726912
          }
        },
        "lat_ns" : {
          "min" : 464414,
          "max" : 277033393,
          "mean" : 53045763.923651,
          "stddev" : 15242430.253309,
          "N" : 144782
        },
        "bw_min" : 19975,
        "bw_max" : 46717,
        "bw_agg" : 99.878549,
        "bw_mean" : 38561.285714,
        "bw_dev" : 6749.623131,
        "bw_samples" : 119,
        "iops_min" : 1248,
        "iops_max" : 2919,
        "iops_mean" : 2409.941176,
        "iops_stddev" : 421.875098,
        "iops_samples" : 119
      },
      "write" : {
        "io_bytes" : 2374303744,
        "io_kbytes" : 2318656,
        "bw_bytes" : 39571069,
        "bw" : 38643,
        "iops" : 2415.226413,
        "runtime" : 60001,
        "total_ios" : 144916,
        "short_ios" : 0,
        "drop_ios" : 0,
        "slat_ns" : {
          "min" : 112673,
          "max" : 43697431,
          "mean" : 214066.577245,
          "stddev" : 188946.040797,
          "N" : 144916
        },
        "clat_ns" : {
          "min" : 4036,
          "max" : 276391278,
          "mean" : 52719209.949557,
          "stddev" : 14736555.160424,
          "N" : 144916,
          "percentile" : {
            "1.000000" : 40108032,
            "5.000000" : 42205184,
            "10.000000" : 43778048,
            "20.000000" : 45350912,
            "30.000000" : 46399488,
            "40.000000" : 47448064,
            "50.000000" : 49020928,
            "60.000000" : 50593792,
            "70.000000" : 52690944,
            "80.000000" : 56360960,
            "90.000000" : 64749568,
            "95.000000" : 77070336,
            "99.000000" : 100139008,
            "99.500000" : 137363456,
            "99.900000" : 238026752,
            "99.950000" : 240123904,
            "99.990000" : 274726912
          }
        },
        "lat_ns" : {
          "min" : 241161,
          "max" : 276958911,
          "mean" : 52933276.526802,
          "stddev" : 14779397.965702,
          "N" : 144916
        },
        "bw_min" : 19378,
        "bw_max" : 46560,
        "bw_agg" : 99.905231,
        "bw_mean" : 38607.957983,
        "bw_dev" : 6777.952217,
        "bw_samples" : 119,
        "iops_min" : 1211,
        "iops_max" : 2910,
        "iops_mean" : 2412.848739,
        "iops_stddev" : 423.648412,
        "iops_samples" : 119
      },
      "trim" : {
        "io_bytes" : 0,
        "io_kbytes" : 0,
        "bw_bytes" : 0,
        "bw" : 0,
        "iops" : 0.000000,
        "runtime" : 0,
        "total_ios" : 0,
        "short_ios" : 0,
        "drop_ios" : 0,
        "slat_ns" : {
          "min" : 0,
          "max" : 0,
          "mean" : 0.000000,
          "stddev" : 0.000000,
          "N" : 0
        },
        "clat_ns" : {
          "min" : 0,
          "max" : 0,
          "mean" : 0.000000,
          "stddev" : 0.000000,
          "N" : 0
        },
        "lat_ns" : {
          "min" : 0,
          "max" : 0,
          "mean" : 0.000000,
          "stddev" : 0.000000,
          "N" : 0
        },
        "bw_min" : 0,
        "bw_max" : 0,
        "bw_agg" : 0.000000,
        "bw_mean" : 0.000000,
        "bw_dev" : 0.000000,
        "bw_samples" : 0,
        "iops_min" : 0,
        "iops_max" : 0,
        "iops_mean" : 0.000000,
        "iops_stddev" : 0.000000,
        "iops_samples" : 0
      },
      "sync" : {
        "total_ios" : 0,
        "lat_ns" : {
          "min" : 0,
          "max" : 0,
          "mean" : 0.000000,
          "stddev" : 0.000000,
          "N" : 0
        }
      },
      "job_runtime" : 60000,
      "usr_cpu" : 2.640000,
      "sys_cpu" : 7.710000,
      "ctx" : 289705,
      "majf" : 0,
      "minf" : 15,
      "iodepth_level" : {
        "1" : 0.100000,
        "2" : 0.100000,
        "4" : 0.100000,
        "8" : 0.100000,
        "16" : 0.100000,
        "32" : 0.100000,
        ">=64" : 99.978253
      },
      "iodepth_submit" : {
        "0" : 0.000000,
        "4" : 100.000000,
        "8" : 0.000000,
        "16" : 0.000000,
        "32" : 0.000000,
        "64" : 0.000000,
        ">=64" : 0.000000
      },
      "iodepth_complete" : {
        "0" : 0.000000,
        "4" : 99.999655,
        "8" : 0.000000,
        "16" : 0.000000,
        "32" : 0.000000,
        "64" : 0.000000,
        ">=64" : 0.100000
      },
      "latency_ns" : {
        "2" : 0.000000,
        "4" : 0.000000,
        "10" : 0.000000,
        "20" : 0.000000,
        "50" : 0.000000,
        "100" : 0.000000,
        "250" : 0.000000,
        "500" : 0.000000,
        "750" : 0.000000,
        "1000" : 0.000000
      },
      "latency_us" : {
        "2" : 0.000000,
        "4" : 0.000000,
        "10" : 0.010000,
        "20" : 0.000000,
        "50" : 0.000000,
        "100" : 0.000000,
        "250" : 0.010000,
        "500" : 0.010000,
        "750" : 0.010000,
        "1000" : 0.010000
      },
      "latency_ms" : {
        "2" : 0.010000,
        "4" : 0.010000,
        "10" : 0.011391,
        "20" : 0.021056,
        "50" : 57.260665,
        "100" : 41.638534,
        "250" : 1.023825,
        "500" : 0.037625,
        "750" : 0.000000,
        "1000" : 0.000000,
        "2000" : 0.000000,
        ">=2000" : 0.000000
      },
      "latency_depth" : 256,
      "latency_target" : 0,
      "latency_percentile" : 100.000000,
      "latency_window" : 0
    }
  ]
}
