{
  "fio version" : "fio-3.36",
  "timestamp" : 1729395831,
  "timestamp_ms" : 1729395831616,
  "time" : "Sat Oct 19 23:43:51 2024",
  "jobs" : [
    {
      "jobname" : "benchmark_test",
      "groupid" : 0,
      "job_start" : 1729395767668,
      "error" : 0,
      "eta" : 0,
      "elapsed" : 61,
      "job options" : {
        "name" : "benchmark_test",
        "filename" : "/mnt/e/testfile",
        "size" : "500M",
        "rw" : "randwrite",
        "bs" : "128k",
        "iodepth" : "1024",
        "ioengine" : "libaio",
        "direct" : "1",
        "numjobs" : "1",
        "runtime" : "60"
      },
      "read" : {
        "io_bytes" : 0,
        "io_kbytes" : 0,
        "bw_bytes" : 0,
        "bw" : 0,
        "iops" : 0.000000,
        "runtime" : 0,
        "total_ios" : 0,
        "short_ios" : 0,
        "drop_ios" : 0,
        "slat_ns" : {
          "min" : 0,
          "max" : 0,
          "mean" : 0.000000,
          "stddev" : 0.000000,
          "N" : 0
        },
        "clat_ns" : {
          "min" : 0,
          "max" : 0,
          "mean" : 0.000000,
          "stddev" : 0.000000,
          "N" : 0
        },
        "lat_ns" : {
          "min" : 0,
          "max" : 0,
          "mean" : 0.000000,
          "stddev" : 0.000000,
          "N" : 0
        },
        "bw_min" : 0,
        "bw_max" : 0,
        "bw_agg" : 0.000000,
        "bw_mean" : 0.000000,
        "bw_dev" : 0.000000,
        "bw_samples" : 0,
        "iops_min" : 0,
        "iops_max" : 0,
        "iops_mean" : 0.000000,
        "iops_stddev" : 0.000000,
        "iops_samples" : 0
      },
      "write" : {
        "io_bytes" : 4653842432,
        "io_kbytes" : 4544768,
        "bw_bytes" : 77561455,
        "bw" : 75743,
        "iops" : 591.746942,
        "runtime" : 60002,
        "total_ios" : 35506,
        "short_ios" : 0,
        "drop_ios" : 0,
        "slat_ns" : {
          "min" : 559011,
          "max" : 163829464,
          "mean" : 1676943.630907,
          "stddev" : 1711606.852569,
          "N" : 35506
        },
        "clat_ns" : {
          "min" : 84328,
          "max" : 3669505964,
          "mean" : 1713056065.418744,
          "stddev" : 696607477.470970,
          "N" : 35506,
          "percentile" : {
            "1.000000" : 767557632,
            "5.000000" : 1061158912,
            "10.000000" : 1132462080,
            "20.000000" : 1199570944,
            "30.000000" : 1266679808,
            "40.000000" : 1333788672,
            "50.000000" : 1417674752,
            "60.000000" : 1484783616,
            "70.000000" : 1820327936,
            "80.000000" : 2533359616,
            "90.000000" : 2801795072,
            "95.000000" : 3170893824,
            "99.000000" : 3472883712,
            "99.500000" : 3640655872,
            "99.900000" : 3674210304,
            "99.950000" : 3674210304,
            "99.990000" : 3674210304
          }
        },
        "lat_ns" : {
          "min" : 2430095,
          "max" : 3672326466,
          "mean" : 1714733009.049651,
          "stddev" : 697146816.886271,
          "N" : 35506
        },
        "bw_min" : 10752,
        "bw_max" : 135168,
        "bw_agg" : 98.965446,
        "bw_mean" : 74960.572650,
        "bw_dev" : 29640.882350,
        "bw_samples" : 117,
        "iops_min" : 84,
        "iops_max" : 1056,
        "iops_mean" : 585.623932,
        "iops_stddev" : 231.575739,
        "iops_samples" : 117
      },
      "trim" : {
        "io_bytes" : 0,
        "io_kbytes" : 0,
        "bw_bytes" : 0,
        "bw" : 0,
        "iops" : 0.000000,
        "runtime" : 0,
        "total_ios" : 0,
        "short_ios" : 0,
        "drop_ios" : 0,
        "slat_ns" : {
          "min" : 0,
          "max" : 0,
          "mean" : 0.000000,
          "stddev" : 0.000000,
          "N" : 0
        },
        "clat_ns" : {
          "min" : 0,
          "max" : 0,
          "mean" : 0.000000,
          "stddev" : 0.000000,
          "N" : 0
        },
        "lat_ns" : {
          "min" : 0,
          "max" : 0,
          "mean" : 0.000000,
          "stddev" : 0.000000,
          "N" : 0
        },
        "bw_min" : 0,
        "bw_max" : 0,
        "bw_agg" : 0.000000,
        "bw_mean" : 0.000000,
        "bw_dev" : 0.000000,
        "bw_samples" : 0,
        "iops_min" : 0,
        "iops_max" : 0,
        "iops_mean" : 0.000000,
        "iops_stddev" : 0.000000,
        "iops_samples" : 0
      },
      "sync" : {
        "total_ios" : 0,
        "lat_ns" : {
          "min" : 0,
          "max" : 0,
          "mean" : 0.000000,
          "stddev" : 0.000000,
          "N" : 0
        }
      },
      "job_runtime" : 60001,
      "usr_cpu" : 1.534974,
      "sys_cpu" : 4.781587,
      "ctx" : 106522,
      "majf" : 0,
      "minf" : 11,
      "iodepth_level" : {
        "1" : 0.100000,
        "2" : 0.100000,
        "4" : 0.100000,
        "8" : 0.100000,
        "16" : 0.100000,
        "32" : 0.100000,
        ">=64" : 99.822565
      },
      "iodepth_submit" : {
        "0" : 0.000000,
        "4" : 100.000000,
        "8" : 0.000000,
        "16" : 0.000000,
        "32" : 0.000000,
        "64" : 0.000000,
        ">=64" : 0.000000
      },
      "iodepth_complete" : {
        "0" : 0.000000,
        "4" : 99.997100,
        "8" : 0.000000,
        "16" : 0.000000,
        "32" : 0.000000,
        "64" : 0.000000,
        ">=64" : 0.100000
      },
      "latency_ns" : {
        "2" : 0.000000,
        "4" : 0.000000,
        "10" : 0.000000,
        "20" : 0.000000,
        "50" : 0.000000,
        "100" : 0.000000,
        "250" : 0.000000,
        "500" : 0.000000,
        "750" : 0.000000,
        "1000" : 0.000000
      },
      "latency_us" : {
        "2" : 0.000000,
        "4" : 0.000000,
        "10" : 0.000000,
        "20" : 0.000000,
        "50" : 0.000000,
        "100" : 0.010000,
        "250" : 0.000000,
        "500" : 0.000000,
        "750" : 0.000000,
        "1000" : 0.000000
      },
      "latency_ms" : {
        "2" : 0.000000,
        "4" : 0.010000,
        "10" : 0.010000,
        "20" : 0.010000,
        "50" : 0.039430,
        "100" : 0.073227,
        "250" : 0.239396,
        "500" : 0.332338,
        "750" : 0.278826,
        "1000" : 2.103870,
        "2000" : 70.162789,
        ">=2000" : 26.747592
      },
      "latency_depth" : 1024,
      "latency_target" : 0,
      "latency_percentile" : 100.000000,
      "latency_window" : 0
    }
  ]
}
