{
  "fio version" : "fio-3.36",
  "timestamp" : 1729394034,
  "timestamp_ms" : 1729394034741,
  "time" : "Sat Oct 19 23:13:54 2024",
  "jobs" : [
    {
      "jobname" : "benchmark_test",
      "groupid" : 0,
      "job_start" : 1729393970922,
      "error" : 0,
      "eta" : 0,
      "elapsed" : 61,
      "job options" : {
        "name" : "benchmark_test",
        "filename" : "/mnt/e/testfile",
        "size" : "500M",
        "rw" : "randrw",
        "bs" : "32k",
        "iodepth" : "1024",
        "ioengine" : "libaio",
        "direct" : "1",
        "numjobs" : "1",
        "runtime" : "60"
      },
      "read" : {
        "io_bytes" : 2666659840,
        "io_kbytes" : 2604160,
        "bw_bytes" : 44443589,
        "bw" : 43401,
        "iops" : 1356.310728,
        "runtime" : 60001,
        "total_ios" : 81380,
        "short_ios" : 0,
        "drop_ios" : 0,
        "slat_ns" : {
          "min" : 156389,
          "max" : 42342648,
          "mean" : 338725.010482,
          "stddev" : 397410.680097,
          "N" : 81380
        },
        "clat_ns" : {
          "min" : 938582,
          "max" : 834145279,
          "mean" : 377076066.186431,
          "stddev" : 81098030.683301,
          "N" : 81380,
          "percentile" : {
            "1.000000" : 252706816,
            "5.000000" : 278921216,
            "10.000000" : 299892736,
            "20.000000" : 312475648,
            "30.000000" : 329252864,
            "40.000000" : 354418688,
            "50.000000" : 371195904,
            "60.000000" : 387973120,
            "70.000000" : 400556032,
            "80.000000" : 417333248,
            "90.000000" : 467664896,
            "95.000000" : 530579456,
            "99.000000" : 700448768,
            "99.500000" : 750780416,
            "99.900000" : 834666496,
            "99.950000" : 834666496,
            "99.990000" : 834666496
          }
        },
        "lat_ns" : {
          "min" : 1283521,
          "max" : 834492654,
          "mean" : 377414791.196910,
          "stddev" : 81151370.691497,
          "N" : 81380
        },
        "bw_min" : 16064,
        "bw_max" : 64769,
        "bw_agg" : 99.562364,
        "bw_mean" : 43212.806723,
        "bw_dev" : 8304.987723,
        "bw_samples" : 119,
        "iops_min" : 502,
        "iops_max" : 2024,
        "iops_mean" : 1350.201681,
        "iops_stddev" : 259.488727,
        "iops_samples" : 119
      },
      "write" : {
        "io_bytes" : 2656829440,
        "io_kbytes" : 2594560,
        "bw_bytes" : 44279752,
        "bw" : 43241,
        "iops" : 1351.310811,
        "runtime" : 60001,
        "total_ios" : 81080,
        "short_ios" : 0,
        "drop_ios" : 0,
        "slat_ns" : {
          "min" : 174068,
          "max" : 47554648,
          "mean" : 385621.997928,
          "stddev" : 389925.376847,
          "N" : 81080
        },
        "clat_ns" : {
          "min" : 18248,
          "max" : 834178823,
          "mean" : 376709341.594586,
          "stddev" : 80594999.009861,
          "N" : 81080,
          "percentile" : {
            "1.000000" : 252706816,
            "5.000000" : 278921216,
            "10.000000" : 299892736,
            "20.000000" : 312475648,
            "30.000000" : 329252864,
            "40.000000" : 354418688,
            "50.000000" : 371195904,
            "60.000000" : 387973120,
            "70.000000" : 400556032,
            "80.000000" : 417333248,
            "90.000000" : 463470592,
            "95.000000" : 526385152,
            "99.000000" : 700448768,
            "99.500000" : 750780416,
            "99.900000" : 834666496,
            "99.950000" : 834666496,
            "99.990000" : 834666496
          }
        },
        "lat_ns" : {
          "min" : 929584,
          "max" : 834571787,
          "mean" : 377094963.592517,
          "stddev" : 80658239.784214,
          "N" : 81080
        },
        "bw_min" : 15808,
        "bw_max" : 66565,
        "bw_agg" : 99.489049,
        "bw_mean" : 43021.848739,
        "bw_dev" : 8515.637723,
        "bw_samples" : 119,
        "iops_min" : 494,
        "iops_max" : 2080,
        "iops_mean" : 1344.235294,
        "iops_stddev" : 266.069435,
        "iops_samples" : 119
      },
      "trim" : {
        "io_bytes" : 0,
        "io_kbytes" : 0,
        "bw_bytes" : 0,
        "bw" : 0,
        "iops" : 0.000000,
        "runtime" : 0,
        "total_ios" : 0,
        "short_ios" : 0,
        "drop_ios" : 0,
        "slat_ns" : {
          "min" : 0,
          "max" : 0,
          "mean" : 0.000000,
          "stddev" : 0.000000,
          "N" : 0
        },
        "clat_ns" : {
          "min" : 0,
          "max" : 0,
          "mean" : 0.000000,
          "stddev" : 0.000000,
          "N" : 0
        },
        "lat_ns" : {
          "min" : 0,
          "max" : 0,
          "mean" : 0.000000,
          "stddev" : 0.000000,
          "N" : 0
        },
        "bw_min" : 0,
        "bw_max" : 0,
        "bw_agg" : 0.000000,
        "bw_mean" : 0.000000,
        "bw_dev" : 0.000000,
        "bw_samples" : 0,
        "iops_min" : 0,
        "iops_max" : 0,
        "iops_mean" : 0.000000,
        "iops_stddev" : 0.000000,
        "iops_samples" : 0
      },
      "sync" : {
        "total_ios" : 0,
        "lat_ns" : {
          "min" : 0,
          "max" : 0,
          "mean" : 0.000000,
          "stddev" : 0.000000,
          "N" : 0
        }
      },
      "job_runtime" : 60000,
      "usr_cpu" : 3.033333,
      "sys_cpu" : 7.531667,
      "ctx" : 162466,
      "majf" : 0,
      "minf" : 10,
      "iodepth_level" : {
        "1" : 0.100000,
        "2" : 0.100000,
        "4" : 0.100000,
        "8" : 0.100000,
        "16" : 0.100000,
        "32" : 0.100000,
        ">=64" : 99.961221
      },
      "iodepth_submit" : {
        "0" : 0.000000,
        "4" : 100.000000,
        "8" : 0.000000,
        "16" : 0.000000,
        "32" : 0.000000,
        "64" : 0.000000,
        ">=64" : 0.000000
      },
      "iodepth_complete" : {
        "0" : 0.000000,
        "4" : 99.999381,
        "8" : 0.000000,
        "16" : 0.000000,
        "32" : 0.000000,
        "64" : 0.000000,
        ">=64" : 0.100000
      },
      "latency_ns" : {
        "2" : 0.000000,
        "4" : 0.000000,
        "10" : 0.000000,
        "20" : 0.000000,
        "50" : 0.000000,
        "100" : 0.000000,
        "250" : 0.000000,
        "500" : 0.000000,
        "750" : 0.000000,
        "1000" : 0.000000
      },
      "latency_us" : {
        "2" : 0.000000,
        "4" : 0.000000,
        "10" : 0.000000,
        "20" : 0.010000,
        "50" : 0.000000,
        "100" : 0.000000,
        "250" : 0.000000,
        "500" : 0.000000,
        "750" : 0.000000,
        "1000" : 0.010000
      },
      "latency_ms" : {
        "2" : 0.010000,
        "4" : 0.010000,
        "10" : 0.010000,
        "20" : 0.012926,
        "50" : 0.042472,
        "100" : 0.078173,
        "250" : 0.481349,
        "500" : 92.342115,
        "750" : 6.533916,
        "1000" : 0.495507,
        "2000" : 0.000000,
        ">=2000" : 0.000000
      },
      "latency_depth" : 1024,
      "latency_target" : 0,
      "latency_percentile" : 100.000000,
      "latency_window" : 0
    }
  ]
}
