{
  "fio version" : "fio-3.36",
  "timestamp" : 1729393268,
  "timestamp_ms" : 1729393268010,
  "time" : "Sat Oct 19 23:01:08 2024",
  "jobs" : [
    {
      "jobname" : "benchmark_test",
      "groupid" : 0,
      "job_start" : 1729393206320,
      "error" : 0,
      "eta" : 0,
      "elapsed" : 61,
      "job options" : {
        "name" : "benchmark_test",
        "filename" : "/mnt/e/testfile",
        "size" : "500M",
        "rw" : "randrw",
        "bs" : "32k",
        "iodepth" : "64",
        "ioengine" : "libaio",
        "direct" : "1",
        "numjobs" : "1",
        "runtime" : "60"
      },
      "read" : {
        "io_bytes" : 3858825216,
        "io_kbytes" : 3768384,
        "bw_bytes" : 64312681,
        "bw" : 62805,
        "iops" : 1962.667289,
        "runtime" : 60001,
        "total_ios" : 117762,
        "short_ios" : 0,
        "drop_ios" : 0,
        "slat_ns" : {
          "min" : 138311,
          "max" : 9477746,
          "mean" : 235651.191564,
          "stddev" : 78292.339648,
          "N" : 117762
        },
        "clat_ns" : {
          "min" : 1139203,
          "max" : 117619888,
          "mean" : 16047524.344389,
          "stddev" : 3195407.958527,
          "N" : 117762,
          "percentile" : {
            "1.000000" : 12517376,
            "5.000000" : 13041664,
            "10.000000" : 13434880,
            "20.000000" : 13959168,
            "30.000000" : 14483456,
            "40.000000" : 15007744,
            "50.000000" : 15532032,
            "60.000000" : 16056320,
            "70.000000" : 16711680,
            "80.000000" : 17432576,
            "90.000000" : 19005440,
            "95.000000" : 20578304,
            "99.000000" : 26083328,
            "99.500000" : 27918336,
            "99.900000" : 35389440,
            "99.950000" : 58458112,
            "99.990000" : 114819072
          }
        },
        "lat_ns" : {
          "min" : 1342830,
          "max" : 117782923,
          "mean" : 16283175.535954,
          "stddev" : 3225023.606176,
          "N" : 117762
        },
        "bw_min" : 37376,
        "bw_max" : 71104,
        "bw_agg" : 100.000000,
        "bw_mean" : 62839.731092,
        "bw_dev" : 6483.588140,
        "bw_samples" : 119,
        "iops_min" : 1168,
        "iops_max" : 2222,
        "iops_mean" : 1963.680672,
        "iops_stddev" : 202.622256,
        "iops_samples" : 119
      },
      "write" : {
        "io_bytes" : 3851485184,
        "io_kbytes" : 3761216,
        "bw_bytes" : 64190349,
        "bw" : 62685,
        "iops" : 1958.934018,
        "runtime" : 60001,
        "total_ios" : 117538,
        "short_ios" : 0,
        "drop_ios" : 0,
        "slat_ns" : {
          "min" : 156423,
          "max" : 30578155,
          "mean" : 266884.559147,
          "stddev" : 144501.158167,
          "N" : 117538
        },
        "clat_ns" : {
          "min" : 2627,
          "max" : 118496842,
          "mean" : 16078019.115435,
          "stddev" : 3362723.124237,
          "N" : 117538,
          "percentile" : {
            "1.000000" : 12517376,
            "5.000000" : 13041664,
            "10.000000" : 13434880,
            "20.000000" : 13959168,
            "30.000000" : 14483456,
            "40.000000" : 15007744,
            "50.000000" : 15532032,
            "60.000000" : 16056320,
            "70.000000" : 16711680,
            "80.000000" : 17694720,
            "90.000000" : 19005440,
            "95.000000" : 20840448,
            "99.000000" : 26083328,
            "99.500000" : 27918336,
            "99.900000" : 46923776,
            "99.950000" : 79167488,
            "99.990000" : 113770496
          }
        },
        "lat_ns" : {
          "min" : 219922,
          "max" : 119227463,
          "mean" : 16344903.674582,
          "stddev" : 3411299.464788,
          "N" : 117538
        },
        "bw_min" : 33472,
        "bw_max" : 69824,
        "bw_agg" : 100.000000,
        "bw_mean" : 62720.882353,
        "bw_dev" : 6366.202648,
        "bw_samples" : 119,
        "iops_min" : 1046,
        "iops_max" : 2182,
        "iops_mean" : 1959.957983,
        "iops_stddev" : 198.957086,
        "iops_samples" : 119
      },
      "trim" : {
        "io_bytes" : 0,
        "io_kbytes" : 0,
        "bw_bytes" : 0,
        "bw" : 0,
        "iops" : 0.000000,
        "runtime" : 0,
        "total_ios" : 0,
        "short_ios" : 0,
        "drop_ios" : 0,
        "slat_ns" : {
          "min" : 0,
          "max" : 0,
          "mean" : 0.000000,
          "stddev" : 0.000000,
          "N" : 0
        },
        "clat_ns" : {
          "min" : 0,
          "max" : 0,
          "mean" : 0.000000,
          "stddev" : 0.000000,
          "N" : 0
        },
        "lat_ns" : {
          "min" : 0,
          "max" : 0,
          "mean" : 0.000000,
          "stddev" : 0.000000,
          "N" : 0
        },
        "bw_min" : 0,
        "bw_max" : 0,
        "bw_agg" : 0.000000,
        "bw_mean" : 0.000000,
        "bw_dev" : 0.000000,
        "bw_samples" : 0,
        "iops_min" : 0,
        "iops_max" : 0,
        "iops_mean" : 0.000000,
        "iops_stddev" : 0.000000,
        "iops_samples" : 0
      },
      "sync" : {
        "total_ios" : 0,
        "lat_ns" : {
          "min" : 0,
          "max" : 0,
          "mean" : 0.000000,
          "stddev" : 0.000000,
          "N" : 0
        }
      },
      "job_runtime" : 60000,
      "usr_cpu" : 2.056667,
      "sys_cpu" : 6.836667,
      "ctx" : 235304,
      "majf" : 0,
      "minf" : 12,
      "iodepth_level" : {
        "1" : 0.100000,
        "2" : 0.100000,
        "4" : 0.100000,
        "8" : 0.100000,
        "16" : 0.100000,
        "32" : 0.100000,
        ">=64" : 99.973226
      },
      "iodepth_submit" : {
        "0" : 0.000000,
        "4" : 100.000000,
        "8" : 0.000000,
        "16" : 0.000000,
        "32" : 0.000000,
        "64" : 0.000000,
        ">=64" : 0.000000
      },
      "iodepth_complete" : {
        "0" : 0.000000,
        "4" : 99.999575,
        "8" : 0.000000,
        "16" : 0.000000,
        "32" : 0.000000,
        "64" : 0.100000,
        ">=64" : 0.000000
      },
      "latency_ns" : {
        "2" : 0.000000,
        "4" : 0.000000,
        "10" : 0.000000,
        "20" : 0.000000,
        "50" : 0.000000,
        "100" : 0.000000,
        "250" : 0.000000,
        "500" : 0.000000,
        "750" : 0.000000,
        "1000" : 0.000000
      },
      "latency_us" : {
        "2" : 0.000000,
        "4" : 0.010000,
        "10" : 0.000000,
        "20" : 0.000000,
        "50" : 0.000000,
        "100" : 0.000000,
        "250" : 0.010000,
        "500" : 0.010000,
        "750" : 0.010000,
        "1000" : 0.010000
      },
      "latency_ms" : {
        "2" : 0.010000,
        "4" : 0.010000,
        "10" : 0.013175,
        "20" : 93.257119,
        "50" : 6.640034,
        "100" : 0.056099,
        "250" : 0.025499,
        "500" : 0.000000,
        "750" : 0.000000,
        "1000" : 0.000000,
        "2000" : 0.000000,
        ">=2000" : 0.000000
      },
      "latency_depth" : 64,
      "latency_target" : 0,
      "latency_percentile" : 100.000000,
      "latency_window" : 0
    }
  ]
}
