{
  "fio version" : "fio-3.36",
  "timestamp" : 1729395191,
  "timestamp_ms" : 1729395191497,
  "time" : "Sat Oct 19 23:33:11 2024",
  "jobs" : [
    {
      "jobname" : "benchmark_test",
      "groupid" : 0,
      "job_start" : 1729395127297,
      "error" : 0,
      "eta" : 0,
      "elapsed" : 61,
      "job options" : {
        "name" : "benchmark_test",
        "filename" : "/mnt/e/testfile",
        "size" : "500M",
        "rw" : "randrw",
        "bs" : "128k",
        "iodepth" : "64",
        "ioengine" : "libaio",
        "direct" : "1",
        "numjobs" : "1",
        "runtime" : "60"
      },
      "read" : {
        "io_bytes" : 3573415936,
        "io_kbytes" : 3489664,
        "bw_bytes" : 59555939,
        "bw" : 58160,
        "iops" : 454.375760,
        "runtime" : 60001,
        "total_ios" : 27263,
        "short_ios" : 0,
        "drop_ios" : 0,
        "slat_ns" : {
          "min" : 568557,
          "max" : 89787336,
          "mean" : 1000215.252980,
          "stddev" : 788659.868956,
          "N" : 27263
        },
        "clat_ns" : {
          "min" : 8875,
          "max" : 623066369,
          "mean" : 69405002.406375,
          "stddev" : 20475584.950774,
          "N" : 27263,
          "percentile" : {
            "1.000000" : 55836672,
            "5.000000" : 57933824,
            "10.000000" : 58982400,
            "20.000000" : 60555264,
            "30.000000" : 62128128,
            "40.000000" : 63176704,
            "50.000000" : 65273856,
            "60.000000" : 67633152,
            "70.000000" : 70778880,
            "80.000000" : 76021760,
            "90.000000" : 84410368,
            "95.000000" : 91750400,
            "99.000000" : 106430464,
            "99.500000" : 114819072,
            "99.900000" : 549453824,
            "99.950000" : 557842432,
            "99.990000" : 624951296
          }
        },
        "lat_ns" : {
          "min" : 827691,
          "max" : 624495338,
          "mean" : 70405217.659355,
          "stddev" : 20626852.189329,
          "N" : 27263
        },
        "bw_min" : 4864,
        "bw_max" : 77056,
        "bw_agg" : 100.000000,
        "bw_mean" : 58178.394958,
        "bw_dev" : 8704.961647,
        "bw_samples" : 119,
        "iops_min" : 38,
        "iops_max" : 602,
        "iops_mean" : 454.268908,
        "iops_stddev" : 68.018404,
        "iops_samples" : 119
      },
      "write" : {
        "io_bytes" : 3570008064,
        "io_kbytes" : 3486336,
        "bw_bytes" : 59499142,
        "bw" : 58104,
        "iops" : 453.942434,
        "runtime" : 60001,
        "total_ios" : 27237,
        "short_ios" : 0,
        "drop_ios" : 0,
        "slat_ns" : {
          "min" : 613980,
          "max" : 108368993,
          "mean" : 1182132.574366,
          "stddev" : 1307954.521472,
          "N" : 27237
        },
        "clat_ns" : {
          "min" : 843175,
          "max" : 624852521,
          "mean" : 69234594.182252,
          "stddev" : 20832451.291248,
          "N" : 27237,
          "percentile" : {
            "1.000000" : 55836672,
            "5.000000" : 57933824,
            "10.000000" : 58982400,
            "20.000000" : 60555264,
            "30.000000" : 62128128,
            "40.000000" : 63176704,
            "50.000000" : 64749568,
            "60.000000" : 67633152,
            "70.000000" : 69730304,
            "80.000000" : 76021760,
            "90.000000" : 84410368,
            "95.000000" : 91750400,
            "99.000000" : 104333312,
            "99.500000" : 113770496,
            "99.900000" : 541065216,
            "99.950000" : 557842432,
            "99.990000" : 624951296
          }
        },
        "lat_ns" : {
          "min" : 3093104,
          "max" : 626509291,
          "mean" : 70416726.756618,
          "stddev" : 21131154.683759,
          "N" : 27237
        },
        "bw_min" : 3072,
        "bw_max" : 73216,
        "bw_agg" : 100.000000,
        "bw_mean" : 58127.613445,
        "bw_dev" : 9188.040090,
        "bw_samples" : 119,
        "iops_min" : 24,
        "iops_max" : 572,
        "iops_mean" : 453.865546,
        "iops_stddev" : 71.816849,
        "iops_samples" : 119
      },
      "trim" : {
        "io_bytes" : 0,
        "io_kbytes" : 0,
        "bw_bytes" : 0,
        "bw" : 0,
        "iops" : 0.000000,
        "runtime" : 0,
        "total_ios" : 0,
        "short_ios" : 0,
        "drop_ios" : 0,
        "slat_ns" : {
          "min" : 0,
          "max" : 0,
          "mean" : 0.000000,
          "stddev" : 0.000000,
          "N" : 0
        },
        "clat_ns" : {
          "min" : 0,
          "max" : 0,
          "mean" : 0.000000,
          "stddev" : 0.000000,
          "N" : 0
        },
        "lat_ns" : {
          "min" : 0,
          "max" : 0,
          "mean" : 0.000000,
          "stddev" : 0.000000,
          "N" : 0
        },
        "bw_min" : 0,
        "bw_max" : 0,
        "bw_agg" : 0.000000,
        "bw_mean" : 0.000000,
        "bw_dev" : 0.000000,
        "bw_samples" : 0,
        "iops_min" : 0,
        "iops_max" : 0,
        "iops_mean" : 0.000000,
        "iops_stddev" : 0.000000,
        "iops_samples" : 0
      },
      "sync" : {
        "total_ios" : 0,
        "lat_ns" : {
          "min" : 0,
          "max" : 0,
          "mean" : 0.000000,
          "stddev" : 0.000000,
          "N" : 0
        }
      },
      "job_runtime" : 60000,
      "usr_cpu" : 1.616667,
      "sys_cpu" : 6.171667,
      "ctx" : 163504,
      "majf" : 0,
      "minf" : 14,
      "iodepth_level" : {
        "1" : 0.100000,
        "2" : 0.100000,
        "4" : 0.100000,
        "8" : 0.100000,
        "16" : 0.100000,
        "32" : 0.100000,
        ">=64" : 99.884404
      },
      "iodepth_submit" : {
        "0" : 0.000000,
        "4" : 100.000000,
        "8" : 0.000000,
        "16" : 0.000000,
        "32" : 0.000000,
        "64" : 0.000000,
        ">=64" : 0.000000
      },
      "iodepth_complete" : {
        "0" : 0.000000,
        "4" : 99.998163,
        "8" : 0.000000,
        "16" : 0.000000,
        "32" : 0.000000,
        "64" : 0.100000,
        ">=64" : 0.000000
      },
      "latency_ns" : {
        "2" : 0.000000,
        "4" : 0.000000,
        "10" : 0.000000,
        "20" : 0.000000,
        "50" : 0.000000,
        "100" : 0.000000,
        "250" : 0.000000,
        "500" : 0.000000,
        "750" : 0.000000,
        "1000" : 0.000000
      },
      "latency_us" : {
        "2" : 0.000000,
        "4" : 0.000000,
        "10" : 0.010000,
        "20" : 0.000000,
        "50" : 0.000000,
        "100" : 0.000000,
        "250" : 0.000000,
        "500" : 0.000000,
        "750" : 0.000000,
        "1000" : 0.010000
      },
      "latency_ms" : {
        "2" : 0.000000,
        "4" : 0.010000,
        "10" : 0.012844,
        "20" : 0.020183,
        "50" : 0.055046,
        "100" : 98.071560,
        "250" : 1.713761,
        "500" : 0.011009,
        "750" : 0.110092,
        "1000" : 0.000000,
        "2000" : 0.000000,
        ">=2000" : 0.000000
      },
      "latency_depth" : 64,
      "latency_target" : 0,
      "latency_percentile" : 100.000000,
      "latency_window" : 0
    }
  ]
}
