{
  "fio version" : "fio-3.36",
  "timestamp" : 1729390509,
  "timestamp_ms" : 1729390509536,
  "time" : "Sat Oct 19 22:15:09 2024",
  "jobs" : [
    {
      "jobname" : "benchmark_test",
      "groupid" : 0,
      "job_start" : 1729390443850,
      "error" : 0,
      "eta" : 0,
      "elapsed" : 61,
      "job options" : {
        "name" : "benchmark_test",
        "filename" : "/mnt/e/testfile",
        "size" : "500M",
        "rw" : "rw",
        "bs" : "16k",
        "iodepth" : "1",
        "ioengine" : "libaio",
        "direct" : "1",
        "numjobs" : "1",
        "runtime" : "60"
      },
      "read" : {
        "io_bytes" : 1380614144,
        "io_kbytes" : 1348256,
        "bw_bytes" : 23009852,
        "bw" : 22470,
        "iops" : 1404.409927,
        "runtime" : 60001,
        "total_ios" : 84266,
        "short_ios" : 0,
        "drop_ios" : 0,
        "slat_ns" : {
          "min" : 110592,
          "max" : 46497838,
          "mean" : 362548.399248,
          "stddev" : 489942.694953,
          "N" : 84266
        },
        "clat_ns" : {
          "min" : 825,
          "max" : 521051,
          "mean" : 3882.740607,
          "stddev" : 4383.708528,
          "N" : 84266,
          "percentile" : {
            "1.000000" : 972,
            "5.000000" : 1112,
            "10.000000" : 1304,
            "20.000000" : 1640,
            "30.000000" : 2448,
            "40.000000" : 3024,
            "50.000000" : 3472,
            "60.000000" : 3920,
            "70.000000" : 4448,
            "80.000000" : 5024,
            "90.000000" : 5984,
            "95.000000" : 7328,
            "99.000000" : 14016,
            "99.500000" : 25472,
            "99.900000" : 54016,
            "99.950000" : 76288,
            "99.990000" : 125440
          }
        },
        "lat_ns" : {
          "min" : 112053,
          "max" : 46509224,
          "mean" : 366431.139855,
          "stddev" : 491222.674545,
          "N" : 84266
        },
        "bw_min" : 7296,
        "bw_max" : 43296,
        "bw_agg" : 99.979713,
        "bw_mean" : 22466.100840,
        "bw_dev" : 8974.270645,
        "bw_samples" : 119,
        "iops_min" : 456,
        "iops_max" : 2706,
        "iops_mean" : 1403.974790,
        "iops_stddev" : 560.874506,
        "iops_samples" : 119
      },
      "write" : {
        "io_bytes" : 1375453184,
        "io_kbytes" : 1343216,
        "bw_bytes" : 22923837,
        "bw" : 22386,
        "iops" : 1399.160014,
        "runtime" : 60001,
        "total_ios" : 83951,
        "short_ios" : 0,
        "drop_ios" : 0,
        "slat_ns" : {
          "min" : 130164,
          "max" : 42565818,
          "mean" : 337363.925599,
          "stddev" : 379353.545202,
          "N" : 83951
        },
        "clat_ns" : {
          "min" : 888,
          "max" : 145755,
          "mean" : 4004.658241,
          "stddev" : 3257.750526,
          "N" : 83951,
          "percentile" : {
            "1.000000" : 1048,
            "5.000000" : 1192,
            "10.000000" : 1416,
            "20.000000" : 1864,
            "30.000000" : 2672,
            "40.000000" : 3248,
            "50.000000" : 3728,
            "60.000000" : 4192,
            "70.000000" : 4704,
            "80.000000" : 5280,
            "90.000000" : 6176,
            "95.000000" : 7328,
            "99.000000" : 13376,
            "99.500000" : 18560,
            "99.900000" : 41216,
            "99.950000" : 57088,
            "99.990000" : 86528
          }
        },
        "lat_ns" : {
          "min" : 131846,
          "max" : 42578894,
          "mean" : 341368.583841,
          "stddev" : 380484.448532,
          "N" : 83951
        },
        "bw_min" : 7904,
        "bw_max" : 42720,
        "bw_agg" : 99.957298,
        "bw_mean" : 22377.705882,
        "bw_dev" : 9024.097345,
        "bw_samples" : 119,
        "iops_min" : 494,
        "iops_max" : 2670,
        "iops_mean" : 1398.478992,
        "iops_stddev" : 563.989284,
        "iops_samples" : 119
      },
      "trim" : {
        "io_bytes" : 0,
        "io_kbytes" : 0,
        "bw_bytes" : 0,
        "bw" : 0,
        "iops" : 0.000000,
        "runtime" : 0,
        "total_ios" : 0,
        "short_ios" : 0,
        "drop_ios" : 0,
        "slat_ns" : {
          "min" : 0,
          "max" : 0,
          "mean" : 0.000000,
          "stddev" : 0.000000,
          "N" : 0
        },
        "clat_ns" : {
          "min" : 0,
          "max" : 0,
          "mean" : 0.000000,
          "stddev" : 0.000000,
          "N" : 0
        },
        "lat_ns" : {
          "min" : 0,
          "max" : 0,
          "mean" : 0.000000,
          "stddev" : 0.000000,
          "N" : 0
        },
        "bw_min" : 0,
        "bw_max" : 0,
        "bw_agg" : 0.000000,
        "bw_mean" : 0.000000,
        "bw_dev" : 0.000000,
        "bw_samples" : 0,
        "iops_min" : 0,
        "iops_max" : 0,
        "iops_mean" : 0.000000,
        "iops_stddev" : 0.000000,
        "iops_samples" : 0
      },
      "sync" : {
        "total_ios" : 0,
        "lat_ns" : {
          "min" : 0,
          "max" : 0,
          "mean" : 0.000000,
          "stddev" : 0.000000,
          "N" : 0
        }
      },
      "job_runtime" : 60000,
      "usr_cpu" : 2.800000,
      "sys_cpu" : 7.806667,
      "ctx" : 168223,
      "majf" : 0,
      "minf" : 13,
      "iodepth_level" : {
        "1" : 100.000000,
        "2" : 0.000000,
        "4" : 0.000000,
        "8" : 0.000000,
        "16" : 0.000000,
        "32" : 0.000000,
        ">=64" : 0.000000
      },
      "iodepth_submit" : {
        "0" : 0.000000,
        "4" : 100.000000,
        "8" : 0.000000,
        "16" : 0.000000,
        "32" : 0.000000,
        "64" : 0.000000,
        ">=64" : 0.000000
      },
      "iodepth_complete" : {
        "0" : 0.000000,
        "4" : 100.000000,
        "8" : 0.000000,
        "16" : 0.000000,
        "32" : 0.000000,
        "64" : 0.000000,
        ">=64" : 0.000000
      },
      "latency_ns" : {
        "2" : 0.000000,
        "4" : 0.000000,
        "10" : 0.000000,
        "20" : 0.000000,
        "50" : 0.000000,
        "100" : 0.000000,
        "250" : 0.000000,
        "500" : 0.000000,
        "750" : 0.000000,
        "1000" : 1.020705
      },
      "latency_us" : {
        "2" : 22.518533,
        "4" : 35.372763,
        "10" : 38.815934,
        "20" : 1.725153,
        "50" : 0.454770,
        "100" : 0.078470,
        "250" : 0.013078,
        "500" : 0.000000,
        "750" : 0.010000,
        "1000" : 0.000000
      },
      "latency_ms" : {
        "2" : 0.000000,
        "4" : 0.000000,
        "10" : 0.000000,
        "20" : 0.000000,
        "50" : 0.000000,
        "100" : 0.000000,
        "250" : 0.000000,
        "500" : 0.000000,
        "750" : 0.000000,
        "1000" : 0.000000,
        "2000" : 0.000000,
        ">=2000" : 0.000000
      },
      "latency_depth" : 1,
      "latency_target" : 0,
      "latency_percentile" : 100.000000,
      "latency_window" : 0
    }
  ]
}
