{
  "fio version" : "fio-3.36",
  "timestamp" : 1729394362,
  "timestamp_ms" : 1729394362251,
  "time" : "Sat Oct 19 23:19:22 2024",
  "jobs" : [
    {
      "jobname" : "benchmark_test",
      "groupid" : 0,
      "job_start" : 1729394298853,
      "error" : 0,
      "eta" : 0,
      "elapsed" : 61,
      "job options" : {
        "name" : "benchmark_test",
        "filename" : "/mnt/e/testfile",
        "size" : "500M",
        "rw" : "rw",
        "bs" : "128k",
        "iodepth" : "1",
        "ioengine" : "libaio",
        "direct" : "1",
        "numjobs" : "1",
        "runtime" : "60"
      },
      "read" : {
        "io_bytes" : 3213099008,
        "io_kbytes" : 3137792,
        "bw_bytes" : 53550757,
        "bw" : 52295,
        "iops" : 408.559857,
        "runtime" : 60001,
        "total_ios" : 24514,
        "short_ios" : 0,
        "drop_ios" : 0,
        "slat_ns" : {
          "min" : 583353,
          "max" : 289292670,
          "mean" : 1135946.748715,
          "stddev" : 2988891.148887,
          "N" : 24514
        },
        "clat_ns" : {
          "min" : 994,
          "max" : 182884,
          "mean" : 5330.525781,
          "stddev" : 5454.839350,
          "N" : 24514,
          "percentile" : {
            "1.000000" : 1368,
            "5.000000" : 1880,
            "10.000000" : 2288,
            "20.000000" : 2832,
            "30.000000" : 3248,
            "40.000000" : 3632,
            "50.000000" : 4048,
            "60.000000" : 4640,
            "70.000000" : 5408,
            "80.000000" : 6688,
            "90.000000" : 9024,
            "95.000000" : 11840,
            "99.000000" : 24960,
            "99.500000" : 36096,
            "99.900000" : 66048,
            "99.950000" : 89600,
            "99.990000" : 166912
          }
        },
        "lat_ns" : {
          "min" : 584688,
          "max" : 289307634,
          "mean" : 1141277.274496,
          "stddev" : 2989437.021515,
          "N" : 24514
        },
        "bw_min" : 1280,
        "bw_max" : 68844,
        "bw_agg" : 99.954755,
        "bw_mean" : 52272.722689,
        "bw_dev" : 13875.976270,
        "bw_samples" : 119,
        "iops_min" : 10,
        "iops_max" : 537,
        "iops_mean" : 408.151261,
        "iops_stddev" : 108.321449,
        "iops_samples" : 119
      },
      "write" : {
        "io_bytes" : 3201433600,
        "io_kbytes" : 3126400,
        "bw_bytes" : 53356337,
        "bw" : 52105,
        "iops" : 407.076549,
        "runtime" : 60001,
        "total_ios" : 24425,
        "short_ios" : 0,
        "drop_ios" : 0,
        "slat_ns" : {
          "min" : 642425,
          "max" : 194502489,
          "mean" : 1297106.511116,
          "stddev" : 2079324.475484,
          "N" : 24425
        },
        "clat_ns" : {
          "min" : 1080,
          "max" : 1702525,
          "mean" : 6016.063009,
          "stddev" : 12253.141278,
          "N" : 24425,
          "percentile" : {
            "1.000000" : 1736,
            "5.000000" : 2416,
            "10.000000" : 2800,
            "20.000000" : 3216,
            "30.000000" : 3600,
            "40.000000" : 3984,
            "50.000000" : 4512,
            "60.000000" : 5152,
            "70.000000" : 6048,
            "80.000000" : 7520,
            "90.000000" : 10176,
            "95.000000" : 12864,
            "99.000000" : 27264,
            "99.500000" : 38656,
            "99.900000" : 70144,
            "99.950000" : 95744,
            "99.990000" : 191488
          }
        },
        "lat_ns" : {
          "min" : 645035,
          "max" : 194517305,
          "mean" : 1303122.574125,
          "stddev" : 2080268.604902,
          "N" : 24425
        },
        "bw_min" : 2048,
        "bw_max" : 70656,
        "bw_agg" : 99.960085,
        "bw_mean" : 52085.084034,
        "bw_dev" : 14129.292666,
        "bw_samples" : 119,
        "iops_min" : 16,
        "iops_max" : 552,
        "iops_mean" : 406.680672,
        "iops_stddev" : 110.305119,
        "iops_samples" : 119
      },
      "trim" : {
        "io_bytes" : 0,
        "io_kbytes" : 0,
        "bw_bytes" : 0,
        "bw" : 0,
        "iops" : 0.000000,
        "runtime" : 0,
        "total_ios" : 0,
        "short_ios" : 0,
        "drop_ios" : 0,
        "slat_ns" : {
          "min" : 0,
          "max" : 0,
          "mean" : 0.000000,
          "stddev" : 0.000000,
          "N" : 0
        },
        "clat_ns" : {
          "min" : 0,
          "max" : 0,
          "mean" : 0.000000,
          "stddev" : 0.000000,
          "N" : 0
        },
        "lat_ns" : {
          "min" : 0,
          "max" : 0,
          "mean" : 0.000000,
          "stddev" : 0.000000,
          "N" : 0
        },
        "bw_min" : 0,
        "bw_max" : 0,
        "bw_agg" : 0.000000,
        "bw_mean" : 0.000000,
        "bw_dev" : 0.000000,
        "bw_samples" : 0,
        "iops_min" : 0,
        "iops_max" : 0,
        "iops_mean" : 0.000000,
        "iops_stddev" : 0.000000,
        "iops_samples" : 0
      },
      "sync" : {
        "total_ios" : 0,
        "lat_ns" : {
          "min" : 0,
          "max" : 0,
          "mean" : 0.000000,
          "stddev" : 0.000000,
          "N" : 0
        }
      },
      "job_runtime" : 60000,
      "usr_cpu" : 1.228333,
      "sys_cpu" : 6.058333,
      "ctx" : 146824,
      "majf" : 0,
      "minf" : 15,
      "iodepth_level" : {
        "1" : 100.000000,
        "2" : 0.000000,
        "4" : 0.000000,
        "8" : 0.000000,
        "16" : 0.000000,
        "32" : 0.000000,
        ">=64" : 0.000000
      },
      "iodepth_submit" : {
        "0" : 0.000000,
        "4" : 100.000000,
        "8" : 0.000000,
        "16" : 0.000000,
        "32" : 0.000000,
        "64" : 0.000000,
        ">=64" : 0.000000
      },
      "iodepth_complete" : {
        "0" : 0.000000,
        "4" : 100.000000,
        "8" : 0.000000,
        "16" : 0.000000,
        "32" : 0.000000,
        "64" : 0.000000,
        ">=64" : 0.000000
      },
      "latency_ns" : {
        "2" : 0.000000,
        "4" : 0.000000,
        "10" : 0.000000,
        "20" : 0.000000,
        "50" : 0.000000,
        "100" : 0.000000,
        "250" : 0.000000,
        "500" : 0.000000,
        "750" : 0.000000,
        "1000" : 0.010000
      },
      "latency_us" : {
        "2" : 4.223625,
        "4" : 40.329798,
        "10" : 46.463965,
        "20" : 7.323403,
        "50" : 1.440569,
        "100" : 0.175729,
        "250" : 0.036780,
        "500" : 0.000000,
        "750" : 0.000000,
        "1000" : 0.000000
      },
      "latency_ms" : {
        "2" : 0.010000,
        "4" : 0.000000,
        "10" : 0.000000,
        "20" : 0.000000,
        "50" : 0.000000,
        "100" : 0.000000,
        "250" : 0.000000,
        "500" : 0.000000,
        "750" : 0.000000,
        "1000" : 0.000000,
        "2000" : 0.000000,
        ">=2000" : 0.000000
      },
      "latency_depth" : 1,
      "latency_target" : 0,
      "latency_percentile" : 100.000000,
      "latency_window" : 0
    }
  ]
}
