{
  "fio version" : "fio-3.36",
  "timestamp" : 1729395958,
  "timestamp_ms" : 1729395958514,
  "time" : "Sat Oct 19 23:45:58 2024",
  "jobs" : [
    {
      "jobname" : "benchmark_test",
      "groupid" : 0,
      "job_start" : 1729395894590,
      "error" : 0,
      "eta" : 0,
      "elapsed" : 61,
      "job options" : {
        "name" : "benchmark_test",
        "filename" : "/mnt/e/testfile",
        "size" : "500M",
        "rw" : "randrw",
        "bs" : "128k",
        "iodepth" : "1024",
        "ioengine" : "libaio",
        "direct" : "1",
        "numjobs" : "1",
        "runtime" : "60"
      },
      "read" : {
        "io_bytes" : 2364801024,
        "io_kbytes" : 2309376,
        "bw_bytes" : 39412036,
        "bw" : 38488,
        "iops" : 300.689977,
        "runtime" : 60002,
        "total_ios" : 18042,
        "short_ios" : 0,
        "drop_ios" : 0,
        "slat_ns" : {
          "min" : 483634,
          "max" : 134153844,
          "mean" : 1535033.530928,
          "stddev" : 1850675.927593,
          "N" : 18042
        },
        "clat_ns" : {
          "min" : 2172460,
          "max" : 3730982568,
          "mean" : 1662897191.302188,
          "stddev" : 536768542.225920,
          "N" : 18042,
          "percentile" : {
            "1.000000" : 566231040,
            "5.000000" : 1082130432,
            "10.000000" : 1115684864,
            "20.000000" : 1233125376,
            "30.000000" : 1317011456,
            "40.000000" : 1417674752,
            "50.000000" : 1535115264,
            "60.000000" : 1702887424,
            "70.000000" : 1887436800,
            "80.000000" : 2105540608,
            "90.000000" : 2399141888,
            "95.000000" : 2634022912,
            "99.000000" : 3338665984,
            "99.500000" : 3372220416,
            "99.900000" : 3707764736,
            "99.950000" : 3707764736,
            "99.990000" : 3741319168
          }
        },
        "lat_ns" : {
          "min" : 3033395,
          "max" : 3733092785,
          "mean" : 1664432224.833119,
          "stddev" : 537156197.763248,
          "N" : 18042
        },
        "bw_min" : 8431,
        "bw_max" : 66304,
        "bw_agg" : 100.000000,
        "bw_mean" : 39090.175439,
        "bw_dev" : 12753.430030,
        "bw_samples" : 114,
        "iops_min" : 65,
        "iops_max" : 518,
        "iops_mean" : 305.342105,
        "iops_stddev" : 99.683111,
        "iops_samples" : 114
      },
      "write" : {
        "io_bytes" : 2370830336,
        "io_kbytes" : 2315264,
        "bw_bytes" : 39512521,
        "bw" : 38586,
        "iops" : 301.456618,
        "runtime" : 60002,
        "total_ios" : 18088,
        "short_ios" : 0,
        "drop_ios" : 0,
        "slat_ns" : {
          "min" : 550280,
          "max" : 142264460,
          "mean" : 1761749.689076,
          "stddev" : 2010339.568237,
          "N" : 18088
        },
        "clat_ns" : {
          "min" : 15883,
          "max" : 3730855191,
          "mean" : 1662947891.680396,
          "stddev" : 537936432.951571,
          "N" : 18088,
          "percentile" : {
            "1.000000" : 505413632,
            "5.000000" : 1082130432,
            "10.000000" : 1132462080,
            "20.000000" : 1233125376,
            "30.000000" : 1317011456,
            "40.000000" : 1400897536,
            "50.000000" : 1535115264,
            "60.000000" : 1719664640,
            "70.000000" : 1904214016,
            "80.000000" : 2105540608,
            "90.000000" : 2399141888,
            "95.000000" : 2667577344,
            "99.000000" : 3338665984,
            "99.500000" : 3372220416,
            "99.900000" : 3707764736,
            "99.950000" : 3707764736,
            "99.990000" : 3741319168
          }
        },
        "lat_ns" : {
          "min" : 1350992,
          "max" : 3733353102,
          "mean" : 1664709641.369464,
          "stddev" : 538375591.589010,
          "N" : 18088
        },
        "bw_min" : 9197,
        "bw_max" : 70144,
        "bw_agg" : 100.000000,
        "bw_mean" : 39056.403509,
        "bw_dev" : 12818.333317,
        "bw_samples" : 114,
        "iops_min" : 71,
        "iops_max" : 548,
        "iops_mean" : 305.078947,
        "iops_stddev" : 100.186299,
        "iops_samples" : 114
      },
      "trim" : {
        "io_bytes" : 0,
        "io_kbytes" : 0,
        "bw_bytes" : 0,
        "bw" : 0,
        "iops" : 0.000000,
        "runtime" : 0,
        "total_ios" : 0,
        "short_ios" : 0,
        "drop_ios" : 0,
        "slat_ns" : {
          "min" : 0,
          "max" : 0,
          "mean" : 0.000000,
          "stddev" : 0.000000,
          "N" : 0
        },
        "clat_ns" : {
          "min" : 0,
          "max" : 0,
          "mean" : 0.000000,
          "stddev" : 0.000000,
          "N" : 0
        },
        "lat_ns" : {
          "min" : 0,
          "max" : 0,
          "mean" : 0.000000,
          "stddev" : 0.000000,
          "N" : 0
        },
        "bw_min" : 0,
        "bw_max" : 0,
        "bw_agg" : 0.000000,
        "bw_mean" : 0.000000,
        "bw_dev" : 0.000000,
        "bw_samples" : 0,
        "iops_min" : 0,
        "iops_max" : 0,
        "iops_mean" : 0.000000,
        "iops_stddev" : 0.000000,
        "iops_samples" : 0
      },
      "sync" : {
        "total_ios" : 0,
        "lat_ns" : {
          "min" : 0,
          "max" : 0,
          "mean" : 0.000000,
          "stddev" : 0.000000,
          "N" : 0
        }
      },
      "job_runtime" : 60001,
      "usr_cpu" : 1.331644,
      "sys_cpu" : 4.668256,
      "ctx" : 108394,
      "majf" : 0,
      "minf" : 15,
      "iodepth_level" : {
        "1" : 0.100000,
        "2" : 0.100000,
        "4" : 0.100000,
        "8" : 0.100000,
        "16" : 0.100000,
        "32" : 0.100000,
        ">=64" : 99.825630
      },
      "iodepth_submit" : {
        "0" : 0.000000,
        "4" : 100.000000,
        "8" : 0.000000,
        "16" : 0.000000,
        "32" : 0.000000,
        "64" : 0.000000,
        ">=64" : 0.000000
      },
      "iodepth_complete" : {
        "0" : 0.000000,
        "4" : 99.997152,
        "8" : 0.000000,
        "16" : 0.000000,
        "32" : 0.000000,
        "64" : 0.000000,
        ">=64" : 0.100000
      },
      "latency_ns" : {
        "2" : 0.000000,
        "4" : 0.000000,
        "10" : 0.000000,
        "20" : 0.000000,
        "50" : 0.000000,
        "100" : 0.000000,
        "250" : 0.000000,
        "500" : 0.000000,
        "750" : 0.000000,
        "1000" : 0.000000
      },
      "latency_us" : {
        "2" : 0.000000,
        "4" : 0.000000,
        "10" : 0.000000,
        "20" : 0.010000,
        "50" : 0.000000,
        "100" : 0.000000,
        "250" : 0.000000,
        "500" : 0.000000,
        "750" : 0.000000,
        "1000" : 0.000000
      },
      "latency_ms" : {
        "2" : 0.010000,
        "4" : 0.010000,
        "10" : 0.013839,
        "20" : 0.030446,
        "50" : 0.080266,
        "100" : 0.124550,
        "250" : 0.287849,
        "500" : 0.376418,
        "750" : 0.415167,
        "1000" : 1.890396,
        "2000" : 71.367285,
        ">=2000" : 25.399945
      },
      "latency_depth" : 1024,
      "latency_target" : 0,
      "latency_percentile" : 100.000000,
      "latency_window" : 0
    }
  ]
}
