{
  "fio version" : "fio-3.36",
  "timestamp" : 1729392116,
  "timestamp_ms" : 1729392116409,
  "time" : "Sat Oct 19 22:41:56 2024",
  "jobs" : [
    {
      "jobname" : "benchmark_test",
      "groupid" : 0,
      "job_start" : 1729392052822,
      "error" : 0,
      "eta" : 0,
      "elapsed" : 61,
      "job options" : {
        "name" : "benchmark_test",
        "filename" : "/mnt/e/testfile",
        "size" : "500M",
        "rw" : "randrw",
        "bs" : "16k",
        "iodepth" : "1024",
        "ioengine" : "libaio",
        "direct" : "1",
        "numjobs" : "1",
        "runtime" : "60"
      },
      "read" : {
        "io_bytes" : 2423128064,
        "io_kbytes" : 2366336,
        "bw_bytes" : 40384794,
        "bw" : 39438,
        "iops" : 2464.892252,
        "runtime" : 60001,
        "total_ios" : 147896,
        "short_ios" : 0,
        "drop_ios" : 0,
        "slat_ns" : {
          "min" : 96690,
          "max" : 51186923,
          "mean" : 187221.796073,
          "stddev" : 146867.242468,
          "N" : 147896
        },
        "clat_ns" : {
          "min" : 18049,
          "max" : 487422873,
          "mean" : 206674968.886629,
          "stddev" : 33519088.779845,
          "N" : 147896,
          "percentile" : {
            "1.000000" : 175112192,
            "5.000000" : 181403648,
            "10.000000" : 183500800,
            "20.000000" : 187695104,
            "30.000000" : 191889408,
            "40.000000" : 193986560,
            "50.000000" : 198180864,
            "60.000000" : 202375168,
            "70.000000" : 206569472,
            "80.000000" : 214958080,
            "90.000000" : 235929600,
            "95.000000" : 265289728,
            "99.000000" : 354418688,
            "99.500000" : 379584512,
            "99.900000" : 480247808,
            "99.950000" : 484442112,
            "99.990000" : 488636416
          }
        },
        "lat_ns" : {
          "min" : 317327,
          "max" : 487618627,
          "mean" : 206862190.682701,
          "stddev" : 33545307.833716,
          "N" : 147896
        },
        "bw_min" : 5632,
        "bw_max" : 45952,
        "bw_agg" : 99.791382,
        "bw_mean" : 39356.050420,
        "bw_dev" : 5863.763963,
        "bw_samples" : 119,
        "iops_min" : 352,
        "iops_max" : 2872,
        "iops_mean" : 2459.739496,
        "iops_stddev" : 366.481679,
        "iops_samples" : 119
      },
      "write" : {
        "io_bytes" : 2426961920,
        "io_kbytes" : 2370080,
        "bw_bytes" : 40448691,
        "bw" : 39500,
        "iops" : 2468.792187,
        "runtime" : 60001,
        "total_ios" : 148130,
        "short_ios" : 0,
        "drop_ios" : 0,
        "slat_ns" : {
          "min" : 116293,
          "max" : 49493181,
          "mean" : 210212.258800,
          "stddev" : 156675.437616,
          "N" : 148130
        },
        "clat_ns" : {
          "min" : 328469,
          "max" : 487409804,
          "mean" : 206739404.529830,
          "stddev" : 33633400.880157,
          "N" : 148130,
          "percentile" : {
            "1.000000" : 175112192,
            "5.000000" : 181403648,
            "10.000000" : 183500800,
            "20.000000" : 187695104,
            "30.000000" : 191889408,
            "40.000000" : 193986560,
            "50.000000" : 198180864,
            "60.000000" : 202375168,
            "70.000000" : 206569472,
            "80.000000" : 214958080,
            "90.000000" : 235929600,
            "95.000000" : 265289728,
            "99.000000" : 358612992,
            "99.500000" : 379584512,
            "99.900000" : 480247808,
            "99.950000" : 484442112,
            "99.990000" : 484442112
          }
        },
        "lat_ns" : {
          "min" : 711738,
          "max" : 487629808,
          "mean" : 206949616.788630,
          "stddev" : 33663231.852857,
          "N" : 148130
        },
        "bw_min" : 5824,
        "bw_max" : 46112,
        "bw_agg" : 99.750195,
        "bw_mean" : 39402.294118,
        "bw_dev" : 5736.568500,
        "bw_samples" : 119,
        "iops_min" : 364,
        "iops_max" : 2882,
        "iops_mean" : 2462.638655,
        "iops_stddev" : 358.532478,
        "iops_samples" : 119
      },
      "trim" : {
        "io_bytes" : 0,
        "io_kbytes" : 0,
        "bw_bytes" : 0,
        "bw" : 0,
        "iops" : 0.000000,
        "runtime" : 0,
        "total_ios" : 0,
        "short_ios" : 0,
        "drop_ios" : 0,
        "slat_ns" : {
          "min" : 0,
          "max" : 0,
          "mean" : 0.000000,
          "stddev" : 0.000000,
          "N" : 0
        },
        "clat_ns" : {
          "min" : 0,
          "max" : 0,
          "mean" : 0.000000,
          "stddev" : 0.000000,
          "N" : 0
        },
        "lat_ns" : {
          "min" : 0,
          "max" : 0,
          "mean" : 0.000000,
          "stddev" : 0.000000,
          "N" : 0
        },
        "bw_min" : 0,
        "bw_max" : 0,
        "bw_agg" : 0.000000,
        "bw_mean" : 0.000000,
        "bw_dev" : 0.000000,
        "bw_samples" : 0,
        "iops_min" : 0,
        "iops_max" : 0,
        "iops_mean" : 0.000000,
        "iops_stddev" : 0.000000,
        "iops_samples" : 0
      },
      "sync" : {
        "total_ios" : 0,
        "lat_ns" : {
          "min" : 0,
          "max" : 0,
          "mean" : 0.000000,
          "stddev" : 0.000000,
          "N" : 0
        }
      },
      "job_runtime" : 60000,
      "usr_cpu" : 2.685000,
      "sys_cpu" : 7.555000,
      "ctx" : 296033,
      "majf" : 0,
      "minf" : 14,
      "iodepth_level" : {
        "1" : 0.100000,
        "2" : 0.100000,
        "4" : 0.100000,
        "8" : 0.100000,
        "16" : 0.100000,
        "32" : 0.100000,
        ">=64" : 99.978718
      },
      "iodepth_submit" : {
        "0" : 0.000000,
        "4" : 100.000000,
        "8" : 0.000000,
        "16" : 0.000000,
        "32" : 0.000000,
        "64" : 0.000000,
        ">=64" : 0.000000
      },
      "iodepth_complete" : {
        "0" : 0.000000,
        "4" : 99.999661,
        "8" : 0.000000,
        "16" : 0.000000,
        "32" : 0.000000,
        "64" : 0.000000,
        ">=64" : 0.100000
      },
      "latency_ns" : {
        "2" : 0.000000,
        "4" : 0.000000,
        "10" : 0.000000,
        "20" : 0.000000,
        "50" : 0.000000,
        "100" : 0.000000,
        "250" : 0.000000,
        "500" : 0.000000,
        "750" : 0.000000,
        "1000" : 0.000000
      },
      "latency_us" : {
        "2" : 0.000000,
        "4" : 0.000000,
        "10" : 0.000000,
        "20" : 0.010000,
        "50" : 0.000000,
        "100" : 0.000000,
        "250" : 0.000000,
        "500" : 0.010000,
        "750" : 0.010000,
        "1000" : 0.000000
      },
      "latency_ms" : {
        "2" : 0.010000,
        "4" : 0.010000,
        "10" : 0.010000,
        "20" : 0.010472,
        "50" : 0.038848,
        "100" : 0.076345,
        "250" : 92.709762,
        "500" : 7.152750,
        "750" : 0.000000,
        "1000" : 0.000000,
        "2000" : 0.000000,
        ">=2000" : 0.000000
      },
      "latency_depth" : 1024,
      "latency_target" : 0,
      "latency_percentile" : 100.000000,
      "latency_window" : 0
    }
  ]
}
