{
  "fio version" : "fio-3.36",
  "timestamp" : 1729389995,
  "timestamp_ms" : 1729389995659,
  "time" : "Sat Oct 19 22:06:35 2024",
  "jobs" : [
    {
      "jobname" : "benchmark_test",
      "groupid" : 0,
      "job_start" : 1729389932352,
      "error" : 0,
      "eta" : 0,
      "elapsed" : 61,
      "job options" : {
        "name" : "benchmark_test",
        "filename" : "/mnt/e/testfile",
        "size" : "500M",
        "rw" : "randread",
        "bs" : "4k",
        "iodepth" : "1024",
        "ioengine" : "libaio",
        "direct" : "1",
        "numjobs" : "1",
        "runtime" : "60"
      },
      "read" : {
        "io_bytes" : 1454686208,
        "io_kbytes" : 1420592,
        "bw_bytes" : 24244366,
        "bw" : 23676,
        "iops" : 5919.034683,
        "runtime" : 60001,
        "total_ios" : 355148,
        "short_ios" : 0,
        "drop_ios" : 0,
        "slat_ns" : {
          "min" : 84713,
          "max" : 31845084,
          "mean" : 165560.166457,
          "stddev" : 119692.477758,
          "N" : 355148
        },
        "clat_ns" : {
          "min" : 11441,
          "max" : 330963977,
          "mean" : 172603467.637917,
          "stddev" : 29937389.168194,
          "N" : 355148,
          "percentile" : {
            "1.000000" : 141557760,
            "5.000000" : 145752064,
            "10.000000" : 149946368,
            "20.000000" : 154140672,
            "30.000000" : 158334976,
            "40.000000" : 160432128,
            "50.000000" : 164626432,
            "60.000000" : 168820736,
            "70.000000" : 173015040,
            "80.000000" : 181403648,
            "90.000000" : 206569472,
            "95.000000" : 242221056,
            "99.000000" : 287309824,
            "99.500000" : 316669952,
            "99.900000" : 325058560,
            "99.950000" : 325058560,
            "99.990000" : 329252864
          }
        },
        "lat_ns" : {
          "min" : 180094,
          "max" : 331162677,
          "mean" : 172769027.804378,
          "stddev" : 29961669.685592,
          "N" : 355148
        },
        "bw_min" : 13296,
        "bw_max" : 27584,
        "bw_agg" : 99.927612,
        "bw_mean" : 23659.445378,
        "bw_dev" : 3246.149687,
        "bw_samples" : 119,
        "iops_min" : 3324,
        "iops_max" : 6896,
        "iops_mean" : 5914.655462,
        "iops_stddev" : 811.488979,
        "iops_samples" : 119
      },
      "write" : {
        "io_bytes" : 0,
        "io_kbytes" : 0,
        "bw_bytes" : 0,
        "bw" : 0,
        "iops" : 0.000000,
        "runtime" : 0,
        "total_ios" : 0,
        "short_ios" : 0,
        "drop_ios" : 0,
        "slat_ns" : {
          "min" : 0,
          "max" : 0,
          "mean" : 0.000000,
          "stddev" : 0.000000,
          "N" : 0
        },
        "clat_ns" : {
          "min" : 0,
          "max" : 0,
          "mean" : 0.000000,
          "stddev" : 0.000000,
          "N" : 0
        },
        "lat_ns" : {
          "min" : 0,
          "max" : 0,
          "mean" : 0.000000,
          "stddev" : 0.000000,
          "N" : 0
        },
        "bw_min" : 0,
        "bw_max" : 0,
        "bw_agg" : 0.000000,
        "bw_mean" : 0.000000,
        "bw_dev" : 0.000000,
        "bw_samples" : 0,
        "iops_min" : 0,
        "iops_max" : 0,
        "iops_mean" : 0.000000,
        "iops_stddev" : 0.000000,
        "iops_samples" : 0
      },
      "trim" : {
        "io_bytes" : 0,
        "io_kbytes" : 0,
        "bw_bytes" : 0,
        "bw" : 0,
        "iops" : 0.000000,
        "runtime" : 0,
        "total_ios" : 0,
        "short_ios" : 0,
        "drop_ios" : 0,
        "slat_ns" : {
          "min" : 0,
          "max" : 0,
          "mean" : 0.000000,
          "stddev" : 0.000000,
          "N" : 0
        },
        "clat_ns" : {
          "min" : 0,
          "max" : 0,
          "mean" : 0.000000,
          "stddev" : 0.000000,
          "N" : 0
        },
        "lat_ns" : {
          "min" : 0,
          "max" : 0,
          "mean" : 0.000000,
          "stddev" : 0.000000,
          "N" : 0
        },
        "bw_min" : 0,
        "bw_max" : 0,
        "bw_agg" : 0.000000,
        "bw_mean" : 0.000000,
        "bw_dev" : 0.000000,
        "bw_samples" : 0,
        "iops_min" : 0,
        "iops_max" : 0,
        "iops_mean" : 0.000000,
        "iops_stddev" : 0.000000,
        "iops_samples" : 0
      },
      "sync" : {
        "total_ios" : 0,
        "lat_ns" : {
          "min" : 0,
          "max" : 0,
          "mean" : 0.000000,
          "stddev" : 0.000000,
          "N" : 0
        }
      },
      "job_runtime" : 60000,
      "usr_cpu" : 2.833333,
      "sys_cpu" : 6.265000,
      "ctx" : 355158,
      "majf" : 0,
      "minf" : 1034,
      "iodepth_level" : {
        "1" : 0.100000,
        "2" : 0.100000,
        "4" : 0.100000,
        "8" : 0.100000,
        "16" : 0.100000,
        "32" : 0.100000,
        ">=64" : 99.982261
      },
      "iodepth_submit" : {
        "0" : 0.000000,
        "4" : 100.000000,
        "8" : 0.000000,
        "16" : 0.000000,
        "32" : 0.000000,
        "64" : 0.000000,
        ">=64" : 0.000000
      },
      "iodepth_complete" : {
        "0" : 0.000000,
        "4" : 99.999718,
        "8" : 0.000000,
        "16" : 0.000000,
        "32" : 0.000000,
        "64" : 0.000000,
        ">=64" : 0.100000
      },
      "latency_ns" : {
        "2" : 0.000000,
        "4" : 0.000000,
        "10" : 0.000000,
        "20" : 0.000000,
        "50" : 0.000000,
        "100" : 0.000000,
        "250" : 0.000000,
        "500" : 0.000000,
        "750" : 0.000000,
        "1000" : 0.000000
      },
      "latency_us" : {
        "2" : 0.000000,
        "4" : 0.000000,
        "10" : 0.000000,
        "20" : 0.010000,
        "50" : 0.000000,
        "100" : 0.000000,
        "250" : 0.010000,
        "500" : 0.010000,
        "750" : 0.010000,
        "1000" : 0.010000
      },
      "latency_ms" : {
        "2" : 0.010000,
        "4" : 0.010000,
        "10" : 0.010000,
        "20" : 0.014923,
        "50" : 0.041673,
        "100" : 0.070956,
        "250" : 95.611407,
        "500" : 4.245836,
        "750" : 0.000000,
        "1000" : 0.000000,
        "2000" : 0.000000,
        ">=2000" : 0.000000
      },
      "latency_depth" : 1024,
      "latency_target" : 0,
      "latency_percentile" : 100.000000,
      "latency_window" : 0
    }
  ]
}
