{
  "fio version" : "fio-3.36",
  "timestamp" : 1729395444,
  "timestamp_ms" : 1729395444839,
  "time" : "Sat Oct 19 23:37:24 2024",
  "jobs" : [
    {
      "jobname" : "benchmark_test",
      "groupid" : 0,
      "job_start" : 1729395382159,
      "error" : 0,
      "eta" : 0,
      "elapsed" : 61,
      "job options" : {
        "name" : "benchmark_test",
        "filename" : "/mnt/e/testfile",
        "size" : "500M",
        "rw" : "randwrite",
        "bs" : "128k",
        "iodepth" : "256",
        "ioengine" : "libaio",
        "direct" : "1",
        "numjobs" : "1",
        "runtime" : "60"
      },
      "read" : {
        "io_bytes" : 0,
        "io_kbytes" : 0,
        "bw_bytes" : 0,
        "bw" : 0,
        "iops" : 0.000000,
        "runtime" : 0,
        "total_ios" : 0,
        "short_ios" : 0,
        "drop_ios" : 0,
        "slat_ns" : {
          "min" : 0,
          "max" : 0,
          "mean" : 0.000000,
          "stddev" : 0.000000,
          "N" : 0
        },
        "clat_ns" : {
          "min" : 0,
          "max" : 0,
          "mean" : 0.000000,
          "stddev" : 0.000000,
          "N" : 0
        },
        "lat_ns" : {
          "min" : 0,
          "max" : 0,
          "mean" : 0.000000,
          "stddev" : 0.000000,
          "N" : 0
        },
        "bw_min" : 0,
        "bw_max" : 0,
        "bw_agg" : 0.000000,
        "bw_mean" : 0.000000,
        "bw_dev" : 0.000000,
        "bw_samples" : 0,
        "iops_min" : 0,
        "iops_max" : 0,
        "iops_mean" : 0.000000,
        "iops_stddev" : 0.000000,
        "iops_samples" : 0
      },
      "write" : {
        "io_bytes" : 5082185728,
        "io_kbytes" : 4963072,
        "bw_bytes" : 84701683,
        "bw" : 82716,
        "iops" : 646.222563,
        "runtime" : 60001,
        "total_ios" : 38774,
        "short_ios" : 0,
        "drop_ios" : 0,
        "slat_ns" : {
          "min" : 701285,
          "max" : 253768016,
          "mean" : 1531986.546036,
          "stddev" : 2820431.912566,
          "N" : 38774
        },
        "clat_ns" : {
          "min" : 15179,
          "max" : 2020360918,
          "mean" : 392722227.626505,
          "stddev" : 148821629.643690,
          "N" : 38774,
          "percentile" : {
            "1.000000" : 254803968,
            "5.000000" : 283115520,
            "10.000000" : 308281344,
            "20.000000" : 333447168,
            "30.000000" : 346030080,
            "40.000000" : 358612992,
            "50.000000" : 375390208,
            "60.000000" : 387973120,
            "70.000000" : 408944640,
            "80.000000" : 425721856,
            "90.000000" : 450887680,
            "95.000000" : 488636416,
            "99.000000" : 1249902592,
            "99.500000" : 1585446912,
            "99.900000" : 2004877312,
            "99.950000" : 2021654528,
            "99.990000" : 2021654528
          }
        },
        "lat_ns" : {
          "min" : 1738644,
          "max" : 2022179217,
          "mean" : 394254214.172536,
          "stddev" : 149208727.577080,
          "N" : 38774
        },
        "bw_min" : 5039,
        "bw_max" : 126978,
        "bw_agg" : 100.000000,
        "bw_mean" : 82720.803419,
        "bw_dev" : 19373.399513,
        "bw_samples" : 117,
        "iops_min" : 39,
        "iops_max" : 992,
        "iops_mean" : 645.871795,
        "iops_stddev" : 151.371405,
        "iops_samples" : 117
      },
      "trim" : {
        "io_bytes" : 0,
        "io_kbytes" : 0,
        "bw_bytes" : 0,
        "bw" : 0,
        "iops" : 0.000000,
        "runtime" : 0,
        "total_ios" : 0,
        "short_ios" : 0,
        "drop_ios" : 0,
        "slat_ns" : {
          "min" : 0,
          "max" : 0,
          "mean" : 0.000000,
          "stddev" : 0.000000,
          "N" : 0
        },
        "clat_ns" : {
          "min" : 0,
          "max" : 0,
          "mean" : 0.000000,
          "stddev" : 0.000000,
          "N" : 0
        },
        "lat_ns" : {
          "min" : 0,
          "max" : 0,
          "mean" : 0.000000,
          "stddev" : 0.000000,
          "N" : 0
        },
        "bw_min" : 0,
        "bw_max" : 0,
        "bw_agg" : 0.000000,
        "bw_mean" : 0.000000,
        "bw_dev" : 0.000000,
        "bw_samples" : 0,
        "iops_min" : 0,
        "iops_max" : 0,
        "iops_mean" : 0.000000,
        "iops_stddev" : 0.000000,
        "iops_samples" : 0
      },
      "sync" : {
        "total_ios" : 0,
        "lat_ns" : {
          "min" : 0,
          "max" : 0,
          "mean" : 0.000000,
          "stddev" : 0.000000,
          "N" : 0
        }
      },
      "job_runtime" : 60000,
      "usr_cpu" : 1.883333,
      "sys_cpu" : 5.643333,
      "ctx" : 116326,
      "majf" : 0,
      "minf" : 12,
      "iodepth_level" : {
        "1" : 0.100000,
        "2" : 0.100000,
        "4" : 0.100000,
        "8" : 0.100000,
        "16" : 0.100000,
        "32" : 0.100000,
        ">=64" : 99.837520
      },
      "iodepth_submit" : {
        "0" : 0.000000,
        "4" : 100.000000,
        "8" : 0.000000,
        "16" : 0.000000,
        "32" : 0.000000,
        "64" : 0.000000,
        ">=64" : 0.000000
      },
      "iodepth_complete" : {
        "0" : 0.000000,
        "4" : 99.997404,
        "8" : 0.000000,
        "16" : 0.000000,
        "32" : 0.000000,
        "64" : 0.000000,
        ">=64" : 0.100000
      },
      "latency_ns" : {
        "2" : 0.000000,
        "4" : 0.000000,
        "10" : 0.000000,
        "20" : 0.000000,
        "50" : 0.000000,
        "100" : 0.000000,
        "250" : 0.000000,
        "500" : 0.000000,
        "750" : 0.000000,
        "1000" : 0.000000
      },
      "latency_us" : {
        "2" : 0.000000,
        "4" : 0.000000,
        "10" : 0.000000,
        "20" : 0.010000,
        "50" : 0.000000,
        "100" : 0.000000,
        "250" : 0.000000,
        "500" : 0.000000,
        "750" : 0.000000,
        "1000" : 0.000000
      },
      "latency_ms" : {
        "2" : 0.010000,
        "4" : 0.010000,
        "10" : 0.012895,
        "20" : 0.020632,
        "50" : 0.054160,
        "100" : 0.113478,
        "250" : 0.368804,
        "500" : 94.991489,
        "750" : 2.829215,
        "1000" : 0.281116,
        "2000" : 1.157992,
        ">=2000" : 0.162480
      },
      "latency_depth" : 256,
      "latency_target" : 0,
      "latency_percentile" : 100.000000,
      "latency_window" : 0
    }
  ]
}
