{
  "fio version" : "fio-3.36",
  "timestamp" : 1729389356,
  "timestamp_ms" : 1729389356836,
  "time" : "Sat Oct 19 21:55:56 2024",
  "jobs" : [
    {
      "jobname" : "benchmark_test",
      "groupid" : 0,
      "job_start" : 1729389290377,
      "error" : 0,
      "eta" : 0,
      "elapsed" : 61,
      "job options" : {
        "name" : "benchmark_test",
        "filename" : "/mnt/e/testfile",
        "size" : "500M",
        "rw" : "rw",
        "bs" : "4k",
        "iodepth" : "64",
        "ioengine" : "libaio",
        "direct" : "1",
        "numjobs" : "1",
        "runtime" : "60"
      },
      "read" : {
        "io_bytes" : 596004864,
        "io_kbytes" : 582036,
        "bw_bytes" : 9933248,
        "bw" : 9700,
        "iops" : 2425.109582,
        "runtime" : 60001,
        "total_ios" : 145509,
        "short_ios" : 0,
        "drop_ios" : 0,
        "slat_ns" : {
          "min" : 87303,
          "max" : 42038127,
          "mean" : 202616.249366,
          "stddev" : 378031.373240,
          "N" : 145509
        },
        "clat_ns" : {
          "min" : 609569,
          "max" : 298212068,
          "mean" : 12984497.582150,
          "stddev" : 7926544.823909,
          "N" : 145509,
          "percentile" : {
            "1.000000" : 7962624,
            "5.000000" : 8847360,
            "10.000000" : 9371648,
            "20.000000" : 10158080,
            "30.000000" : 10813440,
            "40.000000" : 11337728,
            "50.000000" : 11862016,
            "60.000000" : 12517376,
            "70.000000" : 13172736,
            "80.000000" : 14221312,
            "90.000000" : 16449536,
            "95.000000" : 19267584,
            "99.000000" : 28442624,
            "99.500000" : 41680896,
            "99.900000" : 135266304,
            "99.950000" : 189792256,
            "99.990000" : 295698432
          }
        },
        "lat_ns" : {
          "min" : 975929,
          "max" : 298560788,
          "mean" : 13187113.831515,
          "stddev" : 8015430.532852,
          "N" : 145509
        },
        "bw_min" : 2195,
        "bw_max" : 13096,
        "bw_agg" : 100.000000,
        "bw_mean" : 9715.747899,
        "bw_dev" : 2193.867776,
        "bw_samples" : 119,
        "iops_min" : 548,
        "iops_max" : 3274,
        "iops_mean" : 2428.781513,
        "iops_stddev" : 548.507994,
        "iops_samples" : 119
      },
      "write" : {
        "io_bytes" : 596926464,
        "io_kbytes" : 582936,
        "bw_bytes" : 9948608,
        "bw" : 9715,
        "iops" : 2428.859519,
        "runtime" : 60001,
        "total_ios" : 145734,
        "short_ios" : 0,
        "drop_ios" : 0,
        "slat_ns" : {
          "min" : 92014,
          "max" : 58509826,
          "mean" : 201428.237584,
          "stddev" : 374480.798162,
          "N" : 145734
        },
        "clat_ns" : {
          "min" : 8338,
          "max" : 301024368,
          "mean" : 12975403.043442,
          "stddev" : 7914411.319506,
          "N" : 145734,
          "percentile" : {
            "1.000000" : 7897088,
            "5.000000" : 8847360,
            "10.000000" : 9371648,
            "20.000000" : 10158080,
            "30.000000" : 10813440,
            "40.000000" : 11337728,
            "50.000000" : 11862016,
            "60.000000" : 12517376,
            "70.000000" : 13303808,
            "80.000000" : 14352384,
            "90.000000" : 16449536,
            "95.000000" : 19267584,
            "99.000000" : 27918336,
            "99.500000" : 40632320,
            "99.900000" : 135266304,
            "99.950000" : 166723584,
            "99.990000" : 295698432
          }
        },
        "lat_ns" : {
          "min" : 287214,
          "max" : 301363356,
          "mean" : 13176831.281026,
          "stddev" : 7996879.180969,
          "N" : 145734
        },
        "bw_min" : 2347,
        "bw_max" : 13712,
        "bw_agg" : 100.000000,
        "bw_mean" : 9726.075630,
        "bw_dev" : 2204.352794,
        "bw_samples" : 119,
        "iops_min" : 586,
        "iops_max" : 3428,
        "iops_mean" : 2431.369748,
        "iops_stddev" : 551.119552,
        "iops_samples" : 119
      },
      "trim" : {
        "io_bytes" : 0,
        "io_kbytes" : 0,
        "bw_bytes" : 0,
        "bw" : 0,
        "iops" : 0.000000,
        "runtime" : 0,
        "total_ios" : 0,
        "short_ios" : 0,
        "drop_ios" : 0,
        "slat_ns" : {
          "min" : 0,
          "max" : 0,
          "mean" : 0.000000,
          "stddev" : 0.000000,
          "N" : 0
        },
        "clat_ns" : {
          "min" : 0,
          "max" : 0,
          "mean" : 0.000000,
          "stddev" : 0.000000,
          "N" : 0
        },
        "lat_ns" : {
          "min" : 0,
          "max" : 0,
          "mean" : 0.000000,
          "stddev" : 0.000000,
          "N" : 0
        },
        "bw_min" : 0,
        "bw_max" : 0,
        "bw_agg" : 0.000000,
        "bw_mean" : 0.000000,
        "bw_dev" : 0.000000,
        "bw_samples" : 0,
        "iops_min" : 0,
        "iops_max" : 0,
        "iops_mean" : 0.000000,
        "iops_stddev" : 0.000000,
        "iops_samples" : 0
      },
      "sync" : {
        "total_ios" : 0,
        "lat_ns" : {
          "min" : 0,
          "max" : 0,
          "mean" : 0.000000,
          "stddev" : 0.000000,
          "N" : 0
        }
      },
      "job_runtime" : 60000,
      "usr_cpu" : 2.836667,
      "sys_cpu" : 6.763333,
      "ctx" : 291250,
      "majf" : 0,
      "minf" : 14,
      "iodepth_level" : {
        "1" : 0.100000,
        "2" : 0.100000,
        "4" : 0.100000,
        "8" : 0.100000,
        "16" : 0.100000,
        "32" : 0.100000,
        ">=64" : 99.978369
      },
      "iodepth_submit" : {
        "0" : 0.000000,
        "4" : 100.000000,
        "8" : 0.000000,
        "16" : 0.000000,
        "32" : 0.000000,
        "64" : 0.000000,
        ">=64" : 0.000000
      },
      "iodepth_complete" : {
        "0" : 0.000000,
        "4" : 99.999657,
        "8" : 0.000000,
        "16" : 0.000000,
        "32" : 0.000000,
        "64" : 0.100000,
        ">=64" : 0.000000
      },
      "latency_ns" : {
        "2" : 0.000000,
        "4" : 0.000000,
        "10" : 0.000000,
        "20" : 0.000000,
        "50" : 0.000000,
        "100" : 0.000000,
        "250" : 0.000000,
        "500" : 0.000000,
        "750" : 0.000000,
        "1000" : 0.000000
      },
      "latency_us" : {
        "2" : 0.000000,
        "4" : 0.000000,
        "10" : 0.010000,
        "20" : 0.000000,
        "50" : 0.000000,
        "100" : 0.000000,
        "250" : 0.000000,
        "500" : 0.010000,
        "750" : 0.010000,
        "1000" : 0.010000
      },
      "latency_ms" : {
        "2" : 0.010000,
        "4" : 0.010000,
        "10" : 17.282132,
        "20" : 78.515878,
        "50" : 3.839749,
        "100" : 0.174768,
        "250" : 0.163094,
        "500" : 0.019571,
        "750" : 0.000000,
        "1000" : 0.000000,
        "2000" : 0.000000,
        ">=2000" : 0.000000
      },
      "latency_depth" : 64,
      "latency_target" : 0,
      "latency_percentile" : 100.000000,
      "latency_window" : 0
    }
  ]
}
