{
  "fio version" : "fio-3.36",
  "timestamp" : 1729390895,
  "timestamp_ms" : 1729390895286,
  "time" : "Sat Oct 19 22:21:35 2024",
  "jobs" : [
    {
      "jobname" : "benchmark_test",
      "groupid" : 0,
      "job_start" : 1729390832028,
      "error" : 0,
      "eta" : 0,
      "elapsed" : 61,
      "job options" : {
        "name" : "benchmark_test",
        "filename" : "/mnt/e/testfile",
        "size" : "500M",
        "rw" : "rw",
        "bs" : "16k",
        "iodepth" : "16",
        "ioengine" : "libaio",
        "direct" : "1",
        "numjobs" : "1",
        "runtime" : "60"
      },
      "read" : {
        "io_bytes" : 2604056576,
        "io_kbytes" : 2543024,
        "bw_bytes" : 43400219,
        "bw" : 42383,
        "iops" : 2648.939184,
        "runtime" : 60001,
        "total_ios" : 158939,
        "short_ios" : 0,
        "drop_ios" : 0,
        "slat_ns" : {
          "min" : 100699,
          "max" : 1907067,
          "mean" : 175167.697198,
          "stddev" : 54554.922908,
          "N" : 158939
        },
        "clat_ns" : {
          "min" : 165861,
          "max" : 9811968,
          "mean" : 2834320.873889,
          "stddev" : 632467.597696,
          "N" : 158939,
          "percentile" : {
            "1.000000" : 2039808,
            "5.000000" : 2146304,
            "10.000000" : 2211840,
            "20.000000" : 2310144,
            "30.000000" : 2408448,
            "40.000000" : 2539520,
            "50.000000" : 2670592,
            "60.000000" : 2834432,
            "70.000000" : 3063808,
            "80.000000" : 3293184,
            "90.000000" : 3653632,
            "95.000000" : 4014080,
            "99.000000" : 4947968,
            "99.500000" : 5341184,
            "99.900000" : 6324224,
            "99.950000" : 6782976,
            "99.990000" : 7897088
          }
        },
        "lat_ns" : {
          "min" : 300228,
          "max" : 10777397,
          "mean" : 3009488.571087,
          "stddev" : 667491.427335,
          "N" : 158939
        },
        "bw_min" : 24288,
        "bw_max" : 48992,
        "bw_agg" : 100.000000,
        "bw_mean" : 42384.134454,
        "bw_dev" : 3905.197647,
        "bw_samples" : 119,
        "iops_min" : 1518,
        "iops_max" : 3062,
        "iops_mean" : 2649.008403,
        "iops_stddev" : 244.074853,
        "iops_samples" : 119
      },
      "write" : {
        "io_bytes" : 2604924928,
        "io_kbytes" : 2543872,
        "bw_bytes" : 43414691,
        "bw" : 42397,
        "iops" : 2649.822503,
        "runtime" : 60001,
        "total_ios" : 158992,
        "short_ios" : 0,
        "drop_ios" : 0,
        "slat_ns" : {
          "min" : 107207,
          "max" : 3401837,
          "mean" : 196116.557097,
          "stddev" : 57569.560805,
          "N" : 158992
        },
        "clat_ns" : {
          "min" : 3805,
          "max" : 10426770,
          "mean" : 2829885.242314,
          "stddev" : 633437.338271,
          "N" : 158992,
          "percentile" : {
            "1.000000" : 2039808,
            "5.000000" : 2146304,
            "10.000000" : 2211840,
            "20.000000" : 2310144,
            "30.000000" : 2408448,
            "40.000000" : 2506752,
            "50.000000" : 2637824,
            "60.000000" : 2801664,
            "70.000000" : 3031040,
            "80.000000" : 3293184,
            "90.000000" : 3620864,
            "95.000000" : 4014080,
            "99.000000" : 4947968,
            "99.500000" : 5406720,
            "99.900000" : 6389760,
            "99.950000" : 6848512,
            "99.990000" : 8978432
          }
        },
        "lat_ns" : {
          "min" : 163374,
          "max" : 10837765,
          "mean" : 3026001.799411,
          "stddev" : 669971.639353,
          "N" : 158992
        },
        "bw_min" : 24576,
        "bw_max" : 48192,
        "bw_agg" : 100.000000,
        "bw_mean" : 42419.899160,
        "bw_dev" : 4103.410651,
        "bw_samples" : 119,
        "iops_min" : 1536,
        "iops_max" : 3012,
        "iops_mean" : 2651.243697,
        "iops_stddev" : 256.463166,
        "iops_samples" : 119
      },
      "trim" : {
        "io_bytes" : 0,
        "io_kbytes" : 0,
        "bw_bytes" : 0,
        "bw" : 0,
        "iops" : 0.000000,
        "runtime" : 0,
        "total_ios" : 0,
        "short_ios" : 0,
        "drop_ios" : 0,
        "slat_ns" : {
          "min" : 0,
          "max" : 0,
          "mean" : 0.000000,
          "stddev" : 0.000000,
          "N" : 0
        },
        "clat_ns" : {
          "min" : 0,
          "max" : 0,
          "mean" : 0.000000,
          "stddev" : 0.000000,
          "N" : 0
        },
        "lat_ns" : {
          "min" : 0,
          "max" : 0,
          "mean" : 0.000000,
          "stddev" : 0.000000,
          "N" : 0
        },
        "bw_min" : 0,
        "bw_max" : 0,
        "bw_agg" : 0.000000,
        "bw_mean" : 0.000000,
        "bw_dev" : 0.000000,
        "bw_samples" : 0,
        "iops_min" : 0,
        "iops_max" : 0,
        "iops_mean" : 0.000000,
        "iops_stddev" : 0.000000,
        "iops_samples" : 0
      },
      "sync" : {
        "total_ios" : 0,
        "lat_ns" : {
          "min" : 0,
          "max" : 0,
          "mean" : 0.000000,
          "stddev" : 0.000000,
          "N" : 0
        }
      },
      "job_runtime" : 60000,
      "usr_cpu" : 2.343333,
      "sys_cpu" : 6.993333,
      "ctx" : 317938,
      "majf" : 0,
      "minf" : 15,
      "iodepth_level" : {
        "1" : 0.100000,
        "2" : 0.100000,
        "4" : 0.100000,
        "8" : 0.100000,
        "16" : 99.995282,
        "32" : 0.000000,
        ">=64" : 0.000000
      },
      "iodepth_submit" : {
        "0" : 0.000000,
        "4" : 100.000000,
        "8" : 0.000000,
        "16" : 0.000000,
        "32" : 0.000000,
        "64" : 0.000000,
        ">=64" : 0.000000
      },
      "iodepth_complete" : {
        "0" : 0.000000,
        "4" : 99.999685,
        "8" : 0.000000,
        "16" : 0.100000,
        "32" : 0.000000,
        "64" : 0.000000,
        ">=64" : 0.000000
      },
      "latency_ns" : {
        "2" : 0.000000,
        "4" : 0.000000,
        "10" : 0.000000,
        "20" : 0.000000,
        "50" : 0.000000,
        "100" : 0.000000,
        "250" : 0.000000,
        "500" : 0.000000,
        "750" : 0.000000,
        "1000" : 0.000000
      },
      "latency_us" : {
        "2" : 0.000000,
        "4" : 0.010000,
        "10" : 0.000000,
        "20" : 0.000000,
        "50" : 0.000000,
        "100" : 0.000000,
        "250" : 0.010000,
        "500" : 0.010000,
        "750" : 0.010000,
        "1000" : 0.010000
      },
      "latency_ms" : {
        "2" : 0.479035,
        "4" : 94.385574,
        "10" : 5.132246,
        "20" : 0.010000,
        "50" : 0.000000,
        "100" : 0.000000,
        "250" : 0.000000,
        "500" : 0.000000,
        "750" : 0.000000,
        "1000" : 0.000000,
        "2000" : 0.000000,
        ">=2000" : 0.000000
      },
      "latency_depth" : 16,
      "latency_target" : 0,
      "latency_percentile" : 100.000000,
      "latency_window" : 0
    }
  ]
}
