{
  "fio version" : "fio-3.36",
  "timestamp" : 1729395126,
  "timestamp_ms" : 1729395126995,
  "time" : "Sat Oct 19 23:32:06 2024",
  "jobs" : [
    {
      "jobname" : "benchmark_test",
      "groupid" : 0,
      "job_start" : 1729395063145,
      "error" : 0,
      "eta" : 0,
      "elapsed" : 61,
      "job options" : {
        "name" : "benchmark_test",
        "filename" : "/mnt/e/testfile",
        "size" : "500M",
        "rw" : "rw",
        "bs" : "128k",
        "iodepth" : "64",
        "ioengine" : "libaio",
        "direct" : "1",
        "numjobs" : "1",
        "runtime" : "60"
      },
      "read" : {
        "io_bytes" : 3276800000,
        "io_kbytes" : 3200000,
        "bw_bytes" : 54612423,
        "bw" : 53332,
        "iops" : 416.659722,
        "runtime" : 60001,
        "total_ios" : 25000,
        "short_ios" : 0,
        "drop_ios" : 0,
        "slat_ns" : {
          "min" : 562259,
          "max" : 73742095,
          "mean" : 1088702.467120,
          "stddev" : 939970.699497,
          "N" : 25000
        },
        "clat_ns" : {
          "min" : 4460171,
          "max" : 739642716,
          "mean" : 75551793.023880,
          "stddev" : 28438161.496464,
          "N" : 25000,
          "percentile" : {
            "1.000000" : 56360960,
            "5.000000" : 58458112,
            "10.000000" : 59506688,
            "20.000000" : 61603840,
            "30.000000" : 63700992,
            "40.000000" : 65798144,
            "50.000000" : 68681728,
            "60.000000" : 72876032,
            "70.000000" : 78118912,
            "80.000000" : 85458944,
            "90.000000" : 96993280,
            "95.000000" : 108527616,
            "99.000000" : 141557760,
            "99.500000" : 168820736,
            "99.900000" : 641728512,
            "99.950000" : 717225984,
            "99.990000" : 717225984
          }
        },
        "lat_ns" : {
          "min" : 6315682,
          "max" : 740810320,
          "mean" : 76640495.491000,
          "stddev" : 28750651.307645,
          "N" : 25000
        },
        "bw_min" : 11520,
        "bw_max" : 71823,
        "bw_agg" : 100.000000,
        "bw_mean" : 53353.302521,
        "bw_dev" : 11633.335324,
        "bw_samples" : 119,
        "iops_min" : 90,
        "iops_max" : 561,
        "iops_mean" : 416.588235,
        "iops_stddev" : 90.806221,
        "iops_samples" : 119
      },
      "write" : {
        "io_bytes" : 3274702848,
        "io_kbytes" : 3197952,
        "bw_bytes" : 54577471,
        "bw" : 53298,
        "iops" : 416.393060,
        "runtime" : 60001,
        "total_ios" : 24984,
        "short_ios" : 0,
        "drop_ios" : 0,
        "slat_ns" : {
          "min" : 636118,
          "max" : 72877582,
          "mean" : 1291433.371918,
          "stddev" : 991440.442311,
          "N" : 24984
        },
        "clat_ns" : {
          "min" : 9651,
          "max" : 739889253,
          "mean" : 75588783.840418,
          "stddev" : 28763956.089440,
          "N" : 24984,
          "percentile" : {
            "1.000000" : 56360960,
            "5.000000" : 58458112,
            "10.000000" : 59506688,
            "20.000000" : 61603840,
            "30.000000" : 63700992,
            "40.000000" : 65798144,
            "50.000000" : 68681728,
            "60.000000" : 72876032,
            "70.000000" : 78118912,
            "80.000000" : 85458944,
            "90.000000" : 98041856,
            "95.000000" : 109576192,
            "99.000000" : 139460608,
            "99.500000" : 164626432,
            "99.900000" : 692060160,
            "99.950000" : 717225984,
            "99.990000" : 717225984
          }
        },
        "lat_ns" : {
          "min" : 1239110,
          "max" : 773030597,
          "mean" : 76880217.212336,
          "stddev" : 29166805.008656,
          "N" : 24984
        },
        "bw_min" : 11776,
        "bw_max" : 70003,
        "bw_agg" : 100.000000,
        "bw_mean" : 53304.899160,
        "bw_dev" : 11466.147728,
        "bw_samples" : 119,
        "iops_min" : 92,
        "iops_max" : 546,
        "iops_mean" : 416.176471,
        "iops_stddev" : 89.474989,
        "iops_samples" : 119
      },
      "trim" : {
        "io_bytes" : 0,
        "io_kbytes" : 0,
        "bw_bytes" : 0,
        "bw" : 0,
        "iops" : 0.000000,
        "runtime" : 0,
        "total_ios" : 0,
        "short_ios" : 0,
        "drop_ios" : 0,
        "slat_ns" : {
          "min" : 0,
          "max" : 0,
          "mean" : 0.000000,
          "stddev" : 0.000000,
          "N" : 0
        },
        "clat_ns" : {
          "min" : 0,
          "max" : 0,
          "mean" : 0.000000,
          "stddev" : 0.000000,
          "N" : 0
        },
        "lat_ns" : {
          "min" : 0,
          "max" : 0,
          "mean" : 0.000000,
          "stddev" : 0.000000,
          "N" : 0
        },
        "bw_min" : 0,
        "bw_max" : 0,
        "bw_agg" : 0.000000,
        "bw_mean" : 0.000000,
        "bw_dev" : 0.000000,
        "bw_samples" : 0,
        "iops_min" : 0,
        "iops_max" : 0,
        "iops_mean" : 0.000000,
        "iops_stddev" : 0.000000,
        "iops_samples" : 0
      },
      "sync" : {
        "total_ios" : 0,
        "lat_ns" : {
          "min" : 0,
          "max" : 0,
          "mean" : 0.000000,
          "stddev" : 0.000000,
          "N" : 0
        }
      },
      "job_runtime" : 60000,
      "usr_cpu" : 1.518333,
      "sys_cpu" : 6.441667,
      "ctx" : 149956,
      "majf" : 0,
      "minf" : 15,
      "iodepth_level" : {
        "1" : 0.100000,
        "2" : 0.100000,
        "4" : 0.100000,
        "8" : 0.100000,
        "16" : 0.100000,
        "32" : 0.100000,
        ">=64" : 99.873960
      },
      "iodepth_submit" : {
        "0" : 0.000000,
        "4" : 100.000000,
        "8" : 0.000000,
        "16" : 0.000000,
        "32" : 0.000000,
        "64" : 0.000000,
        ">=64" : 0.000000
      },
      "iodepth_complete" : {
        "0" : 0.000000,
        "4" : 99.997997,
        "8" : 0.000000,
        "16" : 0.000000,
        "32" : 0.000000,
        "64" : 0.100000,
        ">=64" : 0.000000
      },
      "latency_ns" : {
        "2" : 0.000000,
        "4" : 0.000000,
        "10" : 0.000000,
        "20" : 0.000000,
        "50" : 0.000000,
        "100" : 0.000000,
        "250" : 0.000000,
        "500" : 0.000000,
        "750" : 0.000000,
        "1000" : 0.000000
      },
      "latency_us" : {
        "2" : 0.000000,
        "4" : 0.000000,
        "10" : 0.010000,
        "20" : 0.000000,
        "50" : 0.000000,
        "100" : 0.000000,
        "250" : 0.000000,
        "500" : 0.000000,
        "750" : 0.000000,
        "1000" : 0.000000
      },
      "latency_ms" : {
        "2" : 0.010000,
        "4" : 0.010000,
        "10" : 0.010000,
        "20" : 0.014004,
        "50" : 0.046015,
        "100" : 91.417254,
        "250" : 8.288652,
        "500" : 0.110035,
        "750" : 0.110035,
        "1000" : 0.000000,
        "2000" : 0.000000,
        ">=2000" : 0.000000
      },
      "latency_depth" : 64,
      "latency_target" : 0,
      "latency_percentile" : 100.000000,
      "latency_window" : 0
    }
  ]
}
