{
  "fio version" : "fio-3.36",
  "timestamp" : 1729395638,
  "timestamp_ms" : 1729395638435,
  "time" : "Sat Oct 19 23:40:38 2024",
  "jobs" : [
    {
      "jobname" : "benchmark_test",
      "groupid" : 0,
      "job_start" : 1729395573797,
      "error" : 0,
      "eta" : 0,
      "elapsed" : 61,
      "job options" : {
        "name" : "benchmark_test",
        "filename" : "/mnt/e/testfile",
        "size" : "500M",
        "rw" : "read",
        "bs" : "128k",
        "iodepth" : "1024",
        "ioengine" : "libaio",
        "direct" : "1",
        "numjobs" : "1",
        "runtime" : "60"
      },
      "read" : {
        "io_bytes" : 6507593728,
        "io_kbytes" : 6355072,
        "bw_bytes" : 108458087,
        "bw" : 105916,
        "iops" : 827.469542,
        "runtime" : 60001,
        "total_ios" : 49649,
        "short_ios" : 0,
        "drop_ios" : 0,
        "slat_ns" : {
          "min" : 505142,
          "max" : 164028986,
          "mean" : 1197504.055570,
          "stddev" : 1145454.092122,
          "N" : 49649
        },
        "clat_ns" : {
          "min" : 8461,
          "max" : 2137530629,
          "mean" : 1222870610.124971,
          "stddev" : 278994814.389305,
          "N" : 49649,
          "percentile" : {
            "1.000000" : 599785472,
            "5.000000" : 826277888,
            "10.000000" : 876609536,
            "20.000000" : 994050048,
            "30.000000" : 1098907648,
            "40.000000" : 1149239296,
            "50.000000" : 1199570944,
            "60.000000" : 1249902592,
            "70.000000" : 1333788672,
            "80.000000" : 1468006400,
            "90.000000" : 1585446912,
            "95.000000" : 1686110208,
            "99.000000" : 2055208960,
            "99.500000" : 2071986176,
            "99.900000" : 2122317824,
            "99.950000" : 2139095040,
            "99.990000" : 2139095040
          }
        },
        "lat_ns" : {
          "min" : 1422682,
          "max" : 2138864339,
          "mean" : 1224068114.180532,
          "stddev" : 279188935.483556,
          "N" : 49649
        },
        "bw_min" : 35328,
        "bw_max" : 171776,
        "bw_agg" : 99.697779,
        "bw_mean" : 105596.102564,
        "bw_dev" : 25766.187285,
        "bw_samples" : 117,
        "iops_min" : 276,
        "iops_max" : 1342,
        "iops_mean" : 824.820513,
        "iops_stddev" : 201.324777,
        "iops_samples" : 117
      },
      "write" : {
        "io_bytes" : 0,
        "io_kbytes" : 0,
        "bw_bytes" : 0,
        "bw" : 0,
        "iops" : 0.000000,
        "runtime" : 0,
        "total_ios" : 0,
        "short_ios" : 0,
        "drop_ios" : 0,
        "slat_ns" : {
          "min" : 0,
          "max" : 0,
          "mean" : 0.000000,
          "stddev" : 0.000000,
          "N" : 0
        },
        "clat_ns" : {
          "min" : 0,
          "max" : 0,
          "mean" : 0.000000,
          "stddev" : 0.000000,
          "N" : 0
        },
        "lat_ns" : {
          "min" : 0,
          "max" : 0,
          "mean" : 0.000000,
          "stddev" : 0.000000,
          "N" : 0
        },
        "bw_min" : 0,
        "bw_max" : 0,
        "bw_agg" : 0.000000,
        "bw_mean" : 0.000000,
        "bw_dev" : 0.000000,
        "bw_samples" : 0,
        "iops_min" : 0,
        "iops_max" : 0,
        "iops_mean" : 0.000000,
        "iops_stddev" : 0.000000,
        "iops_samples" : 0
      },
      "trim" : {
        "io_bytes" : 0,
        "io_kbytes" : 0,
        "bw_bytes" : 0,
        "bw" : 0,
        "iops" : 0.000000,
        "runtime" : 0,
        "total_ios" : 0,
        "short_ios" : 0,
        "drop_ios" : 0,
        "slat_ns" : {
          "min" : 0,
          "max" : 0,
          "mean" : 0.000000,
          "stddev" : 0.000000,
          "N" : 0
        },
        "clat_ns" : {
          "min" : 0,
          "max" : 0,
          "mean" : 0.000000,
          "stddev" : 0.000000,
          "N" : 0
        },
        "lat_ns" : {
          "min" : 0,
          "max" : 0,
          "mean" : 0.000000,
          "stddev" : 0.000000,
          "N" : 0
        },
        "bw_min" : 0,
        "bw_max" : 0,
        "bw_agg" : 0.000000,
        "bw_mean" : 0.000000,
        "bw_dev" : 0.000000,
        "bw_samples" : 0,
        "iops_min" : 0,
        "iops_max" : 0,
        "iops_mean" : 0.000000,
        "iops_stddev" : 0.000000,
        "iops_samples" : 0
      },
      "sync" : {
        "total_ios" : 0,
        "lat_ns" : {
          "min" : 0,
          "max" : 0,
          "mean" : 0.000000,
          "stddev" : 0.000000,
          "N" : 0
        }
      },
      "job_runtime" : 60000,
      "usr_cpu" : 1.188333,
      "sys_cpu" : 7.568333,
      "ctx" : 148953,
      "majf" : 0,
      "minf" : 32779,
      "iodepth_level" : {
        "1" : 0.100000,
        "2" : 0.100000,
        "4" : 0.100000,
        "8" : 0.100000,
        "16" : 0.100000,
        "32" : 0.100000,
        ">=64" : 99.873109
      },
      "iodepth_submit" : {
        "0" : 0.000000,
        "4" : 100.000000,
        "8" : 0.000000,
        "16" : 0.000000,
        "32" : 0.000000,
        "64" : 0.000000,
        ">=64" : 0.000000
      },
      "iodepth_complete" : {
        "0" : 0.000000,
        "4" : 99.997944,
        "8" : 0.000000,
        "16" : 0.000000,
        "32" : 0.000000,
        "64" : 0.000000,
        ">=64" : 0.100000
      },
      "latency_ns" : {
        "2" : 0.000000,
        "4" : 0.000000,
        "10" : 0.000000,
        "20" : 0.000000,
        "50" : 0.000000,
        "100" : 0.000000,
        "250" : 0.000000,
        "500" : 0.000000,
        "750" : 0.000000,
        "1000" : 0.000000
      },
      "latency_us" : {
        "2" : 0.000000,
        "4" : 0.000000,
        "10" : 0.010000,
        "20" : 0.000000,
        "50" : 0.000000,
        "100" : 0.000000,
        "250" : 0.000000,
        "500" : 0.000000,
        "750" : 0.000000,
        "1000" : 0.000000
      },
      "latency_ms" : {
        "2" : 0.010000,
        "4" : 0.010000,
        "10" : 0.010071,
        "20" : 0.020141,
        "50" : 0.046325,
        "100" : 0.078551,
        "250" : 0.241697,
        "500" : 0.420955,
        "750" : 0.443111,
        "1000" : 19.098068,
        "2000" : 78.384257,
        ">=2000" : 1.250780
      },
      "latency_depth" : 1024,
      "latency_target" : 0,
      "latency_percentile" : 100.000000,
      "latency_window" : 0
    }
  ]
}
