{
  "fio version" : "fio-3.36",
  "timestamp" : 1729395894,
  "timestamp_ms" : 1729395894008,
  "time" : "Sat Oct 19 23:44:54 2024",
  "jobs" : [
    {
      "jobname" : "benchmark_test",
      "groupid" : 0,
      "job_start" : 1729395831979,
      "error" : 0,
      "eta" : 0,
      "elapsed" : 61,
      "job options" : {
        "name" : "benchmark_test",
        "filename" : "/mnt/e/testfile",
        "size" : "500M",
        "rw" : "rw",
        "bs" : "128k",
        "iodepth" : "1024",
        "ioengine" : "libaio",
        "direct" : "1",
        "numjobs" : "1",
        "runtime" : "60"
      },
      "read" : {
        "io_bytes" : 3778281472,
        "io_kbytes" : 3689728,
        "bw_bytes" : 62951423,
        "bw" : 61475,
        "iops" : 480.281244,
        "runtime" : 60019,
        "total_ios" : 28826,
        "short_ios" : 0,
        "drop_ios" : 0,
        "slat_ns" : {
          "min" : 492465,
          "max" : 153087895,
          "mean" : 944262.650732,
          "stddev" : 1417287.246765,
          "N" : 28826
        },
        "clat_ns" : {
          "min" : 34732,
          "max" : 2476682029,
          "mean" : 1054644854.837821,
          "stddev" : 246536662.085922,
          "N" : 28826,
          "percentile" : {
            "1.000000" : 826277888,
            "5.000000" : 851443712,
            "10.000000" : 868220928,
            "20.000000" : 893386752,
            "30.000000" : 918552576,
            "40.000000" : 960495616,
            "50.000000" : 994050048,
            "60.000000" : 1035993088,
            "70.000000" : 1082130432,
            "80.000000" : 1149239296,
            "90.000000" : 1283457024,
            "95.000000" : 1468006400,
            "99.000000" : 2298478592,
            "99.500000" : 2432696320,
            "99.900000" : 2466250752,
            "99.950000" : 2466250752,
            "99.990000" : 2466250752
          }
        },
        "lat_ns" : {
          "min" : 23037353,
          "max" : 2477778762,
          "mean" : 1055589117.488552,
          "stddev" : 246696276.367524,
          "N" : 28826
        },
        "bw_min" : 2048,
        "bw_max" : 81408,
        "bw_agg" : 99.736484,
        "bw_mean" : 61314.923729,
        "bw_dev" : 14890.214994,
        "bw_samples" : 118,
        "iops_min" : 16,
        "iops_max" : 636,
        "iops_mean" : 479.000000,
        "iops_stddev" : 116.319630,
        "iops_samples" : 118
      },
      "write" : {
        "io_bytes" : 3782868992,
        "io_kbytes" : 3694208,
        "bw_bytes" : 63027857,
        "bw" : 61550,
        "iops" : 480.864393,
        "runtime" : 60019,
        "total_ios" : 28861,
        "short_ios" : 0,
        "drop_ios" : 0,
        "slat_ns" : {
          "min" : 528944,
          "max" : 103060548,
          "mean" : 1122899.273795,
          "stddev" : 940747.857908,
          "N" : 28861
        },
        "clat_ns" : {
          "min" : 23064043,
          "max" : 2476474300,
          "mean" : 1057373740.943766,
          "stddev" : 248643225.953090,
          "N" : 28861,
          "percentile" : {
            "1.000000" : 826277888,
            "5.000000" : 851443712,
            "10.000000" : 868220928,
            "20.000000" : 893386752,
            "30.000000" : 918552576,
            "40.000000" : 960495616,
            "50.000000" : 994050048,
            "60.000000" : 1035993088,
            "70.000000" : 1082130432,
            "80.000000" : 1166016512,
            "90.000000" : 1283457024,
            "95.000000" : 1468006400,
            "99.000000" : 2298478592,
            "99.500000" : 2432696320,
            "99.900000" : 2466250752,
            "99.950000" : 2466250752,
            "99.990000" : 2466250752
          }
        },
        "lat_ns" : {
          "min" : 40047951,
          "max" : 2477847338,
          "mean" : 1058496640.217562,
          "stddev" : 248778623.037089,
          "N" : 28861
        },
        "bw_min" : 1536,
        "bw_max" : 83200,
        "bw_agg" : 99.669148,
        "bw_mean" : 61347.855932,
        "bw_dev" : 14268.188442,
        "bw_samples" : 118,
        "iops_min" : 12,
        "iops_max" : 650,
        "iops_mean" : 479.262712,
        "iops_stddev" : 111.466942,
        "iops_samples" : 118
      },
      "trim" : {
        "io_bytes" : 0,
        "io_kbytes" : 0,
        "bw_bytes" : 0,
        "bw" : 0,
        "iops" : 0.000000,
        "runtime" : 0,
        "total_ios" : 0,
        "short_ios" : 0,
        "drop_ios" : 0,
        "slat_ns" : {
          "min" : 0,
          "max" : 0,
          "mean" : 0.000000,
          "stddev" : 0.000000,
          "N" : 0
        },
        "clat_ns" : {
          "min" : 0,
          "max" : 0,
          "mean" : 0.000000,
          "stddev" : 0.000000,
          "N" : 0
        },
        "lat_ns" : {
          "min" : 0,
          "max" : 0,
          "mean" : 0.000000,
          "stddev" : 0.000000,
          "N" : 0
        },
        "bw_min" : 0,
        "bw_max" : 0,
        "bw_agg" : 0.000000,
        "bw_mean" : 0.000000,
        "bw_dev" : 0.000000,
        "bw_samples" : 0,
        "iops_min" : 0,
        "iops_max" : 0,
        "iops_mean" : 0.000000,
        "iops_stddev" : 0.000000,
        "iops_samples" : 0
      },
      "sync" : {
        "total_ios" : 0,
        "lat_ns" : {
          "min" : 0,
          "max" : 0,
          "mean" : 0.000000,
          "stddev" : 0.000000,
          "N" : 0
        }
      },
      "job_runtime" : 60018,
      "usr_cpu" : 1.076344,
      "sys_cpu" : 5.709954,
      "ctx" : 173065,
      "majf" : 0,
      "minf" : 14,
      "iodepth_level" : {
        "1" : 0.100000,
        "2" : 0.100000,
        "4" : 0.100000,
        "8" : 0.100000,
        "16" : 0.100000,
        "32" : 0.100000,
        ">=64" : 99.890790
      },
      "iodepth_submit" : {
        "0" : 0.000000,
        "4" : 100.000000,
        "8" : 0.000000,
        "16" : 0.000000,
        "32" : 0.000000,
        "64" : 0.000000,
        ">=64" : 0.000000
      },
      "iodepth_complete" : {
        "0" : 0.000000,
        "4" : 99.998235,
        "8" : 0.000000,
        "16" : 0.000000,
        "32" : 0.000000,
        "64" : 0.000000,
        ">=64" : 0.100000
      },
      "latency_ns" : {
        "2" : 0.000000,
        "4" : 0.000000,
        "10" : 0.000000,
        "20" : 0.000000,
        "50" : 0.000000,
        "100" : 0.000000,
        "250" : 0.000000,
        "500" : 0.000000,
        "750" : 0.000000,
        "1000" : 0.000000
      },
      "latency_us" : {
        "2" : 0.000000,
        "4" : 0.000000,
        "10" : 0.000000,
        "20" : 0.000000,
        "50" : 0.010000,
        "100" : 0.000000,
        "250" : 0.000000,
        "500" : 0.000000,
        "750" : 0.000000,
        "1000" : 0.000000
      },
      "latency_ms" : {
        "2" : 0.000000,
        "4" : 0.000000,
        "10" : 0.000000,
        "20" : 0.000000,
        "50" : 0.010000,
        "100" : 0.020802,
        "250" : 0.104010,
        "500" : 0.097076,
        "750" : 0.201085,
        "1000" : 50.924818,
        "2000" : 46.923917,
        ">=2000" : 1.717891
      },
      "latency_depth" : 1024,
      "latency_target" : 0,
      "latency_percentile" : 100.000000,
      "latency_window" : 0
    }
  ]
}
