{
  "fio version" : "fio-3.36",
  "timestamp" : 1729392626,
  "timestamp_ms" : 1729392626292,
  "time" : "Sat Oct 19 22:50:26 2024",
  "jobs" : [
    {
      "jobname" : "benchmark_test",
      "groupid" : 0,
      "job_start" : 1729392561723,
      "error" : 0,
      "eta" : 0,
      "elapsed" : 61,
      "job options" : {
        "name" : "benchmark_test",
        "filename" : "/mnt/e/testfile",
        "size" : "500M",
        "rw" : "write",
        "bs" : "32k",
        "iodepth" : "16",
        "ioengine" : "libaio",
        "direct" : "1",
        "numjobs" : "1",
        "runtime" : "60"
      },
      "read" : {
        "io_bytes" : 0,
        "io_kbytes" : 0,
        "bw_bytes" : 0,
        "bw" : 0,
        "iops" : 0.000000,
        "runtime" : 0,
        "total_ios" : 0,
        "short_ios" : 0,
        "drop_ios" : 0,
        "slat_ns" : {
          "min" : 0,
          "max" : 0,
          "mean" : 0.000000,
          "stddev" : 0.000000,
          "N" : 0
        },
        "clat_ns" : {
          "min" : 0,
          "max" : 0,
          "mean" : 0.000000,
          "stddev" : 0.000000,
          "N" : 0
        },
        "lat_ns" : {
          "min" : 0,
          "max" : 0,
          "mean" : 0.000000,
          "stddev" : 0.000000,
          "N" : 0
        },
        "bw_min" : 0,
        "bw_max" : 0,
        "bw_agg" : 0.000000,
        "bw_mean" : 0.000000,
        "bw_dev" : 0.000000,
        "bw_samples" : 0,
        "iops_min" : 0,
        "iops_max" : 0,
        "iops_mean" : 0.000000,
        "iops_stddev" : 0.000000,
        "iops_samples" : 0
      },
      "write" : {
        "io_bytes" : 7495352320,
        "io_kbytes" : 7319680,
        "bw_bytes" : 124814366,
        "bw" : 121889,
        "iops" : 3809.032172,
        "runtime" : 60052,
        "total_ios" : 228740,
        "short_ios" : 0,
        "drop_ios" : 0,
        "slat_ns" : {
          "min" : 157983,
          "max" : 91988494,
          "mean" : 259168.212936,
          "stddev" : 219840.868235,
          "N" : 228740
        },
        "clat_ns" : {
          "min" : 19028,
          "max" : 94876086,
          "mean" : 3939779.292013,
          "stddev" : 1085124.833674,
          "N" : 228740,
          "percentile" : {
            "1.000000" : 2932736,
            "5.000000" : 3096576,
            "10.000000" : 3162112,
            "20.000000" : 3293184,
            "30.000000" : 3424256,
            "40.000000" : 3555328,
            "50.000000" : 3719168,
            "60.000000" : 3915776,
            "70.000000" : 4227072,
            "80.000000" : 4554752,
            "90.000000" : 5013504,
            "95.000000" : 5341184,
            "99.000000" : 6062080,
            "99.500000" : 6324224,
            "99.900000" : 7307264,
            "99.950000" : 9371648,
            "99.990000" : 32636928
          }
        },
        "lat_ns" : {
          "min" : 2605392,
          "max" : 95115835,
          "mean" : 4198947.504949,
          "stddev" : 1129968.527228,
          "N" : 228740
        },
        "bw_min" : 104960,
        "bw_max" : 134272,
        "bw_agg" : 100.000000,
        "bw_mean" : 122279.008403,
        "bw_dev" : 6307.633710,
        "bw_samples" : 119,
        "iops_min" : 3280,
        "iops_max" : 4196,
        "iops_mean" : 3821.142857,
        "iops_stddev" : 197.123264,
        "iops_samples" : 119
      },
      "trim" : {
        "io_bytes" : 0,
        "io_kbytes" : 0,
        "bw_bytes" : 0,
        "bw" : 0,
        "iops" : 0.000000,
        "runtime" : 0,
        "total_ios" : 0,
        "short_ios" : 0,
        "drop_ios" : 0,
        "slat_ns" : {
          "min" : 0,
          "max" : 0,
          "mean" : 0.000000,
          "stddev" : 0.000000,
          "N" : 0
        },
        "clat_ns" : {
          "min" : 0,
          "max" : 0,
          "mean" : 0.000000,
          "stddev" : 0.000000,
          "N" : 0
        },
        "lat_ns" : {
          "min" : 0,
          "max" : 0,
          "mean" : 0.000000,
          "stddev" : 0.000000,
          "N" : 0
        },
        "bw_min" : 0,
        "bw_max" : 0,
        "bw_agg" : 0.000000,
        "bw_mean" : 0.000000,
        "bw_dev" : 0.000000,
        "bw_samples" : 0,
        "iops_min" : 0,
        "iops_max" : 0,
        "iops_mean" : 0.000000,
        "iops_stddev" : 0.000000,
        "iops_samples" : 0
      },
      "sync" : {
        "total_ios" : 0,
        "lat_ns" : {
          "min" : 0,
          "max" : 0,
          "mean" : 0.000000,
          "stddev" : 0.000000,
          "N" : 0
        }
      },
      "job_runtime" : 60052,
      "usr_cpu" : 1.974955,
      "sys_cpu" : 6.033105,
      "ctx" : 228744,
      "majf" : 0,
      "minf" : 11,
      "iodepth_level" : {
        "1" : 0.100000,
        "2" : 0.100000,
        "4" : 0.100000,
        "8" : 0.100000,
        "16" : 99.993442,
        "32" : 0.000000,
        ">=64" : 0.000000
      },
      "iodepth_submit" : {
        "0" : 0.000000,
        "4" : 100.000000,
        "8" : 0.000000,
        "16" : 0.000000,
        "32" : 0.000000,
        "64" : 0.000000,
        ">=64" : 0.000000
      },
      "iodepth_complete" : {
        "0" : 0.000000,
        "4" : 99.999563,
        "8" : 0.000000,
        "16" : 0.100000,
        "32" : 0.000000,
        "64" : 0.000000,
        ">=64" : 0.000000
      },
      "latency_ns" : {
        "2" : 0.000000,
        "4" : 0.000000,
        "10" : 0.000000,
        "20" : 0.000000,
        "50" : 0.000000,
        "100" : 0.000000,
        "250" : 0.000000,
        "500" : 0.000000,
        "750" : 0.000000,
        "1000" : 0.000000
      },
      "latency_us" : {
        "2" : 0.000000,
        "4" : 0.000000,
        "10" : 0.000000,
        "20" : 0.010000,
        "50" : 0.000000,
        "100" : 0.000000,
        "250" : 0.000000,
        "500" : 0.000000,
        "750" : 0.000000,
        "1000" : 0.000000
      },
      "latency_ms" : {
        "2" : 0.000000,
        "4" : 63.388126,
        "10" : 36.562473,
        "20" : 0.029291,
        "50" : 0.013115,
        "100" : 0.010000,
        "250" : 0.000000,
        "500" : 0.000000,
        "750" : 0.000000,
        "1000" : 0.000000,
        "2000" : 0.000000,
        ">=2000" : 0.000000
      },
      "latency_depth" : 16,
      "latency_target" : 0,
      "latency_percentile" : 100.000000,
      "latency_window" : 0
    }
  ]
}
