{
  "fio version" : "fio-3.36",
  "timestamp" : 1729393587,
  "timestamp_ms" : 1729393587756,
  "time" : "Sat Oct 19 23:06:27 2024",
  "jobs" : [
    {
      "jobname" : "benchmark_test",
      "groupid" : 0,
      "job_start" : 1729393524078,
      "error" : 0,
      "eta" : 0,
      "elapsed" : 61,
      "job options" : {
        "name" : "benchmark_test",
        "filename" : "/mnt/e/testfile",
        "size" : "500M",
        "rw" : "rw",
        "bs" : "32k",
        "iodepth" : "256",
        "ioengine" : "libaio",
        "direct" : "1",
        "numjobs" : "1",
        "runtime" : "60"
      },
      "read" : {
        "io_bytes" : 3947495424,
        "io_kbytes" : 3854976,
        "bw_bytes" : 65790493,
        "bw" : 64248,
        "iops" : 2007.766537,
        "runtime" : 60001,
        "total_ios" : 120468,
        "short_ios" : 0,
        "drop_ios" : 0,
        "slat_ns" : {
          "min" : 132759,
          "max" : 18122798,
          "mean" : 231262.734735,
          "stddev" : 101192.905744,
          "N" : 120468
        },
        "clat_ns" : {
          "min" : 393166,
          "max" : 216514712,
          "mean" : 63518766.543033,
          "stddev" : 10396291.076816,
          "N" : 120468,
          "percentile" : {
            "1.000000" : 52690944,
            "5.000000" : 54788096,
            "10.000000" : 55836672,
            "20.000000" : 57933824,
            "30.000000" : 58982400,
            "40.000000" : 60555264,
            "50.000000" : 61603840,
            "60.000000" : 63176704,
            "70.000000" : 64749568,
            "80.000000" : 66846720,
            "90.000000" : 70778880,
            "95.000000" : 77070336,
            "99.000000" : 105381888,
            "99.500000" : 112721920,
            "99.900000" : 206569472,
            "99.950000" : 212860928,
            "99.990000" : 217055232
          }
        },
        "lat_ns" : {
          "min" : 729187,
          "max" : 216696474,
          "mean" : 63750029.277767,
          "stddev" : 10420748.025855,
          "N" : 120468
        },
        "bw_min" : 34880,
        "bw_max" : 76032,
        "bw_agg" : 100.000000,
        "bw_mean" : 64254.310924,
        "bw_dev" : 6818.840544,
        "bw_samples" : 119,
        "iops_min" : 1090,
        "iops_max" : 2376,
        "iops_mean" : 2007.924370,
        "iops_stddev" : 213.083224,
        "iops_samples" : 119
      },
      "write" : {
        "io_bytes" : 3943923712,
        "io_kbytes" : 3851488,
        "bw_bytes" : 65730966,
        "bw" : 64190,
        "iops" : 2005.949901,
        "runtime" : 60001,
        "total_ios" : 120359,
        "short_ios" : 0,
        "drop_ios" : 0,
        "slat_ns" : {
          "min" : 150128,
          "max" : 149383367,
          "mean" : 260212.847348,
          "stddev" : 438067.807798,
          "N" : 120359
        },
        "clat_ns" : {
          "min" : 7168,
          "max" : 216608195,
          "mean" : 63474296.842754,
          "stddev" : 10293583.324568,
          "N" : 120359,
          "percentile" : {
            "1.000000" : 52690944,
            "5.000000" : 54788096,
            "10.000000" : 55836672,
            "20.000000" : 57933824,
            "30.000000" : 58982400,
            "40.000000" : 60555264,
            "50.000000" : 61603840,
            "60.000000" : 63176704,
            "70.000000" : 64749568,
            "80.000000" : 66846720,
            "90.000000" : 70778880,
            "95.000000" : 77070336,
            "99.000000" : 105381888,
            "99.500000" : 110624768,
            "99.900000" : 206569472,
            "99.950000" : 212860928,
            "99.990000" : 217055232
          }
        },
        "lat_ns" : {
          "min" : 380869,
          "max" : 216814830,
          "mean" : 63734509.690102,
          "stddev" : 10328894.050078,
          "N" : 120359
        },
        "bw_min" : 35008,
        "bw_max" : 72704,
        "bw_agg" : 99.932394,
        "bw_mean" : 64147.831933,
        "bw_dev" : 6753.603058,
        "bw_samples" : 119,
        "iops_min" : 1094,
        "iops_max" : 2272,
        "iops_mean" : 2004.596639,
        "iops_stddev" : 211.042381,
        "iops_samples" : 119
      },
      "trim" : {
        "io_bytes" : 0,
        "io_kbytes" : 0,
        "bw_bytes" : 0,
        "bw" : 0,
        "iops" : 0.000000,
        "runtime" : 0,
        "total_ios" : 0,
        "short_ios" : 0,
        "drop_ios" : 0,
        "slat_ns" : {
          "min" : 0,
          "max" : 0,
          "mean" : 0.000000,
          "stddev" : 0.000000,
          "N" : 0
        },
        "clat_ns" : {
          "min" : 0,
          "max" : 0,
          "mean" : 0.000000,
          "stddev" : 0.000000,
          "N" : 0
        },
        "lat_ns" : {
          "min" : 0,
          "max" : 0,
          "mean" : 0.000000,
          "stddev" : 0.000000,
          "N" : 0
        },
        "bw_min" : 0,
        "bw_max" : 0,
        "bw_agg" : 0.000000,
        "bw_mean" : 0.000000,
        "bw_dev" : 0.000000,
        "bw_samples" : 0,
        "iops_min" : 0,
        "iops_max" : 0,
        "iops_mean" : 0.000000,
        "iops_stddev" : 0.000000,
        "iops_samples" : 0
      },
      "sync" : {
        "total_ios" : 0,
        "lat_ns" : {
          "min" : 0,
          "max" : 0,
          "mean" : 0.000000,
          "stddev" : 0.000000,
          "N" : 0
        }
      },
      "job_runtime" : 60000,
      "usr_cpu" : 2.043333,
      "sys_cpu" : 6.826667,
      "ctx" : 240832,
      "majf" : 0,
      "minf" : 17,
      "iodepth_level" : {
        "1" : 0.100000,
        "2" : 0.100000,
        "4" : 0.100000,
        "8" : 0.100000,
        "16" : 0.100000,
        "32" : 0.100000,
        ">=64" : 99.973840
      },
      "iodepth_submit" : {
        "0" : 0.000000,
        "4" : 100.000000,
        "8" : 0.000000,
        "16" : 0.000000,
        "32" : 0.000000,
        "64" : 0.000000,
        ">=64" : 0.000000
      },
      "iodepth_complete" : {
        "0" : 0.000000,
        "4" : 99.999584,
        "8" : 0.000000,
        "16" : 0.000000,
        "32" : 0.000000,
        "64" : 0.000000,
        ">=64" : 0.100000
      },
      "latency_ns" : {
        "2" : 0.000000,
        "4" : 0.000000,
        "10" : 0.000000,
        "20" : 0.000000,
        "50" : 0.000000,
        "100" : 0.000000,
        "250" : 0.000000,
        "500" : 0.000000,
        "750" : 0.000000,
        "1000" : 0.000000
      },
      "latency_us" : {
        "2" : 0.000000,
        "4" : 0.000000,
        "10" : 0.010000,
        "20" : 0.000000,
        "50" : 0.000000,
        "100" : 0.000000,
        "250" : 0.000000,
        "500" : 0.010000,
        "750" : 0.010000,
        "1000" : 0.000000
      },
      "latency_ms" : {
        "2" : 0.010000,
        "4" : 0.010000,
        "10" : 0.010000,
        "20" : 0.016194,
        "50" : 0.225888,
        "100" : 98.394698,
        "250" : 1.350347,
        "500" : 0.000000,
        "750" : 0.000000,
        "1000" : 0.000000,
        "2000" : 0.000000,
        ">=2000" : 0.000000
      },
      "latency_depth" : 256,
      "latency_target" : 0,
      "latency_percentile" : 100.000000,
      "latency_window" : 0
    }
  ]
}
