{
  "fio version" : "fio-3.36",
  "timestamp" : 1729389424,
  "timestamp_ms" : 1729389424076,
  "time" : "Sat Oct 19 21:57:04 2024",
  "jobs" : [
    {
      "jobname" : "benchmark_test",
      "groupid" : 0,
      "job_start" : 1729389357136,
      "error" : 0,
      "eta" : 0,
      "elapsed" : 61,
      "job options" : {
        "name" : "benchmark_test",
        "filename" : "/mnt/e/testfile",
        "size" : "500M",
        "rw" : "randrw",
        "bs" : "4k",
        "iodepth" : "64",
        "ioengine" : "libaio",
        "direct" : "1",
        "numjobs" : "1",
        "runtime" : "60"
      },
      "read" : {
        "io_bytes" : 598704128,
        "io_kbytes" : 584672,
        "bw_bytes" : 9978235,
        "bw" : 9744,
        "iops" : 2436.092732,
        "runtime" : 60001,
        "total_ios" : 146168,
        "short_ios" : 0,
        "drop_ios" : 0,
        "slat_ns" : {
          "min" : 88395,
          "max" : 93718240,
          "mean" : 195573.424368,
          "stddev" : 489909.869741,
          "N" : 146168
        },
        "clat_ns" : {
          "min" : 5071,
          "max" : 610657083,
          "mean" : 12911293.671522,
          "stddev" : 11447761.286273,
          "N" : 146168,
          "percentile" : {
            "1.000000" : 8224768,
            "5.000000" : 8847360,
            "10.000000" : 9371648,
            "20.000000" : 10027008,
            "30.000000" : 10551296,
            "40.000000" : 11206656,
            "50.000000" : 11730944,
            "60.000000" : 12386304,
            "70.000000" : 13172736,
            "80.000000" : 14352384,
            "90.000000" : 16908288,
            "95.000000" : 19267584,
            "99.000000" : 25034752,
            "99.500000" : 34340864,
            "99.900000" : 152043520,
            "99.950000" : 223346688,
            "99.990000" : 608174080
          }
        },
        "lat_ns" : {
          "min" : 167791,
          "max" : 610874894,
          "mean" : 13106867.095890,
          "stddev" : 11521291.422129,
          "N" : 146168
        },
        "bw_min" : 1643,
        "bw_max" : 13344,
        "bw_agg" : 100.000000,
        "bw_mean" : 9761.756303,
        "bw_dev" : 2299.141936,
        "bw_samples" : 119,
        "iops_min" : 410,
        "iops_max" : 3336,
        "iops_mean" : 2440.411765,
        "iops_stddev" : 574.822484,
        "iops_samples" : 119
      },
      "write" : {
        "io_bytes" : 599371776,
        "io_kbytes" : 585324,
        "bw_bytes" : 9989363,
        "bw" : 9755,
        "iops" : 2438.809353,
        "runtime" : 60001,
        "total_ios" : 146331,
        "short_ios" : 0,
        "drop_ios" : 0,
        "slat_ns" : {
          "min" : 93854,
          "max" : 588813069,
          "mean" : 205902.707834,
          "stddev" : 1557338.819225,
          "N" : 146331
        },
        "clat_ns" : {
          "min" : 171830,
          "max" : 610617635,
          "mean" : 12934237.856073,
          "stddev" : 11690106.615966,
          "N" : 146331,
          "percentile" : {
            "1.000000" : 8224768,
            "5.000000" : 8847360,
            "10.000000" : 9240576,
            "20.000000" : 10027008,
            "30.000000" : 10551296,
            "40.000000" : 11206656,
            "50.000000" : 11730944,
            "60.000000" : 12386304,
            "70.000000" : 13172736,
            "80.000000" : 14352384,
            "90.000000" : 16711680,
            "95.000000" : 19529728,
            "99.000000" : 25034752,
            "99.500000" : 34865152,
            "99.900000" : 154140672,
            "99.950000" : 221249536,
            "99.990000" : 608174080
          }
        },
        "lat_ns" : {
          "min" : 373466,
          "max" : 610825031,
          "mean" : 13140140.563906,
          "stddev" : 11827569.134318,
          "N" : 146331
        },
        "bw_min" : 1675,
        "bw_max" : 13456,
        "bw_agg" : 100.000000,
        "bw_mean" : 9773.302521,
        "bw_dev" : 2285.911321,
        "bw_samples" : 119,
        "iops_min" : 418,
        "iops_max" : 3364,
        "iops_mean" : 2443.285714,
        "iops_stddev" : 571.510030,
        "iops_samples" : 119
      },
      "trim" : {
        "io_bytes" : 0,
        "io_kbytes" : 0,
        "bw_bytes" : 0,
        "bw" : 0,
        "iops" : 0.000000,
        "runtime" : 0,
        "total_ios" : 0,
        "short_ios" : 0,
        "drop_ios" : 0,
        "slat_ns" : {
          "min" : 0,
          "max" : 0,
          "mean" : 0.000000,
          "stddev" : 0.000000,
          "N" : 0
        },
        "clat_ns" : {
          "min" : 0,
          "max" : 0,
          "mean" : 0.000000,
          "stddev" : 0.000000,
          "N" : 0
        },
        "lat_ns" : {
          "min" : 0,
          "max" : 0,
          "mean" : 0.000000,
          "stddev" : 0.000000,
          "N" : 0
        },
        "bw_min" : 0,
        "bw_max" : 0,
        "bw_agg" : 0.000000,
        "bw_mean" : 0.000000,
        "bw_dev" : 0.000000,
        "bw_samples" : 0,
        "iops_min" : 0,
        "iops_max" : 0,
        "iops_mean" : 0.000000,
        "iops_stddev" : 0.000000,
        "iops_samples" : 0
      },
      "sync" : {
        "total_ios" : 0,
        "lat_ns" : {
          "min" : 0,
          "max" : 0,
          "mean" : 0.000000,
          "stddev" : 0.000000,
          "N" : 0
        }
      },
      "job_runtime" : 60000,
      "usr_cpu" : 3.063333,
      "sys_cpu" : 6.695000,
      "ctx" : 292510,
      "majf" : 0,
      "minf" : 16,
      "iodepth_level" : {
        "1" : 0.100000,
        "2" : 0.100000,
        "4" : 0.100000,
        "8" : 0.100000,
        "16" : 0.100000,
        "32" : 0.100000,
        ">=64" : 99.978461
      },
      "iodepth_submit" : {
        "0" : 0.000000,
        "4" : 100.000000,
        "8" : 0.000000,
        "16" : 0.000000,
        "32" : 0.000000,
        "64" : 0.000000,
        ">=64" : 0.000000
      },
      "iodepth_complete" : {
        "0" : 0.000000,
        "4" : 99.999658,
        "8" : 0.000000,
        "16" : 0.000000,
        "32" : 0.000000,
        "64" : 0.100000,
        ">=64" : 0.000000
      },
      "latency_ns" : {
        "2" : 0.000000,
        "4" : 0.000000,
        "10" : 0.000000,
        "20" : 0.000000,
        "50" : 0.000000,
        "100" : 0.000000,
        "250" : 0.000000,
        "500" : 0.000000,
        "750" : 0.000000,
        "1000" : 0.000000
      },
      "latency_us" : {
        "2" : 0.000000,
        "4" : 0.000000,
        "10" : 0.010000,
        "20" : 0.000000,
        "50" : 0.000000,
        "100" : 0.000000,
        "250" : 0.010000,
        "500" : 0.010000,
        "750" : 0.010000,
        "1000" : 0.010000
      },
      "latency_ms" : {
        "2" : 0.010000,
        "4" : 0.010000,
        "10" : 19.718016,
        "20" : 76.217013,
        "50" : 3.767534,
        "100" : 0.126838,
        "250" : 0.123077,
        "500" : 0.020513,
        "750" : 0.021539,
        "1000" : 0.000000,
        "2000" : 0.000000,
        ">=2000" : 0.000000
      },
      "latency_depth" : 64,
      "latency_target" : 0,
      "latency_percentile" : 100.000000,
      "latency_window" : 0
    }
  ]
}
