{
  "fio version" : "fio-3.36",
  "timestamp" : 1729391988,
  "timestamp_ms" : 1729391988516,
  "time" : "Sat Oct 19 22:39:48 2024",
  "jobs" : [
    {
      "jobname" : "benchmark_test",
      "groupid" : 0,
      "job_start" : 1729391924942,
      "error" : 0,
      "eta" : 0,
      "elapsed" : 61,
      "job options" : {
        "name" : "benchmark_test",
        "filename" : "/mnt/e/testfile",
        "size" : "500M",
        "rw" : "randwrite",
        "bs" : "16k",
        "iodepth" : "1024",
        "ioengine" : "libaio",
        "direct" : "1",
        "numjobs" : "1",
        "runtime" : "60"
      },
      "read" : {
        "io_bytes" : 0,
        "io_kbytes" : 0,
        "bw_bytes" : 0,
        "bw" : 0,
        "iops" : 0.000000,
        "runtime" : 0,
        "total_ios" : 0,
        "short_ios" : 0,
        "drop_ios" : 0,
        "slat_ns" : {
          "min" : 0,
          "max" : 0,
          "mean" : 0.000000,
          "stddev" : 0.000000,
          "N" : 0
        },
        "clat_ns" : {
          "min" : 0,
          "max" : 0,
          "mean" : 0.000000,
          "stddev" : 0.000000,
          "N" : 0
        },
        "lat_ns" : {
          "min" : 0,
          "max" : 0,
          "mean" : 0.000000,
          "stddev" : 0.000000,
          "N" : 0
        },
        "bw_min" : 0,
        "bw_max" : 0,
        "bw_agg" : 0.000000,
        "bw_mean" : 0.000000,
        "bw_dev" : 0.000000,
        "bw_samples" : 0,
        "iops_min" : 0,
        "iops_max" : 0,
        "iops_mean" : 0.000000,
        "iops_stddev" : 0.000000,
        "iops_samples" : 0
      },
      "write" : {
        "io_bytes" : 3404398592,
        "io_kbytes" : 3324608,
        "bw_bytes" : 56739030,
        "bw" : 55409,
        "iops" : 3463.075615,
        "runtime" : 60001,
        "total_ios" : 207788,
        "short_ios" : 0,
        "drop_ios" : 0,
        "slat_ns" : {
          "min" : 116843,
          "max" : 146187659,
          "mean" : 283270.506526,
          "stddev" : 705766.799618,
          "N" : 207788
        },
        "clat_ns" : {
          "min" : 92103,
          "max" : 998275521,
          "mean" : 294889518.801496,
          "stddev" : 139234203.202525,
          "N" : 207788,
          "percentile" : {
            "1.000000" : 196083712,
            "5.000000" : 204472320,
            "10.000000" : 210763776,
            "20.000000" : 219152384,
            "30.000000" : 227540992,
            "40.000000" : 233832448,
            "50.000000" : 246415360,
            "60.000000" : 263192576,
            "70.000000" : 283115520,
            "80.000000" : 316669952,
            "90.000000" : 429916160,
            "95.000000" : 650117120,
            "99.000000" : 893386752,
            "99.500000" : 977272832,
            "99.900000" : 994050048,
            "99.950000" : 994050048,
            "99.990000" : 994050048
          }
        },
        "lat_ns" : {
          "min" : 524517,
          "max" : 1000879990,
          "mean" : 295172789.308023,
          "stddev" : 139351532.673672,
          "N" : 207788
        },
        "bw_min" : 5152,
        "bw_max" : 81984,
        "bw_agg" : 99.774029,
        "bw_mean" : 55284.302521,
        "bw_dev" : 18974.337844,
        "bw_samples" : 119,
        "iops_min" : 322,
        "iops_max" : 5124,
        "iops_mean" : 3455.260504,
        "iops_stddev" : 1185.898476,
        "iops_samples" : 119
      },
      "trim" : {
        "io_bytes" : 0,
        "io_kbytes" : 0,
        "bw_bytes" : 0,
        "bw" : 0,
        "iops" : 0.000000,
        "runtime" : 0,
        "total_ios" : 0,
        "short_ios" : 0,
        "drop_ios" : 0,
        "slat_ns" : {
          "min" : 0,
          "max" : 0,
          "mean" : 0.000000,
          "stddev" : 0.000000,
          "N" : 0
        },
        "clat_ns" : {
          "min" : 0,
          "max" : 0,
          "mean" : 0.000000,
          "stddev" : 0.000000,
          "N" : 0
        },
        "lat_ns" : {
          "min" : 0,
          "max" : 0,
          "mean" : 0.000000,
          "stddev" : 0.000000,
          "N" : 0
        },
        "bw_min" : 0,
        "bw_max" : 0,
        "bw_agg" : 0.000000,
        "bw_mean" : 0.000000,
        "bw_dev" : 0.000000,
        "bw_samples" : 0,
        "iops_min" : 0,
        "iops_max" : 0,
        "iops_mean" : 0.000000,
        "iops_stddev" : 0.000000,
        "iops_samples" : 0
      },
      "sync" : {
        "total_ios" : 0,
        "lat_ns" : {
          "min" : 0,
          "max" : 0,
          "mean" : 0.000000,
          "stddev" : 0.000000,
          "N" : 0
        }
      },
      "job_runtime" : 60000,
      "usr_cpu" : 2.660000,
      "sys_cpu" : 6.696667,
      "ctx" : 207793,
      "majf" : 0,
      "minf" : 8,
      "iodepth_level" : {
        "1" : 0.100000,
        "2" : 0.100000,
        "4" : 0.100000,
        "8" : 0.100000,
        "16" : 0.100000,
        "32" : 0.100000,
        ">=64" : 99.969681
      },
      "iodepth_submit" : {
        "0" : 0.000000,
        "4" : 100.000000,
        "8" : 0.000000,
        "16" : 0.000000,
        "32" : 0.000000,
        "64" : 0.000000,
        ">=64" : 0.000000
      },
      "iodepth_complete" : {
        "0" : 0.000000,
        "4" : 99.999516,
        "8" : 0.000000,
        "16" : 0.000000,
        "32" : 0.000000,
        "64" : 0.000000,
        ">=64" : 0.100000
      },
      "latency_ns" : {
        "2" : 0.000000,
        "4" : 0.000000,
        "10" : 0.000000,
        "20" : 0.000000,
        "50" : 0.000000,
        "100" : 0.000000,
        "250" : 0.000000,
        "500" : 0.000000,
        "750" : 0.000000,
        "1000" : 0.000000
      },
      "latency_us" : {
        "2" : 0.000000,
        "4" : 0.000000,
        "10" : 0.000000,
        "20" : 0.000000,
        "50" : 0.000000,
        "100" : 0.010000,
        "250" : 0.000000,
        "500" : 0.000000,
        "750" : 0.010000,
        "1000" : 0.000000
      },
      "latency_ms" : {
        "2" : 0.010000,
        "4" : 0.010000,
        "10" : 0.010000,
        "20" : 0.010000,
        "50" : 0.028876,
        "100" : 0.067858,
        "250" : 52.367798,
        "500" : 39.425280,
        "750" : 5.102316,
        "1000" : 2.989104,
        "2000" : 0.000000,
        ">=2000" : 0.000000
      },
      "latency_depth" : 1024,
      "latency_target" : 0,
      "latency_percentile" : 100.000000,
      "latency_window" : 0
    }
  ]
}
