{
  "fio version" : "fio-3.36",
  "timestamp" : 1729389804,
  "timestamp_ms" : 1729389804323,
  "time" : "Sat Oct 19 22:03:24 2024",
  "jobs" : [
    {
      "jobname" : "benchmark_test",
      "groupid" : 0,
      "job_start" : 1729389741116,
      "error" : 0,
      "eta" : 0,
      "elapsed" : 61,
      "job options" : {
        "name" : "benchmark_test",
        "filename" : "/mnt/e/testfile",
        "size" : "500M",
        "rw" : "randrw",
        "bs" : "4k",
        "iodepth" : "256",
        "ioengine" : "libaio",
        "direct" : "1",
        "numjobs" : "1",
        "runtime" : "60"
      },
      "read" : {
        "io_bytes" : 634826752,
        "io_kbytes" : 619948,
        "bw_bytes" : 10580269,
        "bw" : 10332,
        "iops" : 2583.073615,
        "runtime" : 60001,
        "total_ios" : 154987,
        "short_ios" : 0,
        "drop_ios" : 0,
        "slat_ns" : {
          "min" : 91689,
          "max" : 98851212,
          "mean" : 191993.894643,
          "stddev" : 344511.979789,
          "N" : 154987
        },
        "clat_ns" : {
          "min" : 309531,
          "max" : 441115318,
          "mean" : 49243716.176235,
          "stddev" : 18174730.605008,
          "N" : 154987,
          "percentile" : {
            "1.000000" : 35389440,
            "5.000000" : 37486592,
            "10.000000" : 38535168,
            "20.000000" : 40632320,
            "30.000000" : 42205184,
            "40.000000" : 43253760,
            "50.000000" : 45350912,
            "60.000000" : 47448064,
            "70.000000" : 50069504,
            "80.000000" : 54263808,
            "90.000000" : 63176704,
            "95.000000" : 71827456,
            "99.000000" : 93847552,
            "99.500000" : 125304832,
            "99.900000" : 265289728,
            "99.950000" : 421527552,
            "99.990000" : 434110464
          }
        },
        "lat_ns" : {
          "min" : 448554,
          "max" : 441426973,
          "mean" : 49435710.070876,
          "stddev" : 18227697.561942,
          "N" : 154987
        },
        "bw_min" : 1688,
        "bw_max" : 13117,
        "bw_agg" : 99.822944,
        "bw_mean" : 10314.840336,
        "bw_dev" : 2200.072183,
        "bw_samples" : 119,
        "iops_min" : 422,
        "iops_max" : 3279,
        "iops_mean" : 2578.613445,
        "iops_stddev" : 549.965825,
        "iops_samples" : 119
      },
      "write" : {
        "io_bytes" : 635346944,
        "io_kbytes" : 620456,
        "bw_bytes" : 10588939,
        "bw" : 10340,
        "iops" : 2585.190247,
        "runtime" : 60001,
        "total_ios" : 155114,
        "short_ios" : 0,
        "drop_ios" : 0,
        "slat_ns" : {
          "min" : 91817,
          "max" : 65148889,
          "mean" : 187422.480427,
          "stddev" : 381199.748562,
          "N" : 155114
        },
        "clat_ns" : {
          "min" : 4159,
          "max" : 441203413,
          "mean" : 49230503.865035,
          "stddev" : 18500629.437354,
          "N" : 155114,
          "percentile" : {
            "1.000000" : 35389440,
            "5.000000" : 37486592,
            "10.000000" : 38535168,
            "20.000000" : 40632320,
            "30.000000" : 42205184,
            "40.000000" : 43253760,
            "50.000000" : 45350912,
            "60.000000" : 47448064,
            "70.000000" : 50069504,
            "80.000000" : 54263808,
            "90.000000" : 63176704,
            "95.000000" : 71827456,
            "99.000000" : 94896128,
            "99.500000" : 125304832,
            "99.900000" : 270532608,
            "99.950000" : 425721856,
            "99.990000" : 434110464
          }
        },
        "lat_ns" : {
          "min" : 161583,
          "max" : 441488312,
          "mean" : 49417926.345462,
          "stddev" : 18558654.747267,
          "N" : 155114
        },
        "bw_min" : 1832,
        "bw_max" : 13652,
        "bw_agg" : 99.837916,
        "bw_mean" : 10324.899160,
        "bw_dev" : 2244.365915,
        "bw_samples" : 119,
        "iops_min" : 458,
        "iops_max" : 3413,
        "iops_mean" : 2581.109244,
        "iops_stddev" : 561.033003,
        "iops_samples" : 119
      },
      "trim" : {
        "io_bytes" : 0,
        "io_kbytes" : 0,
        "bw_bytes" : 0,
        "bw" : 0,
        "iops" : 0.000000,
        "runtime" : 0,
        "total_ios" : 0,
        "short_ios" : 0,
        "drop_ios" : 0,
        "slat_ns" : {
          "min" : 0,
          "max" : 0,
          "mean" : 0.000000,
          "stddev" : 0.000000,
          "N" : 0
        },
        "clat_ns" : {
          "min" : 0,
          "max" : 0,
          "mean" : 0.000000,
          "stddev" : 0.000000,
          "N" : 0
        },
        "lat_ns" : {
          "min" : 0,
          "max" : 0,
          "mean" : 0.000000,
          "stddev" : 0.000000,
          "N" : 0
        },
        "bw_min" : 0,
        "bw_max" : 0,
        "bw_agg" : 0.000000,
        "bw_mean" : 0.000000,
        "bw_dev" : 0.000000,
        "bw_samples" : 0,
        "iops_min" : 0,
        "iops_max" : 0,
        "iops_mean" : 0.000000,
        "iops_stddev" : 0.000000,
        "iops_samples" : 0
      },
      "sync" : {
        "total_ios" : 0,
        "lat_ns" : {
          "min" : 0,
          "max" : 0,
          "mean" : 0.000000,
          "stddev" : 0.000000,
          "N" : 0
        }
      },
      "job_runtime" : 60000,
      "usr_cpu" : 2.503333,
      "sys_cpu" : 6.120000,
      "ctx" : 310111,
      "majf" : 0,
      "minf" : 16,
      "iodepth_level" : {
        "1" : 0.100000,
        "2" : 0.100000,
        "4" : 0.100000,
        "8" : 0.100000,
        "16" : 0.100000,
        "32" : 0.100000,
        ">=64" : 99.979684
      },
      "iodepth_submit" : {
        "0" : 0.000000,
        "4" : 100.000000,
        "8" : 0.000000,
        "16" : 0.000000,
        "32" : 0.000000,
        "64" : 0.000000,
        ">=64" : 0.000000
      },
      "iodepth_complete" : {
        "0" : 0.000000,
        "4" : 99.999677,
        "8" : 0.000000,
        "16" : 0.000000,
        "32" : 0.000000,
        "64" : 0.000000,
        ">=64" : 0.100000
      },
      "latency_ns" : {
        "2" : 0.000000,
        "4" : 0.000000,
        "10" : 0.000000,
        "20" : 0.000000,
        "50" : 0.000000,
        "100" : 0.000000,
        "250" : 0.000000,
        "500" : 0.000000,
        "750" : 0.000000,
        "1000" : 0.000000
      },
      "latency_us" : {
        "2" : 0.000000,
        "4" : 0.000000,
        "10" : 0.010000,
        "20" : 0.000000,
        "50" : 0.000000,
        "100" : 0.000000,
        "250" : 0.010000,
        "500" : 0.010000,
        "750" : 0.010000,
        "1000" : 0.010000
      },
      "latency_ms" : {
        "2" : 0.010000,
        "4" : 0.010000,
        "10" : 0.014834,
        "20" : 0.022251,
        "50" : 70.023960,
        "100" : 29.104066,
        "250" : 0.621733,
        "500" : 0.203805,
        "750" : 0.000000,
        "1000" : 0.000000,
        "2000" : 0.000000,
        ">=2000" : 0.000000
      },
      "latency_depth" : 256,
      "latency_target" : 0,
      "latency_percentile" : 100.000000,
      "latency_window" : 0
    }
  ]
}
