{
  "fio version" : "fio-3.36",
  "timestamp" : 1729390120,
  "timestamp_ms" : 1729390120869,
  "time" : "Sat Oct 19 22:08:40 2024",
  "jobs" : [
    {
      "jobname" : "benchmark_test",
      "groupid" : 0,
      "job_start" : 1729390057719,
      "error" : 0,
      "eta" : 0,
      "elapsed" : 61,
      "job options" : {
        "name" : "benchmark_test",
        "filename" : "/mnt/e/testfile",
        "size" : "500M",
        "rw" : "rw",
        "bs" : "4k",
        "iodepth" : "1024",
        "ioengine" : "libaio",
        "direct" : "1",
        "numjobs" : "1",
        "runtime" : "60"
      },
      "read" : {
        "io_bytes" : 626700288,
        "io_kbytes" : 612012,
        "bw_bytes" : 10444830,
        "bw" : 10200,
        "iops" : 2550.007500,
        "runtime" : 60001,
        "total_ios" : 153003,
        "short_ios" : 0,
        "drop_ios" : 0,
        "slat_ns" : {
          "min" : 92211,
          "max" : 39238153,
          "mean" : 187977.776325,
          "stddev" : 333428.591246,
          "N" : 153003
        },
        "clat_ns" : {
          "min" : 14924,
          "max" : 628100029,
          "mean" : 200346946.610827,
          "stddev" : 50624334.975688,
          "N" : 153003,
          "percentile" : {
            "1.000000" : 147849216,
            "5.000000" : 154140672,
            "10.000000" : 158334976,
            "20.000000" : 164626432,
            "30.000000" : 170917888,
            "40.000000" : 179306496,
            "50.000000" : 189792256,
            "60.000000" : 198180864,
            "70.000000" : 208666624,
            "80.000000" : 225443840,
            "90.000000" : 252706816,
            "95.000000" : 274726912,
            "99.000000" : 438304768,
            "99.500000" : 501219328,
            "99.900000" : 583008256,
            "99.950000" : 608174080,
            "99.990000" : 624951296
          }
        },
        "lat_ns" : {
          "min" : 212424,
          "max" : 628391486,
          "mean" : 200534924.387149,
          "stddev" : 50660839.088136,
          "N" : 153003
        },
        "bw_min" : 2721,
        "bw_max" : 13376,
        "bw_agg" : 99.764419,
        "bw_mean" : 10176.512605,
        "bw_dev" : 2011.526585,
        "bw_samples" : 119,
        "iops_min" : 680,
        "iops_max" : 3344,
        "iops_mean" : 2543.924370,
        "iops_stddev" : 502.883165,
        "iops_samples" : 119
      },
      "write" : {
        "io_bytes" : 627384320,
        "io_kbytes" : 612680,
        "bw_bytes" : 10456231,
        "bw" : 10211,
        "iops" : 2552.790787,
        "runtime" : 60001,
        "total_ios" : 153170,
        "short_ios" : 0,
        "drop_ios" : 0,
        "slat_ns" : {
          "min" : 97110,
          "max" : 48183099,
          "mean" : 196543.431821,
          "stddev" : 328205.883512,
          "N" : 153170
        },
        "clat_ns" : {
          "min" : 375934,
          "max" : 627993350,
          "mean" : 200071315.576100,
          "stddev" : 50181127.395084,
          "N" : 153170,
          "percentile" : {
            "1.000000" : 147849216,
            "5.000000" : 154140672,
            "10.000000" : 158334976,
            "20.000000" : 164626432,
            "30.000000" : 173015040,
            "40.000000" : 179306496,
            "50.000000" : 189792256,
            "60.000000" : 198180864,
            "70.000000" : 208666624,
            "80.000000" : 225443840,
            "90.000000" : 252706816,
            "95.000000" : 270532608,
            "99.000000" : 434110464,
            "99.500000" : 492830720,
            "99.900000" : 574619648,
            "99.950000" : 608174080,
            "99.990000" : 624951296
          }
        },
        "lat_ns" : {
          "min" : 538530,
          "max" : 628188695,
          "mean" : 200267859.007920,
          "stddev" : 50217687.809773,
          "N" : 153170
        },
        "bw_min" : 2982,
        "bw_max" : 13256,
        "bw_agg" : 99.724193,
        "bw_mean" : 10183.983193,
        "bw_dev" : 2004.186491,
        "bw_samples" : 119,
        "iops_min" : 745,
        "iops_max" : 3314,
        "iops_mean" : 2545.781513,
        "iops_stddev" : 501.062687,
        "iops_samples" : 119
      },
      "trim" : {
        "io_bytes" : 0,
        "io_kbytes" : 0,
        "bw_bytes" : 0,
        "bw" : 0,
        "iops" : 0.000000,
        "runtime" : 0,
        "total_ios" : 0,
        "short_ios" : 0,
        "drop_ios" : 0,
        "slat_ns" : {
          "min" : 0,
          "max" : 0,
          "mean" : 0.000000,
          "stddev" : 0.000000,
          "N" : 0
        },
        "clat_ns" : {
          "min" : 0,
          "max" : 0,
          "mean" : 0.000000,
          "stddev" : 0.000000,
          "N" : 0
        },
        "lat_ns" : {
          "min" : 0,
          "max" : 0,
          "mean" : 0.000000,
          "stddev" : 0.000000,
          "N" : 0
        },
        "bw_min" : 0,
        "bw_max" : 0,
        "bw_agg" : 0.000000,
        "bw_mean" : 0.000000,
        "bw_dev" : 0.000000,
        "bw_samples" : 0,
        "iops_min" : 0,
        "iops_max" : 0,
        "iops_mean" : 0.000000,
        "iops_stddev" : 0.000000,
        "iops_samples" : 0
      },
      "sync" : {
        "total_ios" : 0,
        "lat_ns" : {
          "min" : 0,
          "max" : 0,
          "mean" : 0.000000,
          "stddev" : 0.000000,
          "N" : 0
        }
      },
      "job_runtime" : 60000,
      "usr_cpu" : 2.516667,
      "sys_cpu" : 6.458333,
      "ctx" : 306181,
      "majf" : 0,
      "minf" : 14,
      "iodepth_level" : {
        "1" : 0.100000,
        "2" : 0.100000,
        "4" : 0.100000,
        "8" : 0.100000,
        "16" : 0.100000,
        "32" : 0.100000,
        ">=64" : 99.979423
      },
      "iodepth_submit" : {
        "0" : 0.000000,
        "4" : 100.000000,
        "8" : 0.000000,
        "16" : 0.000000,
        "32" : 0.000000,
        "64" : 0.000000,
        ">=64" : 0.000000
      },
      "iodepth_complete" : {
        "0" : 0.000000,
        "4" : 99.999672,
        "8" : 0.000000,
        "16" : 0.000000,
        "32" : 0.000000,
        "64" : 0.000000,
        ">=64" : 0.100000
      },
      "latency_ns" : {
        "2" : 0.000000,
        "4" : 0.000000,
        "10" : 0.000000,
        "20" : 0.000000,
        "50" : 0.000000,
        "100" : 0.000000,
        "250" : 0.000000,
        "500" : 0.000000,
        "750" : 0.000000,
        "1000" : 0.000000
      },
      "latency_us" : {
        "2" : 0.000000,
        "4" : 0.000000,
        "10" : 0.000000,
        "20" : 0.010000,
        "50" : 0.000000,
        "100" : 0.000000,
        "250" : 0.010000,
        "500" : 0.010000,
        "750" : 0.010000,
        "1000" : 0.010000
      },
      "latency_ms" : {
        "2" : 0.010000,
        "4" : 0.010000,
        "10" : 0.010000,
        "20" : 0.014044,
        "50" : 0.048339,
        "100" : 0.090472,
        "250" : 89.043123,
        "500" : 10.287974,
        "750" : 0.500371,
        "1000" : 0.000000,
        "2000" : 0.000000,
        ">=2000" : 0.000000
      },
      "latency_depth" : 1024,
      "latency_target" : 0,
      "latency_percentile" : 100.000000,
      "latency_window" : 0
    }
  ]
}
