{
  "fio version" : "fio-3.36",
  "timestamp" : 1729394424,
  "timestamp_ms" : 1729394424400,
  "time" : "Sat Oct 19 23:20:24 2024",
  "jobs" : [
    {
      "jobname" : "benchmark_test",
      "groupid" : 0,
      "job_start" : 1729394362542,
      "error" : 0,
      "eta" : 0,
      "elapsed" : 61,
      "job options" : {
        "name" : "benchmark_test",
        "filename" : "/mnt/e/testfile",
        "size" : "500M",
        "rw" : "randrw",
        "bs" : "128k",
        "iodepth" : "1",
        "ioengine" : "libaio",
        "direct" : "1",
        "numjobs" : "1",
        "runtime" : "60"
      },
      "read" : {
        "io_bytes" : 3526361088,
        "io_kbytes" : 3443712,
        "bw_bytes" : 58770725,
        "bw" : 57393,
        "iops" : 448.385054,
        "runtime" : 60002,
        "total_ios" : 26904,
        "short_ios" : 0,
        "drop_ios" : 0,
        "slat_ns" : {
          "min" : 569550,
          "max" : 37679921,
          "mean" : 1022041.651613,
          "stddev" : 363357.471419,
          "N" : 26904
        },
        "clat_ns" : {
          "min" : 1012,
          "max" : 141554,
          "mean" : 5050.244908,
          "stddev" : 4840.269162,
          "N" : 26904,
          "percentile" : {
            "1.000000" : 1288,
            "5.000000" : 1768,
            "10.000000" : 2256,
            "20.000000" : 2800,
            "30.000000" : 3184,
            "40.000000" : 3568,
            "50.000000" : 3952,
            "60.000000" : 4448,
            "70.000000" : 5152,
            "80.000000" : 6240,
            "90.000000" : 8256,
            "95.000000" : 10688,
            "99.000000" : 23424,
            "99.500000" : 31104,
            "99.900000" : 61696,
            "99.950000" : 84480,
            "99.990000" : 127488
          }
        },
        "lat_ns" : {
          "min" : 570836,
          "max" : 37691562,
          "mean" : 1027091.896521,
          "stddev" : 365109.036344,
          "N" : 26904
        },
        "bw_min" : 30208,
        "bw_max" : 68096,
        "bw_agg" : 100.000000,
        "bw_mean" : 57537.974790,
        "bw_dev" : 6104.469133,
        "bw_samples" : 119,
        "iops_min" : 236,
        "iops_max" : 532,
        "iops_mean" : 449.453782,
        "iops_stddev" : 47.653187,
        "iops_samples" : 119
      },
      "write" : {
        "io_bytes" : 3524919296,
        "io_kbytes" : 3442304,
        "bw_bytes" : 58746696,
        "bw" : 57369,
        "iops" : 448.201727,
        "runtime" : 60002,
        "total_ios" : 26893,
        "short_ios" : 0,
        "drop_ios" : 0,
        "slat_ns" : {
          "min" : 659647,
          "max" : 33862148,
          "mean" : 1188925.332540,
          "stddev" : 416716.879552,
          "N" : 26893
        },
        "clat_ns" : {
          "min" : 1112,
          "max" : 263089,
          "mean" : 5597.758971,
          "stddev" : 5170.495853,
          "N" : 26893,
          "percentile" : {
            "1.000000" : 1688,
            "5.000000" : 2352,
            "10.000000" : 2768,
            "20.000000" : 3184,
            "30.000000" : 3536,
            "40.000000" : 3920,
            "50.000000" : 4384,
            "60.000000" : 4960,
            "70.000000" : 5728,
            "80.000000" : 6944,
            "90.000000" : 9024,
            "95.000000" : 11456,
            "99.000000" : 25216,
            "99.500000" : 33024,
            "99.900000" : 55040,
            "99.950000" : 82432,
            "99.990000" : 140288
          }
        },
        "lat_ns" : {
          "min" : 661385,
          "max" : 33874380,
          "mean" : 1194523.091511,
          "stddev" : 418607.990436,
          "N" : 26893
        },
        "bw_min" : 35584,
        "bw_max" : 68352,
        "bw_agg" : 100.000000,
        "bw_mean" : 57475.924370,
        "bw_dev" : 6202.202030,
        "bw_samples" : 119,
        "iops_min" : 278,
        "iops_max" : 534,
        "iops_mean" : 448.983193,
        "iops_stddev" : 48.444968,
        "iops_samples" : 119
      },
      "trim" : {
        "io_bytes" : 0,
        "io_kbytes" : 0,
        "bw_bytes" : 0,
        "bw" : 0,
        "iops" : 0.000000,
        "runtime" : 0,
        "total_ios" : 0,
        "short_ios" : 0,
        "drop_ios" : 0,
        "slat_ns" : {
          "min" : 0,
          "max" : 0,
          "mean" : 0.000000,
          "stddev" : 0.000000,
          "N" : 0
        },
        "clat_ns" : {
          "min" : 0,
          "max" : 0,
          "mean" : 0.000000,
          "stddev" : 0.000000,
          "N" : 0
        },
        "lat_ns" : {
          "min" : 0,
          "max" : 0,
          "mean" : 0.000000,
          "stddev" : 0.000000,
          "N" : 0
        },
        "bw_min" : 0,
        "bw_max" : 0,
        "bw_agg" : 0.000000,
        "bw_mean" : 0.000000,
        "bw_dev" : 0.000000,
        "bw_samples" : 0,
        "iops_min" : 0,
        "iops_max" : 0,
        "iops_mean" : 0.000000,
        "iops_stddev" : 0.000000,
        "iops_samples" : 0
      },
      "sync" : {
        "total_ios" : 0,
        "lat_ns" : {
          "min" : 0,
          "max" : 0,
          "mean" : 0.000000,
          "stddev" : 0.000000,
          "N" : 0
        }
      },
      "job_runtime" : 60001,
      "usr_cpu" : 1.388310,
      "sys_cpu" : 6.158231,
      "ctx" : 161396,
      "majf" : 0,
      "minf" : 13,
      "iodepth_level" : {
        "1" : 100.000000,
        "2" : 0.000000,
        "4" : 0.000000,
        "8" : 0.000000,
        "16" : 0.000000,
        "32" : 0.000000,
        ">=64" : 0.000000
      },
      "iodepth_submit" : {
        "0" : 0.000000,
        "4" : 100.000000,
        "8" : 0.000000,
        "16" : 0.000000,
        "32" : 0.000000,
        "64" : 0.000000,
        ">=64" : 0.000000
      },
      "iodepth_complete" : {
        "0" : 0.000000,
        "4" : 100.000000,
        "8" : 0.000000,
        "16" : 0.000000,
        "32" : 0.000000,
        "64" : 0.000000,
        ">=64" : 0.000000
      },
      "latency_ns" : {
        "2" : 0.000000,
        "4" : 0.000000,
        "10" : 0.000000,
        "20" : 0.000000,
        "50" : 0.000000,
        "100" : 0.000000,
        "250" : 0.000000,
        "500" : 0.000000,
        "750" : 0.000000,
        "1000" : 0.000000
      },
      "latency_us" : {
        "2" : 4.903619,
        "4" : 41.507891,
        "10" : 46.991468,
        "20" : 5.022585,
        "50" : 1.425730,
        "100" : 0.120825,
        "250" : 0.026024,
        "500" : 0.010000,
        "750" : 0.000000,
        "1000" : 0.000000
      },
      "latency_ms" : {
        "2" : 0.000000,
        "4" : 0.000000,
        "10" : 0.000000,
        "20" : 0.000000,
        "50" : 0.000000,
        "100" : 0.000000,
        "250" : 0.000000,
        "500" : 0.000000,
        "750" : 0.000000,
        "1000" : 0.000000,
        "2000" : 0.000000,
        ">=2000" : 0.000000
      },
      "latency_depth" : 1,
      "latency_target" : 0,
      "latency_percentile" : 100.000000,
      "latency_window" : 0
    }
  ]
}
