{
  "fio version" : "fio-3.36",
  "timestamp" : 1729390575,
  "timestamp_ms" : 1729390575443,
  "time" : "Sat Oct 19 22:16:15 2024",
  "jobs" : [
    {
      "jobname" : "benchmark_test",
      "groupid" : 0,
      "job_start" : 1729390509828,
      "error" : 0,
      "eta" : 0,
      "elapsed" : 61,
      "job options" : {
        "name" : "benchmark_test",
        "filename" : "/mnt/e/testfile",
        "size" : "500M",
        "rw" : "randrw",
        "bs" : "16k",
        "iodepth" : "1",
        "ioengine" : "libaio",
        "direct" : "1",
        "numjobs" : "1",
        "runtime" : "60"
      },
      "read" : {
        "io_bytes" : 1621524480,
        "io_kbytes" : 1583520,
        "bw_bytes" : 27024957,
        "bw" : 26391,
        "iops" : 1649.472509,
        "runtime" : 60001,
        "total_ios" : 98970,
        "short_ios" : 0,
        "drop_ios" : 0,
        "slat_ns" : {
          "min" : 109734,
          "max" : 88400517,
          "mean" : 316068.977882,
          "stddev" : 755156.344903,
          "N" : 98970
        },
        "clat_ns" : {
          "min" : 818,
          "max" : 246734,
          "mean" : 2870.915944,
          "stddev" : 2968.145539,
          "N" : 98970,
          "percentile" : {
            "1.000000" : 900,
            "5.000000" : 980,
            "10.000000" : 1064,
            "20.000000" : 1272,
            "30.000000" : 1448,
            "40.000000" : 1720,
            "50.000000" : 2352,
            "60.000000" : 2864,
            "70.000000" : 3344,
            "80.000000" : 4016,
            "90.000000" : 5024,
            "95.000000" : 5984,
            "99.000000" : 11072,
            "99.500000" : 14272,
            "99.900000" : 35072,
            "99.950000" : 47360,
            "99.990000" : 104960
          }
        },
        "lat_ns" : {
          "min" : 110976,
          "max" : 88413735,
          "mean" : 318939.893826,
          "stddev" : 755784.391496,
          "N" : 98970
        },
        "bw_min" : 1024,
        "bw_max" : 45787,
        "bw_agg" : 99.736433,
        "bw_mean" : 26322.647059,
        "bw_dev" : 9797.425068,
        "bw_samples" : 119,
        "iops_min" : 64,
        "iops_max" : 2861,
        "iops_mean" : 1645.016807,
        "iops_stddev" : 612.371757,
        "iops_samples" : 119
      },
      "write" : {
        "io_bytes" : 1619083264,
        "io_kbytes" : 1581136,
        "bw_bytes" : 26984271,
        "bw" : 26351,
        "iops" : 1646.989217,
        "runtime" : 60001,
        "total_ios" : 98821,
        "short_ios" : 0,
        "drop_ios" : 0,
        "slat_ns" : {
          "min" : 119586,
          "max" : 200022991,
          "mean" : 279486.397760,
          "stddev" : 798845.991252,
          "N" : 98821
        },
        "clat_ns" : {
          "min" : 840,
          "max" : 197356,
          "mean" : 3038.711873,
          "stddev" : 2978.794587,
          "N" : 98821,
          "percentile" : {
            "1.000000" : 956,
            "5.000000" : 1048,
            "10.000000" : 1160,
            "20.000000" : 1416,
            "30.000000" : 1608,
            "40.000000" : 1896,
            "50.000000" : 2512,
            "60.000000" : 3024,
            "70.000000" : 3536,
            "80.000000" : 4256,
            "90.000000" : 5280,
            "95.000000" : 6240,
            "99.000000" : 11072,
            "99.500000" : 14528,
            "99.900000" : 36096,
            "99.950000" : 51968,
            "99.990000" : 89600
          }
        },
        "lat_ns" : {
          "min" : 121049,
          "max" : 200035251,
          "mean" : 282525.109633,
          "stddev" : 799322.603789,
          "N" : 98821
        },
        "bw_min" : 1280,
        "bw_max" : 44216,
        "bw_agg" : 99.678098,
        "bw_mean" : 26267.025210,
        "bw_dev" : 9886.961332,
        "bw_samples" : 119,
        "iops_min" : 80,
        "iops_max" : 2763,
        "iops_mean" : 1641.529412,
        "iops_stddev" : 617.982870,
        "iops_samples" : 119
      },
      "trim" : {
        "io_bytes" : 0,
        "io_kbytes" : 0,
        "bw_bytes" : 0,
        "bw" : 0,
        "iops" : 0.000000,
        "runtime" : 0,
        "total_ios" : 0,
        "short_ios" : 0,
        "drop_ios" : 0,
        "slat_ns" : {
          "min" : 0,
          "max" : 0,
          "mean" : 0.000000,
          "stddev" : 0.000000,
          "N" : 0
        },
        "clat_ns" : {
          "min" : 0,
          "max" : 0,
          "mean" : 0.000000,
          "stddev" : 0.000000,
          "N" : 0
        },
        "lat_ns" : {
          "min" : 0,
          "max" : 0,
          "mean" : 0.000000,
          "stddev" : 0.000000,
          "N" : 0
        },
        "bw_min" : 0,
        "bw_max" : 0,
        "bw_agg" : 0.000000,
        "bw_mean" : 0.000000,
        "bw_dev" : 0.000000,
        "bw_samples" : 0,
        "iops_min" : 0,
        "iops_max" : 0,
        "iops_mean" : 0.000000,
        "iops_stddev" : 0.000000,
        "iops_samples" : 0
      },
      "sync" : {
        "total_ios" : 0,
        "lat_ns" : {
          "min" : 0,
          "max" : 0,
          "mean" : 0.000000,
          "stddev" : 0.000000,
          "N" : 0
        }
      },
      "job_runtime" : 60000,
      "usr_cpu" : 2.728333,
      "sys_cpu" : 6.736667,
      "ctx" : 197798,
      "majf" : 0,
      "minf" : 12,
      "iodepth_level" : {
        "1" : 100.000000,
        "2" : 0.000000,
        "4" : 0.000000,
        "8" : 0.000000,
        "16" : 0.000000,
        "32" : 0.000000,
        ">=64" : 0.000000
      },
      "iodepth_submit" : {
        "0" : 0.000000,
        "4" : 100.000000,
        "8" : 0.000000,
        "16" : 0.000000,
        "32" : 0.000000,
        "64" : 0.000000,
        ">=64" : 0.000000
      },
      "iodepth_complete" : {
        "0" : 0.000000,
        "4" : 100.000000,
        "8" : 0.000000,
        "16" : 0.000000,
        "32" : 0.000000,
        "64" : 0.000000,
        ">=64" : 0.000000
      },
      "latency_ns" : {
        "2" : 0.000000,
        "4" : 0.000000,
        "10" : 0.000000,
        "20" : 0.000000,
        "50" : 0.000000,
        "100" : 0.000000,
        "250" : 0.000000,
        "500" : 0.000000,
        "750" : 0.000000,
        "1000" : 4.480487
      },
      "latency_us" : {
        "2" : 39.253050,
        "4" : 34.680041,
        "10" : 20.305777,
        "20" : 0.990439,
        "50" : 0.242680,
        "100" : 0.038930,
        "250" : 0.010000,
        "500" : 0.000000,
        "750" : 0.000000,
        "1000" : 0.000000
      },
      "latency_ms" : {
        "2" : 0.000000,
        "4" : 0.000000,
        "10" : 0.000000,
        "20" : 0.000000,
        "50" : 0.000000,
        "100" : 0.000000,
        "250" : 0.000000,
        "500" : 0.000000,
        "750" : 0.000000,
        "1000" : 0.000000,
        "2000" : 0.000000,
        ">=2000" : 0.000000
      },
      "latency_depth" : 1,
      "latency_target" : 0,
      "latency_percentile" : 100.000000,
      "latency_window" : 0
    }
  ]
}
