{
  "fio version" : "fio-3.36",
  "timestamp" : 1729391275,
  "timestamp_ms" : 1729391275339,
  "time" : "Sat Oct 19 22:27:55 2024",
  "jobs" : [
    {
      "jobname" : "benchmark_test",
      "groupid" : 0,
      "job_start" : 1729391213752,
      "error" : 0,
      "eta" : 0,
      "elapsed" : 61,
      "job options" : {
        "name" : "benchmark_test",
        "filename" : "/mnt/e/testfile",
        "size" : "500M",
        "rw" : "rw",
        "bs" : "16k",
        "iodepth" : "64",
        "ioengine" : "libaio",
        "direct" : "1",
        "numjobs" : "1",
        "runtime" : "60"
      },
      "read" : {
        "io_bytes" : 2448359424,
        "io_kbytes" : 2390976,
        "bw_bytes" : 40805310,
        "bw" : 39848,
        "iops" : 2490.558491,
        "runtime" : 60001,
        "total_ios" : 149436,
        "short_ios" : 0,
        "drop_ios" : 0,
        "slat_ns" : {
          "min" : 95476,
          "max" : 24775188,
          "mean" : 185779.177347,
          "stddev" : 112461.114920,
          "N" : 149436
        },
        "clat_ns" : {
          "min" : 11829,
          "max" : 91990847,
          "mean" : 12632070.190724,
          "stddev" : 3087623.730938,
          "N" : 149436,
          "percentile" : {
            "1.000000" : 9371648,
            "5.000000" : 9895936,
            "10.000000" : 10158080,
            "20.000000" : 10551296,
            "30.000000" : 10944512,
            "40.000000" : 11468800,
            "50.000000" : 11862016,
            "60.000000" : 12386304,
            "70.000000" : 13041664,
            "80.000000" : 13959168,
            "90.000000" : 15925248,
            "95.000000" : 18219008,
            "99.000000" : 23199744,
            "99.500000" : 24510464,
            "99.900000" : 27131904,
            "99.950000" : 29491200,
            "99.990000" : 86507520
          }
        },
        "lat_ns" : {
          "min" : 372754,
          "max" : 92141367,
          "mean" : 12817849.368071,
          "stddev" : 3125257.969577,
          "N" : 149436
        },
        "bw_min" : 21152,
        "bw_max" : 47584,
        "bw_agg" : 99.965029,
        "bw_mean" : 39835.310924,
        "bw_dev" : 5956.133929,
        "bw_samples" : 119,
        "iops_min" : 1322,
        "iops_max" : 2974,
        "iops_mean" : 2489.495798,
        "iops_stddev" : 372.226145,
        "iops_samples" : 119
      },
      "write" : {
        "io_bytes" : 2450718720,
        "io_kbytes" : 2393280,
        "bw_bytes" : 40844631,
        "bw" : 39887,
        "iops" : 2492.958451,
        "runtime" : 60001,
        "total_ios" : 149580,
        "short_ios" : 0,
        "drop_ios" : 0,
        "slat_ns" : {
          "min" : 114991,
          "max" : 24442295,
          "mean" : 208455.121119,
          "stddev" : 111727.980195,
          "N" : 149580
        },
        "clat_ns" : {
          "min" : 381403,
          "max" : 91904085,
          "mean" : 12649664.348415,
          "stddev" : 3049029.364744,
          "N" : 149580,
          "percentile" : {
            "1.000000" : 9371648,
            "5.000000" : 9895936,
            "10.000000" : 10158080,
            "20.000000" : 10551296,
            "30.000000" : 10944512,
            "40.000000" : 11468800,
            "50.000000" : 11862016,
            "60.000000" : 12517376,
            "70.000000" : 13041664,
            "80.000000" : 13959168,
            "90.000000" : 15925248,
            "95.000000" : 18219008,
            "99.000000" : 23199744,
            "99.500000" : 24510464,
            "99.900000" : 27131904,
            "99.950000" : 28442624,
            "99.990000" : 86507520
          }
        },
        "lat_ns" : {
          "min" : 710629,
          "max" : 92225149,
          "mean" : 12858119.469535,
          "stddev" : 3090204.027271,
          "N" : 149580
        },
        "bw_min" : 21365,
        "bw_max" : 47200,
        "bw_agg" : 99.999160,
        "bw_mean" : 39887.924370,
        "bw_dev" : 5740.137448,
        "bw_samples" : 119,
        "iops_min" : 1335,
        "iops_max" : 2950,
        "iops_mean" : 2492.781513,
        "iops_stddev" : 358.706673,
        "iops_samples" : 119
      },
      "trim" : {
        "io_bytes" : 0,
        "io_kbytes" : 0,
        "bw_bytes" : 0,
        "bw" : 0,
        "iops" : 0.000000,
        "runtime" : 0,
        "total_ios" : 0,
        "short_ios" : 0,
        "drop_ios" : 0,
        "slat_ns" : {
          "min" : 0,
          "max" : 0,
          "mean" : 0.000000,
          "stddev" : 0.000000,
          "N" : 0
        },
        "clat_ns" : {
          "min" : 0,
          "max" : 0,
          "mean" : 0.000000,
          "stddev" : 0.000000,
          "N" : 0
        },
        "lat_ns" : {
          "min" : 0,
          "max" : 0,
          "mean" : 0.000000,
          "stddev" : 0.000000,
          "N" : 0
        },
        "bw_min" : 0,
        "bw_max" : 0,
        "bw_agg" : 0.000000,
        "bw_mean" : 0.000000,
        "bw_dev" : 0.000000,
        "bw_samples" : 0,
        "iops_min" : 0,
        "iops_max" : 0,
        "iops_mean" : 0.000000,
        "iops_stddev" : 0.000000,
        "iops_samples" : 0
      },
      "sync" : {
        "total_ios" : 0,
        "lat_ns" : {
          "min" : 0,
          "max" : 0,
          "mean" : 0.000000,
          "stddev" : 0.000000,
          "N" : 0
        }
      },
      "job_runtime" : 60000,
      "usr_cpu" : 2.675000,
      "sys_cpu" : 7.301667,
      "ctx" : 299020,
      "majf" : 0,
      "minf" : 13,
      "iodepth_level" : {
        "1" : 0.100000,
        "2" : 0.100000,
        "4" : 0.100000,
        "8" : 0.100000,
        "16" : 0.100000,
        "32" : 0.100000,
        ">=64" : 99.978931
      },
      "iodepth_submit" : {
        "0" : 0.000000,
        "4" : 100.000000,
        "8" : 0.000000,
        "16" : 0.000000,
        "32" : 0.000000,
        "64" : 0.000000,
        ">=64" : 0.000000
      },
      "iodepth_complete" : {
        "0" : 0.000000,
        "4" : 99.999666,
        "8" : 0.000000,
        "16" : 0.000000,
        "32" : 0.000000,
        "64" : 0.100000,
        ">=64" : 0.000000
      },
      "latency_ns" : {
        "2" : 0.000000,
        "4" : 0.000000,
        "10" : 0.000000,
        "20" : 0.000000,
        "50" : 0.000000,
        "100" : 0.000000,
        "250" : 0.000000,
        "500" : 0.000000,
        "750" : 0.000000,
        "1000" : 0.000000
      },
      "latency_us" : {
        "2" : 0.000000,
        "4" : 0.000000,
        "10" : 0.000000,
        "20" : 0.010000,
        "50" : 0.000000,
        "100" : 0.000000,
        "250" : 0.000000,
        "500" : 0.010000,
        "750" : 0.010000,
        "1000" : 0.000000
      },
      "latency_ms" : {
        "2" : 0.010000,
        "4" : 0.010000,
        "10" : 7.084236,
        "20" : 89.745030,
        "50" : 3.122910,
        "100" : 0.041804,
        "250" : 0.000000,
        "500" : 0.000000,
        "750" : 0.000000,
        "1000" : 0.000000,
        "2000" : 0.000000,
        ">=2000" : 0.000000
      },
      "latency_depth" : 64,
      "latency_target" : 0,
      "latency_percentile" : 100.000000,
      "latency_window" : 0
    }
  ]
}
