{
  "fio version" : "fio-3.36",
  "timestamp" : 1729388965,
  "timestamp_ms" : 1729388965150,
  "time" : "Sat Oct 19 21:49:25 2024",
  "jobs" : [
    {
      "jobname" : "benchmark_test",
      "groupid" : 0,
      "job_start" : 1729388901897,
      "error" : 0,
      "eta" : 0,
      "elapsed" : 61,
      "job options" : {
        "name" : "benchmark_test",
        "filename" : "/mnt/e/testfile",
        "size" : "500M",
        "rw" : "rw",
        "bs" : "4k",
        "iodepth" : "16",
        "ioengine" : "libaio",
        "direct" : "1",
        "numjobs" : "1",
        "runtime" : "60"
      },
      "read" : {
        "io_bytes" : 702636032,
        "io_kbytes" : 686168,
        "bw_bytes" : 11710405,
        "bw" : 11435,
        "iops" : 2858.985684,
        "runtime" : 60001,
        "total_ios" : 171542,
        "short_ios" : 0,
        "drop_ios" : 0,
        "slat_ns" : {
          "min" : 85297,
          "max" : 87071286,
          "mean" : 167649.051049,
          "stddev" : 230463.407794,
          "N" : 171542
        },
        "clat_ns" : {
          "min" : 2020,
          "max" : 114707778,
          "mean" : 2625814.310385,
          "stddev" : 1154013.344036,
          "N" : 171542,
          "percentile" : {
            "1.000000" : 1777664,
            "5.000000" : 1875968,
            "10.000000" : 1925120,
            "20.000000" : 2023424,
            "30.000000" : 2146304,
            "40.000000" : 2277376,
            "50.000000" : 2473984,
            "60.000000" : 2670592,
            "70.000000" : 2867200,
            "80.000000" : 3063808,
            "90.000000" : 3391488,
            "95.000000" : 3817472,
            "99.000000" : 4947968,
            "99.500000" : 5472256,
            "99.900000" : 9764864,
            "99.950000" : 17170432,
            "99.990000" : 41680896
          }
        },
        "lat_ns" : {
          "min" : 186238,
          "max" : 116009167,
          "mean" : 2793463.361433,
          "stddev" : 1220681.648946,
          "N" : 171542
        },
        "bw_min" : 2308,
        "bw_max" : 13688,
        "bw_agg" : 99.991759,
        "bw_mean" : 11435.134454,
        "bw_dev" : 1690.263518,
        "bw_samples" : 119,
        "iops_min" : 577,
        "iops_max" : 3422,
        "iops_mean" : 2858.546218,
        "iops_stddev" : 422.581428,
        "iops_samples" : 119
      },
      "write" : {
        "io_bytes" : 701820928,
        "io_kbytes" : 685372,
        "bw_bytes" : 11696820,
        "bw" : 11422,
        "iops" : 2855.669072,
        "runtime" : 60001,
        "total_ios" : 171343,
        "short_ios" : 0,
        "drop_ios" : 0,
        "slat_ns" : {
          "min" : 97314,
          "max" : 23957609,
          "mean" : 176419.490519,
          "stddev" : 134351.259180,
          "N" : 171343
        },
        "clat_ns" : {
          "min" : 375590,
          "max" : 115460704,
          "mean" : 2626733.767122,
          "stddev" : 1222309.568677,
          "N" : 171343,
          "percentile" : {
            "1.000000" : 1777664,
            "5.000000" : 1875968,
            "10.000000" : 1925120,
            "20.000000" : 2039808,
            "30.000000" : 2146304,
            "40.000000" : 2277376,
            "50.000000" : 2473984,
            "60.000000" : 2670592,
            "70.000000" : 2867200,
            "80.000000" : 3063808,
            "90.000000" : 3391488,
            "95.000000" : 3817472,
            "99.000000" : 4882432,
            "99.500000" : 5472256,
            "99.900000" : 9502720,
            "99.950000" : 16908288,
            "99.990000" : 50593792
          }
        },
        "lat_ns" : {
          "min" : 572020,
          "max" : 117137883,
          "mean" : 2803153.257641,
          "stddev" : 1274171.951078,
          "N" : 171343
        },
        "bw_min" : 2244,
        "bw_max" : 13432,
        "bw_agg" : 100.000000,
        "bw_mean" : 11424.554622,
        "bw_dev" : 1643.503707,
        "bw_samples" : 119,
        "iops_min" : 561,
        "iops_max" : 3358,
        "iops_mean" : 2855.915966,
        "iops_stddev" : 410.880278,
        "iops_samples" : 119
      },
      "trim" : {
        "io_bytes" : 0,
        "io_kbytes" : 0,
        "bw_bytes" : 0,
        "bw" : 0,
        "iops" : 0.000000,
        "runtime" : 0,
        "total_ios" : 0,
        "short_ios" : 0,
        "drop_ios" : 0,
        "slat_ns" : {
          "min" : 0,
          "max" : 0,
          "mean" : 0.000000,
          "stddev" : 0.000000,
          "N" : 0
        },
        "clat_ns" : {
          "min" : 0,
          "max" : 0,
          "mean" : 0.000000,
          "stddev" : 0.000000,
          "N" : 0
        },
        "lat_ns" : {
          "min" : 0,
          "max" : 0,
          "mean" : 0.000000,
          "stddev" : 0.000000,
          "N" : 0
        },
        "bw_min" : 0,
        "bw_max" : 0,
        "bw_agg" : 0.000000,
        "bw_mean" : 0.000000,
        "bw_dev" : 0.000000,
        "bw_samples" : 0,
        "iops_min" : 0,
        "iops_max" : 0,
        "iops_mean" : 0.000000,
        "iops_stddev" : 0.000000,
        "iops_samples" : 0
      },
      "sync" : {
        "total_ios" : 0,
        "lat_ns" : {
          "min" : 0,
          "max" : 0,
          "mean" : 0.000000,
          "stddev" : 0.000000,
          "N" : 0
        }
      },
      "job_runtime" : 60000,
      "usr_cpu" : 2.238333,
      "sys_cpu" : 5.898333,
      "ctx" : 342893,
      "majf" : 0,
      "minf" : 13,
      "iodepth_level" : {
        "1" : 0.100000,
        "2" : 0.100000,
        "4" : 0.100000,
        "8" : 0.100000,
        "16" : 99.995625,
        "32" : 0.000000,
        ">=64" : 0.000000
      },
      "iodepth_submit" : {
        "0" : 0.000000,
        "4" : 100.000000,
        "8" : 0.000000,
        "16" : 0.000000,
        "32" : 0.000000,
        "64" : 0.000000,
        ">=64" : 0.000000
      },
      "iodepth_complete" : {
        "0" : 0.000000,
        "4" : 99.999708,
        "8" : 0.000000,
        "16" : 0.100000,
        "32" : 0.000000,
        "64" : 0.000000,
        ">=64" : 0.000000
      },
      "latency_ns" : {
        "2" : 0.000000,
        "4" : 0.000000,
        "10" : 0.000000,
        "20" : 0.000000,
        "50" : 0.000000,
        "100" : 0.000000,
        "250" : 0.000000,
        "500" : 0.000000,
        "750" : 0.000000,
        "1000" : 0.000000
      },
      "latency_us" : {
        "2" : 0.000000,
        "4" : 0.010000,
        "10" : 0.000000,
        "20" : 0.000000,
        "50" : 0.000000,
        "100" : 0.000000,
        "250" : 0.010000,
        "500" : 0.010000,
        "750" : 0.010000,
        "1000" : 0.010000
      },
      "latency_ms" : {
        "2" : 16.859588,
        "4" : 79.220147,
        "10" : 3.826064,
        "20" : 0.048996,
        "50" : 0.034122,
        "100" : 0.010000,
        "250" : 0.010000,
        "500" : 0.000000,
        "750" : 0.000000,
        "1000" : 0.000000,
        "2000" : 0.000000,
        ">=2000" : 0.000000
      },
      "latency_depth" : 16,
      "latency_target" : 0,
      "latency_percentile" : 100.000000,
      "latency_window" : 0
    }
  ]
}
