{
  "fio version" : "fio-3.36",
  "timestamp" : 1729390958,
  "timestamp_ms" : 1729390958839,
  "time" : "Sat Oct 19 22:22:38 2024",
  "jobs" : [
    {
      "jobname" : "benchmark_test",
      "groupid" : 0,
      "job_start" : 1729390895564,
      "error" : 0,
      "eta" : 0,
      "elapsed" : 61,
      "job options" : {
        "name" : "benchmark_test",
        "filename" : "/mnt/e/testfile",
        "size" : "500M",
        "rw" : "randrw",
        "bs" : "16k",
        "iodepth" : "16",
        "ioengine" : "libaio",
        "direct" : "1",
        "numjobs" : "1",
        "runtime" : "60"
      },
      "read" : {
        "io_bytes" : 2535538688,
        "io_kbytes" : 2476112,
        "bw_bytes" : 42258273,
        "bw" : 41267,
        "iops" : 2579.240346,
        "runtime" : 60001,
        "total_ios" : 154757,
        "short_ios" : 0,
        "drop_ios" : 0,
        "slat_ns" : {
          "min" : 98905,
          "max" : 3939364,
          "mean" : 180164.425441,
          "stddev" : 57704.525122,
          "N" : 154757
        },
        "clat_ns" : {
          "min" : 681833,
          "max" : 17851338,
          "mean" : 2909547.247756,
          "stddev" : 637668.301835,
          "N" : 154757,
          "percentile" : {
            "1.000000" : 2113536,
            "5.000000" : 2211840,
            "10.000000" : 2310144,
            "20.000000" : 2408448,
            "30.000000" : 2473984,
            "40.000000" : 2605056,
            "50.000000" : 2736128,
            "60.000000" : 2899968,
            "70.000000" : 3129344,
            "80.000000" : 3391488,
            "90.000000" : 3719168,
            "95.000000" : 4112384,
            "99.000000" : 5079040,
            "99.500000" : 5406720,
            "99.900000" : 6193152,
            "99.950000" : 6520832,
            "99.990000" : 8355840
          }
        },
        "lat_ns" : {
          "min" : 930258,
          "max" : 18567394,
          "mean" : 3089711.673197,
          "stddev" : 672903.104147,
          "N" : 154757
        },
        "bw_min" : 26848,
        "bw_max" : 45472,
        "bw_agg" : 100.000000,
        "bw_mean" : 41278.386555,
        "bw_dev" : 3378.120240,
        "bw_samples" : 119,
        "iops_min" : 1678,
        "iops_max" : 2842,
        "iops_mean" : 2579.899160,
        "iops_stddev" : 211.132515,
        "iops_samples" : 119
      },
      "write" : {
        "io_bytes" : 2536603648,
        "io_kbytes" : 2477152,
        "bw_bytes" : 42276022,
        "bw" : 41285,
        "iops" : 2580.323661,
        "runtime" : 60001,
        "total_ios" : 154822,
        "short_ios" : 0,
        "drop_ios" : 0,
        "slat_ns" : {
          "min" : 109762,
          "max" : 2175762,
          "mean" : 200549.924978,
          "stddev" : 58510.578846,
          "N" : 154822
        },
        "clat_ns" : {
          "min" : 5616,
          "max" : 17734994,
          "mean" : 2907526.379552,
          "stddev" : 637580.043814,
          "N" : 154822,
          "percentile" : {
            "1.000000" : 2113536,
            "5.000000" : 2211840,
            "10.000000" : 2277376,
            "20.000000" : 2408448,
            "30.000000" : 2473984,
            "40.000000" : 2605056,
            "50.000000" : 2736128,
            "60.000000" : 2899968,
            "70.000000" : 3129344,
            "80.000000" : 3391488,
            "90.000000" : 3719168,
            "95.000000" : 4112384,
            "99.000000" : 5013504,
            "99.500000" : 5406720,
            "99.900000" : 6258688,
            "99.950000" : 6651904,
            "99.990000" : 8093696
          }
        },
        "lat_ns" : {
          "min" : 392049,
          "max" : 18536135,
          "mean" : 3108076.304530,
          "stddev" : 673438.141792,
          "N" : 154822
        },
        "bw_min" : 26272,
        "bw_max" : 47584,
        "bw_agg" : 100.000000,
        "bw_mean" : 41318.991597,
        "bw_dev" : 3700.288151,
        "bw_samples" : 119,
        "iops_min" : 1642,
        "iops_max" : 2974,
        "iops_mean" : 2582.436975,
        "iops_stddev" : 231.268009,
        "iops_samples" : 119
      },
      "trim" : {
        "io_bytes" : 0,
        "io_kbytes" : 0,
        "bw_bytes" : 0,
        "bw" : 0,
        "iops" : 0.000000,
        "runtime" : 0,
        "total_ios" : 0,
        "short_ios" : 0,
        "drop_ios" : 0,
        "slat_ns" : {
          "min" : 0,
          "max" : 0,
          "mean" : 0.000000,
          "stddev" : 0.000000,
          "N" : 0
        },
        "clat_ns" : {
          "min" : 0,
          "max" : 0,
          "mean" : 0.000000,
          "stddev" : 0.000000,
          "N" : 0
        },
        "lat_ns" : {
          "min" : 0,
          "max" : 0,
          "mean" : 0.000000,
          "stddev" : 0.000000,
          "N" : 0
        },
        "bw_min" : 0,
        "bw_max" : 0,
        "bw_agg" : 0.000000,
        "bw_mean" : 0.000000,
        "bw_dev" : 0.000000,
        "bw_samples" : 0,
        "iops_min" : 0,
        "iops_max" : 0,
        "iops_mean" : 0.000000,
        "iops_stddev" : 0.000000,
        "iops_samples" : 0
      },
      "sync" : {
        "total_ios" : 0,
        "lat_ns" : {
          "min" : 0,
          "max" : 0,
          "mean" : 0.000000,
          "stddev" : 0.000000,
          "N" : 0
        }
      },
      "job_runtime" : 60000,
      "usr_cpu" : 2.313333,
      "sys_cpu" : 7.018333,
      "ctx" : 309588,
      "majf" : 0,
      "minf" : 10,
      "iodepth_level" : {
        "1" : 0.100000,
        "2" : 0.100000,
        "4" : 0.100000,
        "8" : 0.100000,
        "16" : 99.995155,
        "32" : 0.000000,
        ">=64" : 0.000000
      },
      "iodepth_submit" : {
        "0" : 0.000000,
        "4" : 100.000000,
        "8" : 0.000000,
        "16" : 0.000000,
        "32" : 0.000000,
        "64" : 0.000000,
        ">=64" : 0.000000
      },
      "iodepth_complete" : {
        "0" : 0.000000,
        "4" : 99.999677,
        "8" : 0.000000,
        "16" : 0.100000,
        "32" : 0.000000,
        "64" : 0.000000,
        ">=64" : 0.000000
      },
      "latency_ns" : {
        "2" : 0.000000,
        "4" : 0.000000,
        "10" : 0.000000,
        "20" : 0.000000,
        "50" : 0.000000,
        "100" : 0.000000,
        "250" : 0.000000,
        "500" : 0.000000,
        "750" : 0.000000,
        "1000" : 0.000000
      },
      "latency_us" : {
        "2" : 0.000000,
        "4" : 0.000000,
        "10" : 0.010000,
        "20" : 0.000000,
        "50" : 0.000000,
        "100" : 0.000000,
        "250" : 0.000000,
        "500" : 0.010000,
        "750" : 0.010000,
        "1000" : 0.010000
      },
      "latency_ms" : {
        "2" : 0.189612,
        "4" : 93.856172,
        "10" : 5.945817,
        "20" : 0.010000,
        "50" : 0.000000,
        "100" : 0.000000,
        "250" : 0.000000,
        "500" : 0.000000,
        "750" : 0.000000,
        "1000" : 0.000000,
        "2000" : 0.000000,
        ">=2000" : 0.000000
      },
      "latency_depth" : 16,
      "latency_target" : 0,
      "latency_percentile" : 100.000000,
      "latency_window" : 0
    }
  ]
}
