{
  "fio version" : "fio-3.36",
  "timestamp" : 1729391338,
  "timestamp_ms" : 1729391338984,
  "time" : "Sat Oct 19 22:28:58 2024",
  "jobs" : [
    {
      "jobname" : "benchmark_test",
      "groupid" : 0,
      "job_start" : 1729391275623,
      "error" : 0,
      "eta" : 0,
      "elapsed" : 61,
      "job options" : {
        "name" : "benchmark_test",
        "filename" : "/mnt/e/testfile",
        "size" : "500M",
        "rw" : "randrw",
        "bs" : "16k",
        "iodepth" : "64",
        "ioengine" : "libaio",
        "direct" : "1",
        "numjobs" : "1",
        "runtime" : "60"
      },
      "read" : {
        "io_bytes" : 2541813760,
        "io_kbytes" : 2482240,
        "bw_bytes" : 42362856,
        "bw" : 41369,
        "iops" : 2585.623573,
        "runtime" : 60001,
        "total_ios" : 155140,
        "short_ios" : 0,
        "drop_ios" : 0,
        "slat_ns" : {
          "min" : 102402,
          "max" : 19441396,
          "mean" : 179207.755821,
          "stddev" : 77707.414896,
          "N" : 155140
        },
        "clat_ns" : {
          "min" : 236763,
          "max" : 105410926,
          "mean" : 12181471.458167,
          "stddev" : 2315801.081708,
          "N" : 155140,
          "percentile" : {
            "1.000000" : 9502720,
            "5.000000" : 9895936,
            "10.000000" : 10158080,
            "20.000000" : 10551296,
            "30.000000" : 10944512,
            "40.000000" : 11337728,
            "50.000000" : 11730944,
            "60.000000" : 12255232,
            "70.000000" : 12779520,
            "80.000000" : 13565952,
            "90.000000" : 14614528,
            "95.000000" : 15663104,
            "99.000000" : 18481152,
            "99.500000" : 19791872,
            "99.900000" : 22413312,
            "99.950000" : 24248320,
            "99.990000" : 102236160
          }
        },
        "lat_ns" : {
          "min" : 376951,
          "max" : 105689867,
          "mean" : 12360679.213987,
          "stddev" : 2338053.456899,
          "N" : 155140
        },
        "bw_min" : 26912,
        "bw_max" : 45920,
        "bw_agg" : 100.000000,
        "bw_mean" : 41381.268908,
        "bw_dev" : 3110.628136,
        "bw_samples" : 119,
        "iops_min" : 1682,
        "iops_max" : 2870,
        "iops_mean" : 2586.218487,
        "iops_stddev" : 194.380945,
        "iops_samples" : 119
      },
      "write" : {
        "io_bytes" : 2543779840,
        "io_kbytes" : 2484160,
        "bw_bytes" : 42395624,
        "bw" : 41401,
        "iops" : 2587.623540,
        "runtime" : 60001,
        "total_ios" : 155260,
        "short_ios" : 0,
        "drop_ios" : 0,
        "slat_ns" : {
          "min" : 119348,
          "max" : 19287762,
          "mean" : 200451.147379,
          "stddev" : 80965.289410,
          "N" : 155260
        },
        "clat_ns" : {
          "min" : 2664,
          "max" : 105289734,
          "mean" : 12171667.214981,
          "stddev" : 2219110.913570,
          "N" : 155260,
          "percentile" : {
            "1.000000" : 9502720,
            "5.000000" : 9895936,
            "10.000000" : 10158080,
            "20.000000" : 10551296,
            "30.000000" : 10944512,
            "40.000000" : 11337728,
            "50.000000" : 11730944,
            "60.000000" : 12255232,
            "70.000000" : 12779520,
            "80.000000" : 13565952,
            "90.000000" : 14614528,
            "95.000000" : 15663104,
            "99.000000" : 18481152,
            "99.500000" : 19791872,
            "99.900000" : 22151168,
            "99.950000" : 23986176,
            "99.990000" : 98041856
          }
        },
        "lat_ns" : {
          "min" : 234644,
          "max" : 105670425,
          "mean" : 12372118.362360,
          "stddev" : 2246822.442190,
          "N" : 155260
        },
        "bw_min" : 28416,
        "bw_max" : 46240,
        "bw_agg" : 100.000000,
        "bw_mean" : 41408.579832,
        "bw_dev" : 3161.548241,
        "bw_samples" : 119,
        "iops_min" : 1776,
        "iops_max" : 2890,
        "iops_mean" : 2587.932773,
        "iops_stddev" : 197.585842,
        "iops_samples" : 119
      },
      "trim" : {
        "io_bytes" : 0,
        "io_kbytes" : 0,
        "bw_bytes" : 0,
        "bw" : 0,
        "iops" : 0.000000,
        "runtime" : 0,
        "total_ios" : 0,
        "short_ios" : 0,
        "drop_ios" : 0,
        "slat_ns" : {
          "min" : 0,
          "max" : 0,
          "mean" : 0.000000,
          "stddev" : 0.000000,
          "N" : 0
        },
        "clat_ns" : {
          "min" : 0,
          "max" : 0,
          "mean" : 0.000000,
          "stddev" : 0.000000,
          "N" : 0
        },
        "lat_ns" : {
          "min" : 0,
          "max" : 0,
          "mean" : 0.000000,
          "stddev" : 0.000000,
          "N" : 0
        },
        "bw_min" : 0,
        "bw_max" : 0,
        "bw_agg" : 0.000000,
        "bw_mean" : 0.000000,
        "bw_dev" : 0.000000,
        "bw_samples" : 0,
        "iops_min" : 0,
        "iops_max" : 0,
        "iops_mean" : 0.000000,
        "iops_stddev" : 0.000000,
        "iops_samples" : 0
      },
      "sync" : {
        "total_ios" : 0,
        "lat_ns" : {
          "min" : 0,
          "max" : 0,
          "mean" : 0.000000,
          "stddev" : 0.000000,
          "N" : 0
        }
      },
      "job_runtime" : 60000,
      "usr_cpu" : 2.351667,
      "sys_cpu" : 7.025000,
      "ctx" : 310411,
      "majf" : 0,
      "minf" : 15,
      "iodepth_level" : {
        "1" : 0.100000,
        "2" : 0.100000,
        "4" : 0.100000,
        "8" : 0.100000,
        "16" : 0.100000,
        "32" : 0.100000,
        ">=64" : 99.979704
      },
      "iodepth_submit" : {
        "0" : 0.000000,
        "4" : 100.000000,
        "8" : 0.000000,
        "16" : 0.000000,
        "32" : 0.000000,
        "64" : 0.000000,
        ">=64" : 0.000000
      },
      "iodepth_complete" : {
        "0" : 0.000000,
        "4" : 99.999678,
        "8" : 0.000000,
        "16" : 0.000000,
        "32" : 0.000000,
        "64" : 0.100000,
        ">=64" : 0.000000
      },
      "latency_ns" : {
        "2" : 0.000000,
        "4" : 0.000000,
        "10" : 0.000000,
        "20" : 0.000000,
        "50" : 0.000000,
        "100" : 0.000000,
        "250" : 0.000000,
        "500" : 0.000000,
        "750" : 0.000000,
        "1000" : 0.000000
      },
      "latency_us" : {
        "2" : 0.000000,
        "4" : 0.010000,
        "10" : 0.000000,
        "20" : 0.000000,
        "50" : 0.000000,
        "100" : 0.000000,
        "250" : 0.010000,
        "500" : 0.010000,
        "750" : 0.010000,
        "1000" : 0.010000
      },
      "latency_ms" : {
        "2" : 0.010000,
        "4" : 0.010000,
        "10" : 6.527706,
        "20" : 93.055090,
        "50" : 0.390786,
        "100" : 0.011598,
        "250" : 0.010000,
        "500" : 0.000000,
        "750" : 0.000000,
        "1000" : 0.000000,
        "2000" : 0.000000,
        ">=2000" : 0.000000
      },
      "latency_depth" : 64,
      "latency_target" : 0,
      "latency_percentile" : 100.000000,
      "latency_window" : 0
    }
  ]
}
