{
  "fio version" : "fio-3.36",
  "timestamp" : 1729395573,
  "timestamp_ms" : 1729395573507,
  "time" : "Sat Oct 19 23:39:33 2024",
  "jobs" : [
    {
      "jobname" : "benchmark_test",
      "groupid" : 0,
      "job_start" : 1729395508735,
      "error" : 0,
      "eta" : 0,
      "elapsed" : 61,
      "job options" : {
        "name" : "benchmark_test",
        "filename" : "/mnt/e/testfile",
        "size" : "500M",
        "rw" : "randrw",
        "bs" : "128k",
        "iodepth" : "256",
        "ioengine" : "libaio",
        "direct" : "1",
        "numjobs" : "1",
        "runtime" : "60"
      },
      "read" : {
        "io_bytes" : 3166961664,
        "io_kbytes" : 3092736,
        "bw_bytes" : 52781814,
        "bw" : 51544,
        "iops" : 402.693288,
        "runtime" : 60001,
        "total_ios" : 24162,
        "short_ios" : 0,
        "drop_ios" : 0,
        "slat_ns" : {
          "min" : 510848,
          "max" : 73367065,
          "mean" : 1121680.324849,
          "stddev" : 915913.067695,
          "N" : 24162
        },
        "clat_ns" : {
          "min" : 8354,
          "max" : 1087677640,
          "mean" : 316450480.578968,
          "stddev" : 81946439.273493,
          "N" : 24162,
          "percentile" : {
            "1.000000" : 219152384,
            "5.000000" : 229638144,
            "10.000000" : 240123904,
            "20.000000" : 256901120,
            "30.000000" : 274726912,
            "40.000000" : 291504128,
            "50.000000" : 308281344,
            "60.000000" : 329252864,
            "70.000000" : 341835776,
            "80.000000" : 354418688,
            "90.000000" : 379584512,
            "95.000000" : 421527552,
            "99.000000" : 591396864,
            "99.500000" : 826277888,
            "99.900000" : 1069547520,
            "99.950000" : 1082130432,
            "99.990000" : 1082130432
          }
        },
        "lat_ns" : {
          "min" : 970306,
          "max" : 1090832433,
          "mean" : 317572160.903815,
          "stddev" : 82149465.815790,
          "N" : 24162
        },
        "bw_min" : 2048,
        "bw_max" : 74240,
        "bw_agg" : 99.426246,
        "bw_mean" : 51249.647059,
        "bw_dev" : 11275.789654,
        "bw_samples" : 119,
        "iops_min" : 16,
        "iops_max" : 580,
        "iops_mean" : 400.142857,
        "iops_stddev" : 88.068087,
        "iops_samples" : 119
      },
      "write" : {
        "io_bytes" : 3153723392,
        "io_kbytes" : 3079808,
        "bw_bytes" : 52561180,
        "bw" : 51329,
        "iops" : 401.009983,
        "runtime" : 60001,
        "total_ios" : 24061,
        "short_ios" : 0,
        "drop_ios" : 0,
        "slat_ns" : {
          "min" : 653357,
          "max" : 225509628,
          "mean" : 1342932.550725,
          "stddev" : 1742031.488371,
          "N" : 24061
        },
        "clat_ns" : {
          "min" : 2436412,
          "max" : 1087188823,
          "mean" : 316505310.133827,
          "stddev" : 83508263.939898,
          "N" : 24061,
          "percentile" : {
            "1.000000" : 219152384,
            "5.000000" : 229638144,
            "10.000000" : 238026752,
            "20.000000" : 256901120,
            "30.000000" : 274726912,
            "40.000000" : 291504128,
            "50.000000" : 308281344,
            "60.000000" : 329252864,
            "70.000000" : 341835776,
            "80.000000" : 354418688,
            "90.000000" : 379584512,
            "95.000000" : 421527552,
            "99.000000" : 608174080,
            "99.500000" : 893386752,
            "99.900000" : 1069547520,
            "99.950000" : 1082130432,
            "99.990000" : 1082130432
          }
        },
        "lat_ns" : {
          "min" : 3841633,
          "max" : 1088362958,
          "mean" : 317848242.684551,
          "stddev" : 83777049.238100,
          "N" : 24061
        },
        "bw_min" : 2816,
        "bw_max" : 76032,
        "bw_agg" : 99.376034,
        "bw_mean" : 51009.756303,
        "bw_dev" : 11251.345405,
        "bw_samples" : 119,
        "iops_min" : 22,
        "iops_max" : 594,
        "iops_mean" : 398.260504,
        "iops_stddev" : 87.898676,
        "iops_samples" : 119
      },
      "trim" : {
        "io_bytes" : 0,
        "io_kbytes" : 0,
        "bw_bytes" : 0,
        "bw" : 0,
        "iops" : 0.000000,
        "runtime" : 0,
        "total_ios" : 0,
        "short_ios" : 0,
        "drop_ios" : 0,
        "slat_ns" : {
          "min" : 0,
          "max" : 0,
          "mean" : 0.000000,
          "stddev" : 0.000000,
          "N" : 0
        },
        "clat_ns" : {
          "min" : 0,
          "max" : 0,
          "mean" : 0.000000,
          "stddev" : 0.000000,
          "N" : 0
        },
        "lat_ns" : {
          "min" : 0,
          "max" : 0,
          "mean" : 0.000000,
          "stddev" : 0.000000,
          "N" : 0
        },
        "bw_min" : 0,
        "bw_max" : 0,
        "bw_agg" : 0.000000,
        "bw_mean" : 0.000000,
        "bw_dev" : 0.000000,
        "bw_samples" : 0,
        "iops_min" : 0,
        "iops_max" : 0,
        "iops_mean" : 0.000000,
        "iops_stddev" : 0.000000,
        "iops_samples" : 0
      },
      "sync" : {
        "total_ios" : 0,
        "lat_ns" : {
          "min" : 0,
          "max" : 0,
          "mean" : 0.000000,
          "stddev" : 0.000000,
          "N" : 0
        }
      },
      "job_runtime" : 60000,
      "usr_cpu" : 1.695000,
      "sys_cpu" : 6.450000,
      "ctx" : 144673,
      "majf" : 0,
      "minf" : 14,
      "iodepth_level" : {
        "1" : 0.100000,
        "2" : 0.100000,
        "4" : 0.100000,
        "8" : 0.100000,
        "16" : 0.100000,
        "32" : 0.100000,
        ">=64" : 99.869357
      },
      "iodepth_submit" : {
        "0" : 0.000000,
        "4" : 100.000000,
        "8" : 0.000000,
        "16" : 0.000000,
        "32" : 0.000000,
        "64" : 0.000000,
        ">=64" : 0.000000
      },
      "iodepth_complete" : {
        "0" : 0.000000,
        "4" : 99.997915,
        "8" : 0.000000,
        "16" : 0.000000,
        "32" : 0.000000,
        "64" : 0.000000,
        ">=64" : 0.100000
      },
      "latency_ns" : {
        "2" : 0.000000,
        "4" : 0.000000,
        "10" : 0.000000,
        "20" : 0.000000,
        "50" : 0.000000,
        "100" : 0.000000,
        "250" : 0.000000,
        "500" : 0.000000,
        "750" : 0.000000,
        "1000" : 0.000000
      },
      "latency_us" : {
        "2" : 0.000000,
        "4" : 0.000000,
        "10" : 0.010000,
        "20" : 0.000000,
        "50" : 0.000000,
        "100" : 0.000000,
        "250" : 0.000000,
        "500" : 0.000000,
        "750" : 0.000000,
        "1000" : 0.010000
      },
      "latency_ms" : {
        "2" : 0.000000,
        "4" : 0.010000,
        "10" : 0.010368,
        "20" : 0.022811,
        "50" : 0.064285,
        "100" : 0.076727,
        "250" : 15.948821,
        "500" : 81.597993,
        "750" : 1.710802,
        "1000" : 0.161749,
        "2000" : 0.398150,
        ">=2000" : 0.000000
      },
      "latency_depth" : 256,
      "latency_target" : 0,
      "latency_percentile" : 100.000000,
      "latency_window" : 0
    }
  ]
}
