{
  "fio version" : "fio-3.36",
  "timestamp" : 1729388586,
  "timestamp_ms" : 1729388586413,
  "time" : "Sat Oct 19 21:43:06 2024",
  "jobs" : [
    {
      "jobname" : "benchmark_test",
      "groupid" : 0,
      "job_start" : 1729388522909,
      "error" : 0,
      "eta" : 0,
      "elapsed" : 61,
      "job options" : {
        "name" : "benchmark_test",
        "filename" : "/mnt/e/testfile",
        "size" : "500M",
        "rw" : "rw",
        "bs" : "4k",
        "iodepth" : "1",
        "ioengine" : "libaio",
        "direct" : "1",
        "numjobs" : "1",
        "runtime" : "60"
      },
      "read" : {
        "io_bytes" : 403554304,
        "io_kbytes" : 394096,
        "bw_bytes" : 6725680,
        "bw" : 6568,
        "iops" : 1642.011933,
        "runtime" : 60002,
        "total_ios" : 98524,
        "short_ios" : 0,
        "drop_ios" : 0,
        "slat_ns" : {
          "min" : 110118,
          "max" : 71985125,
          "mean" : 315599.671532,
          "stddev" : 803420.565416,
          "N" : 98524
        },
        "clat_ns" : {
          "min" : 798,
          "max" : 245151,
          "mean" : 3105.599255,
          "stddev" : 3469.394300,
          "N" : 98524,
          "percentile" : {
            "1.000000" : 868,
            "5.000000" : 956,
            "10.000000" : 1032,
            "20.000000" : 1272,
            "30.000000" : 1592,
            "40.000000" : 2096,
            "50.000000" : 2640,
            "60.000000" : 3120,
            "70.000000" : 3632,
            "80.000000" : 4320,
            "90.000000" : 5280,
            "95.000000" : 6432,
            "99.000000" : 11712,
            "99.500000" : 14400,
            "99.900000" : 41728,
            "99.950000" : 69120,
            "99.990000" : 121344
          }
        },
        "lat_ns" : {
          "min" : 111227,
          "max" : 71999203,
          "mean" : 318705.270787,
          "stddev" : 804160.830491,
          "N" : 98524
        },
        "bw_min" : 592,
        "bw_max" : 10701,
        "bw_agg" : 100.000000,
        "bw_mean" : 6595.941176,
        "bw_dev" : 2753.486875,
        "bw_samples" : 119,
        "iops_min" : 148,
        "iops_max" : 2675,
        "iops_mean" : 1648.823529,
        "iops_stddev" : 688.303203,
        "iops_samples" : 119
      },
      "write" : {
        "io_bytes" : 402919424,
        "io_kbytes" : 393476,
        "bw_bytes" : 6715099,
        "bw" : 6557,
        "iops" : 1639.428686,
        "runtime" : 60002,
        "total_ios" : 98369,
        "short_ios" : 0,
        "drop_ios" : 0,
        "slat_ns" : {
          "min" : 102530,
          "max" : 99979412,
          "mean" : 283034.413169,
          "stddev" : 844749.797064,
          "N" : 98369
        },
        "clat_ns" : {
          "min" : 841,
          "max" : 215486,
          "mean" : 3258.768311,
          "stddev" : 3340.751440,
          "N" : 98369,
          "percentile" : {
            "1.000000" : 924,
            "5.000000" : 1032,
            "10.000000" : 1112,
            "20.000000" : 1352,
            "30.000000" : 1672,
            "40.000000" : 2192,
            "50.000000" : 2768,
            "60.000000" : 3280,
            "70.000000" : 3824,
            "80.000000" : 4512,
            "90.000000" : 5536,
            "95.000000" : 6752,
            "99.000000" : 12736,
            "99.500000" : 15936,
            "99.900000" : 41216,
            "99.950000" : 57088,
            "99.990000" : 118272
          }
        },
        "lat_ns" : {
          "min" : 103607,
          "max" : 99993355,
          "mean" : 286293.181480,
          "stddev" : 845501.204379,
          "N" : 98369
        },
        "bw_min" : 680,
        "bw_max" : 10613,
        "bw_agg" : 100.000000,
        "bw_mean" : 6581.512605,
        "bw_dev" : 2717.839315,
        "bw_samples" : 119,
        "iops_min" : 170,
        "iops_max" : 2653,
        "iops_mean" : 1645.235294,
        "iops_stddev" : 679.393445,
        "iops_samples" : 119
      },
      "trim" : {
        "io_bytes" : 0,
        "io_kbytes" : 0,
        "bw_bytes" : 0,
        "bw" : 0,
        "iops" : 0.000000,
        "runtime" : 0,
        "total_ios" : 0,
        "short_ios" : 0,
        "drop_ios" : 0,
        "slat_ns" : {
          "min" : 0,
          "max" : 0,
          "mean" : 0.000000,
          "stddev" : 0.000000,
          "N" : 0
        },
        "clat_ns" : {
          "min" : 0,
          "max" : 0,
          "mean" : 0.000000,
          "stddev" : 0.000000,
          "N" : 0
        },
        "lat_ns" : {
          "min" : 0,
          "max" : 0,
          "mean" : 0.000000,
          "stddev" : 0.000000,
          "N" : 0
        },
        "bw_min" : 0,
        "bw_max" : 0,
        "bw_agg" : 0.000000,
        "bw_mean" : 0.000000,
        "bw_dev" : 0.000000,
        "bw_samples" : 0,
        "iops_min" : 0,
        "iops_max" : 0,
        "iops_mean" : 0.000000,
        "iops_stddev" : 0.000000,
        "iops_samples" : 0
      },
      "sync" : {
        "total_ios" : 0,
        "lat_ns" : {
          "min" : 0,
          "max" : 0,
          "mean" : 0.000000,
          "stddev" : 0.000000,
          "N" : 0
        }
      },
      "job_runtime" : 60001,
      "usr_cpu" : 2.393293,
      "sys_cpu" : 5.969901,
      "ctx" : 196900,
      "majf" : 0,
      "minf" : 13,
      "iodepth_level" : {
        "1" : 100.000000,
        "2" : 0.000000,
        "4" : 0.000000,
        "8" : 0.000000,
        "16" : 0.000000,
        "32" : 0.000000,
        ">=64" : 0.000000
      },
      "iodepth_submit" : {
        "0" : 0.000000,
        "4" : 100.000000,
        "8" : 0.000000,
        "16" : 0.000000,
        "32" : 0.000000,
        "64" : 0.000000,
        ">=64" : 0.000000
      },
      "iodepth_complete" : {
        "0" : 0.000000,
        "4" : 100.000000,
        "8" : 0.000000,
        "16" : 0.000000,
        "32" : 0.000000,
        "64" : 0.000000,
        ">=64" : 0.000000
      },
      "latency_ns" : {
        "2" : 0.000000,
        "4" : 0.000000,
        "10" : 0.000000,
        "20" : 0.000000,
        "50" : 0.000000,
        "100" : 0.000000,
        "250" : 0.000000,
        "500" : 0.000000,
        "750" : 0.000000,
        "1000" : 5.599996
      },
      "latency_us" : {
        "2" : 32.066148,
        "4" : 36.737213,
        "10" : 23.956667,
        "20" : 1.318991,
        "50" : 0.250390,
        "100" : 0.056884,
        "250" : 0.013713,
        "500" : 0.000000,
        "750" : 0.000000,
        "1000" : 0.000000
      },
      "latency_ms" : {
        "2" : 0.000000,
        "4" : 0.000000,
        "10" : 0.000000,
        "20" : 0.000000,
        "50" : 0.000000,
        "100" : 0.000000,
        "250" : 0.000000,
        "500" : 0.000000,
        "750" : 0.000000,
        "1000" : 0.000000,
        "2000" : 0.000000,
        ">=2000" : 0.000000
      },
      "latency_depth" : 1,
      "latency_target" : 0,
      "latency_percentile" : 100.000000,
      "latency_window" : 0
    }
  ]
}
