{
  "fio version" : "fio-3.36",
  "timestamp" : 1729392816,
  "timestamp_ms" : 1729392816934,
  "time" : "Sat Oct 19 22:53:36 2024",
  "jobs" : [
    {
      "jobname" : "benchmark_test",
      "groupid" : 0,
      "job_start" : 1729392753802,
      "error" : 0,
      "eta" : 0,
      "elapsed" : 61,
      "job options" : {
        "name" : "benchmark_test",
        "filename" : "/mnt/e/testfile",
        "size" : "500M",
        "rw" : "rw",
        "bs" : "32k",
        "iodepth" : "16",
        "ioengine" : "libaio",
        "direct" : "1",
        "numjobs" : "1",
        "runtime" : "60"
      },
      "read" : {
        "io_bytes" : 3928064000,
        "io_kbytes" : 3836000,
        "bw_bytes" : 65466642,
        "bw" : 63932,
        "iops" : 1997.883369,
        "runtime" : 60001,
        "total_ios" : 119875,
        "short_ios" : 0,
        "drop_ios" : 0,
        "slat_ns" : {
          "min" : 132375,
          "max" : 1862913,
          "mean" : 232121.826227,
          "stddev" : 62224.859695,
          "N" : 119875
        },
        "clat_ns" : {
          "min" : 3009,
          "max" : 14107435,
          "mean" : 3758132.546519,
          "stddev" : 726434.458534,
          "N" : 119875,
          "percentile" : {
            "1.000000" : 2768896,
            "5.000000" : 2932736,
            "10.000000" : 3031040,
            "20.000000" : 3129344,
            "30.000000" : 3260416,
            "40.000000" : 3391488,
            "50.000000" : 3555328,
            "60.000000" : 3784704,
            "70.000000" : 4046848,
            "80.000000" : 4358144,
            "90.000000" : 4751360,
            "95.000000" : 5144576,
            "99.000000" : 5931008,
            "99.500000" : 6258688,
            "99.900000" : 7241728,
            "99.950000" : 7962624,
            "99.990000" : 10289152
          }
        },
        "lat_ns" : {
          "min" : 209393,
          "max" : 14464607,
          "mean" : 3990254.372747,
          "stddev" : 761919.563250,
          "N" : 119875
        },
        "bw_min" : 46592,
        "bw_max" : 73152,
        "bw_agg" : 100.000000,
        "bw_mean" : 63980.268908,
        "bw_dev" : 5369.213175,
        "bw_samples" : 119,
        "iops_min" : 1456,
        "iops_max" : 2286,
        "iops_mean" : 1999.184874,
        "iops_stddev" : 167.758501,
        "iops_samples" : 119
      },
      "write" : {
        "io_bytes" : 3921412096,
        "io_kbytes" : 3829504,
        "bw_bytes" : 65355779,
        "bw" : 63824,
        "iops" : 1994.500092,
        "runtime" : 60001,
        "total_ios" : 119672,
        "short_ios" : 0,
        "drop_ios" : 0,
        "slat_ns" : {
          "min" : 154611,
          "max" : 2592223,
          "mean" : 262045.753200,
          "stddev" : 72579.779657,
          "N" : 119672
        },
        "clat_ns" : {
          "min" : 212195,
          "max" : 13585790,
          "mean" : 3758650.831974,
          "stddev" : 724117.101997,
          "N" : 119672,
          "percentile" : {
            "1.000000" : 2768896,
            "5.000000" : 2932736,
            "10.000000" : 3031040,
            "20.000000" : 3162112,
            "30.000000" : 3260416,
            "40.000000" : 3391488,
            "50.000000" : 3555328,
            "60.000000" : 3784704,
            "70.000000" : 4046848,
            "80.000000" : 4358144,
            "90.000000" : 4751360,
            "95.000000" : 5144576,
            "99.000000" : 5865472,
            "99.500000" : 6258688,
            "99.900000" : 7241728,
            "99.950000" : 7831552,
            "99.990000" : 9502720
          }
        },
        "lat_ns" : {
          "min" : 438959,
          "max" : 14329014,
          "mean" : 4020696.585174,
          "stddev" : 766879.880290,
          "N" : 119672
        },
        "bw_min" : 45952,
        "bw_max" : 75840,
        "bw_agg" : 100.000000,
        "bw_mean" : 63882.268908,
        "bw_dev" : 5573.337424,
        "bw_samples" : 119,
        "iops_min" : 1436,
        "iops_max" : 2370,
        "iops_mean" : 1996.075630,
        "iops_stddev" : 174.128735,
        "iops_samples" : 119
      },
      "trim" : {
        "io_bytes" : 0,
        "io_kbytes" : 0,
        "bw_bytes" : 0,
        "bw" : 0,
        "iops" : 0.000000,
        "runtime" : 0,
        "total_ios" : 0,
        "short_ios" : 0,
        "drop_ios" : 0,
        "slat_ns" : {
          "min" : 0,
          "max" : 0,
          "mean" : 0.000000,
          "stddev" : 0.000000,
          "N" : 0
        },
        "clat_ns" : {
          "min" : 0,
          "max" : 0,
          "mean" : 0.000000,
          "stddev" : 0.000000,
          "N" : 0
        },
        "lat_ns" : {
          "min" : 0,
          "max" : 0,
          "mean" : 0.000000,
          "stddev" : 0.000000,
          "N" : 0
        },
        "bw_min" : 0,
        "bw_max" : 0,
        "bw_agg" : 0.000000,
        "bw_mean" : 0.000000,
        "bw_dev" : 0.000000,
        "bw_samples" : 0,
        "iops_min" : 0,
        "iops_max" : 0,
        "iops_mean" : 0.000000,
        "iops_stddev" : 0.000000,
        "iops_samples" : 0
      },
      "sync" : {
        "total_ios" : 0,
        "lat_ns" : {
          "min" : 0,
          "max" : 0,
          "mean" : 0.000000,
          "stddev" : 0.000000,
          "N" : 0
        }
      },
      "job_runtime" : 60000,
      "usr_cpu" : 1.770000,
      "sys_cpu" : 6.825000,
      "ctx" : 239551,
      "majf" : 0,
      "minf" : 14,
      "iodepth_level" : {
        "1" : 0.100000,
        "2" : 0.100000,
        "4" : 0.100000,
        "8" : 0.100000,
        "16" : 99.993738,
        "32" : 0.000000,
        ">=64" : 0.000000
      },
      "iodepth_submit" : {
        "0" : 0.000000,
        "4" : 100.000000,
        "8" : 0.000000,
        "16" : 0.000000,
        "32" : 0.000000,
        "64" : 0.000000,
        ">=64" : 0.000000
      },
      "iodepth_complete" : {
        "0" : 0.000000,
        "4" : 99.999583,
        "8" : 0.000000,
        "16" : 0.100000,
        "32" : 0.000000,
        "64" : 0.000000,
        ">=64" : 0.000000
      },
      "latency_ns" : {
        "2" : 0.000000,
        "4" : 0.000000,
        "10" : 0.000000,
        "20" : 0.000000,
        "50" : 0.000000,
        "100" : 0.000000,
        "250" : 0.000000,
        "500" : 0.000000,
        "750" : 0.000000,
        "1000" : 0.000000
      },
      "latency_us" : {
        "2" : 0.000000,
        "4" : 0.010000,
        "10" : 0.000000,
        "20" : 0.000000,
        "50" : 0.000000,
        "100" : 0.000000,
        "250" : 0.010000,
        "500" : 0.010000,
        "750" : 0.010000,
        "1000" : 0.010000
      },
      "latency_ms" : {
        "2" : 0.010000,
        "4" : 68.422063,
        "10" : 31.565413,
        "20" : 0.010000,
        "50" : 0.000000,
        "100" : 0.000000,
        "250" : 0.000000,
        "500" : 0.000000,
        "750" : 0.000000,
        "1000" : 0.000000,
        "2000" : 0.000000,
        ">=2000" : 0.000000
      },
      "latency_depth" : 16,
      "latency_target" : 0,
      "latency_percentile" : 100.000000,
      "latency_window" : 0
    }
  ]
}
