{
  "fio version" : "fio-3.36",
  "timestamp" : 1729388333,
  "timestamp_ms" : 1729388333126,
  "time" : "Sat Oct 19 21:38:53 2024",
  "jobs" : [
    {
      "jobname" : "benchmark_test",
      "groupid" : 0,
      "job_start" : 1729388269858,
      "error" : 0,
      "eta" : 0,
      "elapsed" : 61,
      "job options" : {
        "name" : "benchmark_test",
        "filename" : "/mnt/e/testfile",
        "size" : "500M",
        "rw" : "read",
        "bs" : "4k",
        "iodepth" : "1",
        "ioengine" : "libaio",
        "direct" : "1",
        "numjobs" : "1",
        "runtime" : "60"
      },
      "read" : {
        "io_bytes" : 1258704896,
        "io_kbytes" : 1229204,
        "bw_bytes" : 20978065,
        "bw" : 20486,
        "iops" : 5121.597973,
        "runtime" : 60001,
        "total_ios" : 307301,
        "short_ios" : 0,
        "drop_ios" : 0,
        "slat_ns" : {
          "min" : 81832,
          "max" : 161986092,
          "mean" : 191994.692204,
          "stddev" : 532167.052165,
          "N" : 307301
        },
        "clat_ns" : {
          "min" : 729,
          "max" : 355550,
          "mean" : 1944.086134,
          "stddev" : 2325.020797,
          "N" : 307301,
          "percentile" : {
            "1.000000" : 780,
            "5.000000" : 812,
            "10.000000" : 844,
            "20.000000" : 916,
            "30.000000" : 1032,
            "40.000000" : 1112,
            "50.000000" : 1272,
            "60.000000" : 1592,
            "70.000000" : 2128,
            "80.000000" : 2736,
            "90.000000" : 3632,
            "95.000000" : 4512,
            "99.000000" : 7840,
            "99.500000" : 10304,
            "99.900000" : 24192,
            "99.950000" : 34560,
            "99.990000" : 82432
          }
        },
        "lat_ns" : {
          "min" : 83106,
          "max" : 162062119,
          "mean" : 193938.778338,
          "stddev" : 532551.219528,
          "N" : 307301
        },
        "bw_min" : 2608,
        "bw_max" : 27280,
        "bw_agg" : 100.000000,
        "bw_mean" : 20502.655462,
        "bw_dev" : 5427.369017,
        "bw_samples" : 119,
        "iops_min" : 652,
        "iops_max" : 6820,
        "iops_mean" : 5125.663866,
        "iops_stddev" : 1356.842254,
        "iops_samples" : 119
      },
      "write" : {
        "io_bytes" : 0,
        "io_kbytes" : 0,
        "bw_bytes" : 0,
        "bw" : 0,
        "iops" : 0.000000,
        "runtime" : 0,
        "total_ios" : 0,
        "short_ios" : 0,
        "drop_ios" : 0,
        "slat_ns" : {
          "min" : 0,
          "max" : 0,
          "mean" : 0.000000,
          "stddev" : 0.000000,
          "N" : 0
        },
        "clat_ns" : {
          "min" : 0,
          "max" : 0,
          "mean" : 0.000000,
          "stddev" : 0.000000,
          "N" : 0
        },
        "lat_ns" : {
          "min" : 0,
          "max" : 0,
          "mean" : 0.000000,
          "stddev" : 0.000000,
          "N" : 0
        },
        "bw_min" : 0,
        "bw_max" : 0,
        "bw_agg" : 0.000000,
        "bw_mean" : 0.000000,
        "bw_dev" : 0.000000,
        "bw_samples" : 0,
        "iops_min" : 0,
        "iops_max" : 0,
        "iops_mean" : 0.000000,
        "iops_stddev" : 0.000000,
        "iops_samples" : 0
      },
      "trim" : {
        "io_bytes" : 0,
        "io_kbytes" : 0,
        "bw_bytes" : 0,
        "bw" : 0,
        "iops" : 0.000000,
        "runtime" : 0,
        "total_ios" : 0,
        "short_ios" : 0,
        "drop_ios" : 0,
        "slat_ns" : {
          "min" : 0,
          "max" : 0,
          "mean" : 0.000000,
          "stddev" : 0.000000,
          "N" : 0
        },
        "clat_ns" : {
          "min" : 0,
          "max" : 0,
          "mean" : 0.000000,
          "stddev" : 0.000000,
          "N" : 0
        },
        "lat_ns" : {
          "min" : 0,
          "max" : 0,
          "mean" : 0.000000,
          "stddev" : 0.000000,
          "N" : 0
        },
        "bw_min" : 0,
        "bw_max" : 0,
        "bw_agg" : 0.000000,
        "bw_mean" : 0.000000,
        "bw_dev" : 0.000000,
        "bw_samples" : 0,
        "iops_min" : 0,
        "iops_max" : 0,
        "iops_mean" : 0.000000,
        "iops_stddev" : 0.000000,
        "iops_samples" : 0
      },
      "sync" : {
        "total_ios" : 0,
        "lat_ns" : {
          "min" : 0,
          "max" : 0,
          "mean" : 0.000000,
          "stddev" : 0.000000,
          "N" : 0
        }
      },
      "job_runtime" : 60000,
      "usr_cpu" : 2.235000,
      "sys_cpu" : 6.145000,
      "ctx" : 307309,
      "majf" : 0,
      "minf" : 12,
      "iodepth_level" : {
        "1" : 100.000000,
        "2" : 0.000000,
        "4" : 0.000000,
        "8" : 0.000000,
        "16" : 0.000000,
        "32" : 0.000000,
        ">=64" : 0.000000
      },
      "iodepth_submit" : {
        "0" : 0.000000,
        "4" : 100.000000,
        "8" : 0.000000,
        "16" : 0.000000,
        "32" : 0.000000,
        "64" : 0.000000,
        ">=64" : 0.000000
      },
      "iodepth_complete" : {
        "0" : 0.000000,
        "4" : 100.000000,
        "8" : 0.000000,
        "16" : 0.000000,
        "32" : 0.000000,
        "64" : 0.000000,
        ">=64" : 0.000000
      },
      "latency_ns" : {
        "2" : 0.000000,
        "4" : 0.000000,
        "10" : 0.000000,
        "20" : 0.000000,
        "50" : 0.000000,
        "100" : 0.000000,
        "250" : 0.000000,
        "500" : 0.000000,
        "750" : 0.044256,
        "1000" : 27.159365
      },
      "latency_us" : {
        "2" : 40.756782,
        "4" : 24.665719,
        "10" : 6.835643,
        "20" : 0.406767,
        "50" : 0.102831,
        "100" : 0.022779,
        "250" : 0.010000,
        "500" : 0.010000,
        "750" : 0.000000,
        "1000" : 0.000000
      },
      "latency_ms" : {
        "2" : 0.000000,
        "4" : 0.000000,
        "10" : 0.000000,
        "20" : 0.000000,
        "50" : 0.000000,
        "100" : 0.000000,
        "250" : 0.000000,
        "500" : 0.000000,
        "750" : 0.000000,
        "1000" : 0.000000,
        "2000" : 0.000000,
        ">=2000" : 0.000000
      },
      "latency_depth" : 1,
      "latency_target" : 0,
      "latency_percentile" : 100.000000,
      "latency_window" : 0
    }
  ]
}
