{
  "fio version" : "fio-3.36",
  "timestamp" : 1729392691,
  "timestamp_ms" : 1729392691531,
  "time" : "Sat Oct 19 22:51:31 2024",
  "jobs" : [
    {
      "jobname" : "benchmark_test",
      "groupid" : 0,
      "job_start" : 1729392627502,
      "error" : 0,
      "eta" : 0,
      "elapsed" : 61,
      "job options" : {
        "name" : "benchmark_test",
        "filename" : "/mnt/e/testfile",
        "size" : "500M",
        "rw" : "randread",
        "bs" : "32k",
        "iodepth" : "16",
        "ioengine" : "libaio",
        "direct" : "1",
        "numjobs" : "1",
        "runtime" : "60"
      },
      "read" : {
        "io_bytes" : 8747220992,
        "io_kbytes" : 8542208,
        "bw_bytes" : 145784586,
        "bw" : 142367,
        "iops" : 4448.992517,
        "runtime" : 60001,
        "total_ios" : 266944,
        "short_ios" : 0,
        "drop_ios" : 0,
        "slat_ns" : {
          "min" : 102775,
          "max" : 24977311,
          "mean" : 221718.747235,
          "stddev" : 92289.190777,
          "N" : 266944
        },
        "clat_ns" : {
          "min" : 2213,
          "max" : 84206440,
          "mean" : 3372658.917601,
          "stddev" : 884830.949935,
          "N" : 266944,
          "percentile" : {
            "1.000000" : 2408448,
            "5.000000" : 2637824,
            "10.000000" : 2703360,
            "20.000000" : 2801664,
            "30.000000" : 2932736,
            "40.000000" : 3031040,
            "50.000000" : 3162112,
            "60.000000" : 3358720,
            "70.000000" : 3588096,
            "80.000000" : 3883008,
            "90.000000" : 4292608,
            "95.000000" : 4685824,
            "99.000000" : 5603328,
            "99.500000" : 6062080,
            "99.900000" : 7176192,
            "99.950000" : 7766016,
            "99.990000" : 11862016
          }
        },
        "lat_ns" : {
          "min" : 191529,
          "max" : 84492486,
          "mean" : 3594377.664836,
          "stddev" : 929159.032244,
          "N" : 266944
        },
        "bw_min" : 87296,
        "bw_max" : 200576,
        "bw_agg" : 100.000000,
        "bw_mean" : 142483.168067,
        "bw_dev" : 12225.090414,
        "bw_samples" : 119,
        "iops_min" : 2728,
        "iops_max" : 6268,
        "iops_mean" : 4452.285714,
        "iops_stddev" : 382.036229,
        "iops_samples" : 119
      },
      "write" : {
        "io_bytes" : 0,
        "io_kbytes" : 0,
        "bw_bytes" : 0,
        "bw" : 0,
        "iops" : 0.000000,
        "runtime" : 0,
        "total_ios" : 0,
        "short_ios" : 0,
        "drop_ios" : 0,
        "slat_ns" : {
          "min" : 0,
          "max" : 0,
          "mean" : 0.000000,
          "stddev" : 0.000000,
          "N" : 0
        },
        "clat_ns" : {
          "min" : 0,
          "max" : 0,
          "mean" : 0.000000,
          "stddev" : 0.000000,
          "N" : 0
        },
        "lat_ns" : {
          "min" : 0,
          "max" : 0,
          "mean" : 0.000000,
          "stddev" : 0.000000,
          "N" : 0
        },
        "bw_min" : 0,
        "bw_max" : 0,
        "bw_agg" : 0.000000,
        "bw_mean" : 0.000000,
        "bw_dev" : 0.000000,
        "bw_samples" : 0,
        "iops_min" : 0,
        "iops_max" : 0,
        "iops_mean" : 0.000000,
        "iops_stddev" : 0.000000,
        "iops_samples" : 0
      },
      "trim" : {
        "io_bytes" : 0,
        "io_kbytes" : 0,
        "bw_bytes" : 0,
        "bw" : 0,
        "iops" : 0.000000,
        "runtime" : 0,
        "total_ios" : 0,
        "short_ios" : 0,
        "drop_ios" : 0,
        "slat_ns" : {
          "min" : 0,
          "max" : 0,
          "mean" : 0.000000,
          "stddev" : 0.000000,
          "N" : 0
        },
        "clat_ns" : {
          "min" : 0,
          "max" : 0,
          "mean" : 0.000000,
          "stddev" : 0.000000,
          "N" : 0
        },
        "lat_ns" : {
          "min" : 0,
          "max" : 0,
          "mean" : 0.000000,
          "stddev" : 0.000000,
          "N" : 0
        },
        "bw_min" : 0,
        "bw_max" : 0,
        "bw_agg" : 0.000000,
        "bw_mean" : 0.000000,
        "bw_dev" : 0.000000,
        "bw_samples" : 0,
        "iops_min" : 0,
        "iops_max" : 0,
        "iops_mean" : 0.000000,
        "iops_stddev" : 0.000000,
        "iops_samples" : 0
      },
      "sync" : {
        "total_ios" : 0,
        "lat_ns" : {
          "min" : 0,
          "max" : 0,
          "mean" : 0.000000,
          "stddev" : 0.000000,
          "N" : 0
        }
      },
      "job_runtime" : 60000,
      "usr_cpu" : 1.853333,
      "sys_cpu" : 7.016667,
      "ctx" : 266952,
      "majf" : 0,
      "minf" : 141,
      "iodepth_level" : {
        "1" : 0.100000,
        "2" : 0.100000,
        "4" : 0.100000,
        "8" : 0.100000,
        "16" : 99.994381,
        "32" : 0.000000,
        ">=64" : 0.000000
      },
      "iodepth_submit" : {
        "0" : 0.000000,
        "4" : 100.000000,
        "8" : 0.000000,
        "16" : 0.000000,
        "32" : 0.000000,
        "64" : 0.000000,
        ">=64" : 0.000000
      },
      "iodepth_complete" : {
        "0" : 0.000000,
        "4" : 99.999625,
        "8" : 0.000000,
        "16" : 0.100000,
        "32" : 0.000000,
        "64" : 0.000000,
        ">=64" : 0.000000
      },
      "latency_ns" : {
        "2" : 0.000000,
        "4" : 0.000000,
        "10" : 0.000000,
        "20" : 0.000000,
        "50" : 0.000000,
        "100" : 0.000000,
        "250" : 0.000000,
        "500" : 0.000000,
        "750" : 0.000000,
        "1000" : 0.000000
      },
      "latency_us" : {
        "2" : 0.000000,
        "4" : 0.010000,
        "10" : 0.000000,
        "20" : 0.000000,
        "50" : 0.000000,
        "100" : 0.000000,
        "250" : 0.010000,
        "500" : 0.010000,
        "750" : 0.010000,
        "1000" : 0.010000
      },
      "latency_ms" : {
        "2" : 0.198169,
        "4" : 83.289754,
        "10" : 16.491848,
        "20" : 0.011238,
        "50" : 0.010000,
        "100" : 0.010000,
        "250" : 0.000000,
        "500" : 0.000000,
        "750" : 0.000000,
        "1000" : 0.000000,
        "2000" : 0.000000,
        ">=2000" : 0.000000
      },
      "latency_depth" : 16,
      "latency_target" : 0,
      "latency_percentile" : 100.000000,
      "latency_window" : 0
    }
  ]
}
