{
  "fio version" : "fio-3.36",
  "timestamp" : 1729393717,
  "timestamp_ms" : 1729393717737,
  "time" : "Sat Oct 19 23:08:37 2024",
  "jobs" : [
    {
      "jobname" : "benchmark_test",
      "groupid" : 0,
      "job_start" : 1729393652693,
      "error" : 0,
      "eta" : 0,
      "elapsed" : 61,
      "job options" : {
        "name" : "benchmark_test",
        "filename" : "/mnt/e/testfile",
        "size" : "500M",
        "rw" : "read",
        "bs" : "32k",
        "iodepth" : "1024",
        "ioengine" : "libaio",
        "direct" : "1",
        "numjobs" : "1",
        "runtime" : "60"
      },
      "read" : {
        "io_bytes" : 4289593344,
        "io_kbytes" : 4189056,
        "bw_bytes" : 71492030,
        "bw" : 69816,
        "iops" : 2181.763637,
        "runtime" : 60001,
        "total_ios" : 130908,
        "short_ios" : 0,
        "drop_ios" : 0,
        "slat_ns" : {
          "min" : 134772,
          "max" : 416318192,
          "mean" : 451771.086419,
          "stddev" : 1516391.216132,
          "N" : 130908
        },
        "clat_ns" : {
          "min" : 49435,
          "max" : 1965484307,
          "mean" : 463635614.497368,
          "stddev" : 311719130.913134,
          "N" : 130908,
          "percentile" : {
            "1.000000" : 217055232,
            "5.000000" : 240123904,
            "10.000000" : 250609664,
            "20.000000" : 263192576,
            "30.000000" : 283115520,
            "40.000000" : 312475648,
            "50.000000" : 341835776,
            "60.000000" : 362807296,
            "70.000000" : 450887680,
            "80.000000" : 616562688,
            "90.000000" : 943718400,
            "95.000000" : 1166016512,
            "99.000000" : 1702887424,
            "99.500000" : 1736441856,
            "99.900000" : 1920991232,
            "99.950000" : 1937768448,
            "99.990000" : 1954545664
          }
        },
        "lat_ns" : {
          "min" : 338432,
          "max" : 1966325855,
          "mean" : 464087385.583800,
          "stddev" : 311999657.175534,
          "N" : 130908
        },
        "bw_min" : 6656,
        "bw_max" : 137920,
        "bw_agg" : 100.000000,
        "bw_mean" : 70067.376068,
        "bw_dev" : 37920.754477,
        "bw_samples" : 117,
        "iops_min" : 208,
        "iops_max" : 4310,
        "iops_mean" : 2189.478632,
        "iops_stddev" : 1185.051633,
        "iops_samples" : 117
      },
      "write" : {
        "io_bytes" : 0,
        "io_kbytes" : 0,
        "bw_bytes" : 0,
        "bw" : 0,
        "iops" : 0.000000,
        "runtime" : 0,
        "total_ios" : 0,
        "short_ios" : 0,
        "drop_ios" : 0,
        "slat_ns" : {
          "min" : 0,
          "max" : 0,
          "mean" : 0.000000,
          "stddev" : 0.000000,
          "N" : 0
        },
        "clat_ns" : {
          "min" : 0,
          "max" : 0,
          "mean" : 0.000000,
          "stddev" : 0.000000,
          "N" : 0
        },
        "lat_ns" : {
          "min" : 0,
          "max" : 0,
          "mean" : 0.000000,
          "stddev" : 0.000000,
          "N" : 0
        },
        "bw_min" : 0,
        "bw_max" : 0,
        "bw_agg" : 0.000000,
        "bw_mean" : 0.000000,
        "bw_dev" : 0.000000,
        "bw_samples" : 0,
        "iops_min" : 0,
        "iops_max" : 0,
        "iops_mean" : 0.000000,
        "iops_stddev" : 0.000000,
        "iops_samples" : 0
      },
      "trim" : {
        "io_bytes" : 0,
        "io_kbytes" : 0,
        "bw_bytes" : 0,
        "bw" : 0,
        "iops" : 0.000000,
        "runtime" : 0,
        "total_ios" : 0,
        "short_ios" : 0,
        "drop_ios" : 0,
        "slat_ns" : {
          "min" : 0,
          "max" : 0,
          "mean" : 0.000000,
          "stddev" : 0.000000,
          "N" : 0
        },
        "clat_ns" : {
          "min" : 0,
          "max" : 0,
          "mean" : 0.000000,
          "stddev" : 0.000000,
          "N" : 0
        },
        "lat_ns" : {
          "min" : 0,
          "max" : 0,
          "mean" : 0.000000,
          "stddev" : 0.000000,
          "N" : 0
        },
        "bw_min" : 0,
        "bw_max" : 0,
        "bw_agg" : 0.000000,
        "bw_mean" : 0.000000,
        "bw_dev" : 0.000000,
        "bw_samples" : 0,
        "iops_min" : 0,
        "iops_max" : 0,
        "iops_mean" : 0.000000,
        "iops_stddev" : 0.000000,
        "iops_samples" : 0
      },
      "sync" : {
        "total_ios" : 0,
        "lat_ns" : {
          "min" : 0,
          "max" : 0,
          "mean" : 0.000000,
          "stddev" : 0.000000,
          "N" : 0
        }
      },
      "job_runtime" : 60000,
      "usr_cpu" : 2.138333,
      "sys_cpu" : 7.050000,
      "ctx" : 130916,
      "majf" : 0,
      "minf" : 8205,
      "iodepth_level" : {
        "1" : 0.100000,
        "2" : 0.100000,
        "4" : 0.100000,
        "8" : 0.100000,
        "16" : 0.100000,
        "32" : 0.100000,
        ">=64" : 99.951875
      },
      "iodepth_submit" : {
        "0" : 0.000000,
        "4" : 100.000000,
        "8" : 0.000000,
        "16" : 0.000000,
        "32" : 0.000000,
        "64" : 0.000000,
        ">=64" : 0.000000
      },
      "iodepth_complete" : {
        "0" : 0.000000,
        "4" : 99.999230,
        "8" : 0.000000,
        "16" : 0.000000,
        "32" : 0.000000,
        "64" : 0.000000,
        ">=64" : 0.100000
      },
      "latency_ns" : {
        "2" : 0.000000,
        "4" : 0.000000,
        "10" : 0.000000,
        "20" : 0.000000,
        "50" : 0.000000,
        "100" : 0.000000,
        "250" : 0.000000,
        "500" : 0.000000,
        "750" : 0.000000,
        "1000" : 0.000000
      },
      "latency_us" : {
        "2" : 0.000000,
        "4" : 0.000000,
        "10" : 0.000000,
        "20" : 0.000000,
        "50" : 0.010000,
        "100" : 0.000000,
        "250" : 0.000000,
        "500" : 0.010000,
        "750" : 0.010000,
        "1000" : 0.010000
      },
      "latency_ms" : {
        "2" : 0.010000,
        "4" : 0.010000,
        "10" : 0.016806,
        "20" : 0.032084,
        "50" : 0.099306,
        "100" : 0.158890,
        "250" : 9.603691,
        "500" : 66.494790,
        "750" : 9.034589,
        "1000" : 6.317414,
        "2000" : 8.230207,
        ">=2000" : 0.000000
      },
      "latency_depth" : 1024,
      "latency_target" : 0,
      "latency_percentile" : 100.000000,
      "latency_window" : 0
    }
  ]
}
