{
  "fio version" : "fio-3.36",
  "timestamp" : 1729390184,
  "timestamp_ms" : 1729390184445,
  "time" : "Sat Oct 19 22:09:44 2024",
  "jobs" : [
    {
      "jobname" : "benchmark_test",
      "groupid" : 0,
      "job_start" : 1729390121155,
      "error" : 0,
      "eta" : 0,
      "elapsed" : 61,
      "job options" : {
        "name" : "benchmark_test",
        "filename" : "/mnt/e/testfile",
        "size" : "500M",
        "rw" : "randrw",
        "bs" : "4k",
        "iodepth" : "1024",
        "ioengine" : "libaio",
        "direct" : "1",
        "numjobs" : "1",
        "runtime" : "60"
      },
      "read" : {
        "io_bytes" : 582238208,
        "io_kbytes" : 568592,
        "bw_bytes" : 9703808,
        "bw" : 9476,
        "iops" : 2369.093848,
        "runtime" : 60001,
        "total_ios" : 142148,
        "short_ios" : 0,
        "drop_ios" : 0,
        "slat_ns" : {
          "min" : 97590,
          "max" : 34181665,
          "mean" : 201751.026275,
          "stddev" : 307730.752680,
          "N" : 142148
        },
        "clat_ns" : {
          "min" : 161977,
          "max" : 498622579,
          "mean" : 215382436.497201,
          "stddev" : 45348488.782012,
          "N" : 142148,
          "percentile" : {
            "1.000000" : 164626432,
            "5.000000" : 173015040,
            "10.000000" : 179306496,
            "20.000000" : 187695104,
            "30.000000" : 193986560,
            "40.000000" : 200278016,
            "50.000000" : 204472320,
            "60.000000" : 210763776,
            "70.000000" : 219152384,
            "80.000000" : 229638144,
            "90.000000" : 254803968,
            "95.000000" : 308281344,
            "99.000000" : 417333248,
            "99.500000" : 425721856,
            "99.900000" : 476053504,
            "99.950000" : 488636416,
            "99.990000" : 497025024
          }
        },
        "lat_ns" : {
          "min" : 298506,
          "max" : 498880781,
          "mean" : 215584187.523477,
          "stddev" : 45379891.643073,
          "N" : 142148
        },
        "bw_min" : 5432,
        "bw_max" : 12427,
        "bw_agg" : 99.626703,
        "bw_mean" : 9441.537815,
        "bw_dev" : 1519.305678,
        "bw_samples" : 119,
        "iops_min" : 1358,
        "iops_max" : 3106,
        "iops_mean" : 2360.184874,
        "iops_stddev" : 379.775357,
        "iops_samples" : 119
      },
      "write" : {
        "io_bytes" : 583180288,
        "io_kbytes" : 569512,
        "bw_bytes" : 9719509,
        "bw" : 9491,
        "iops" : 2372.927118,
        "runtime" : 60001,
        "total_ios" : 142378,
        "short_ios" : 0,
        "drop_ios" : 0,
        "slat_ns" : {
          "min" : 102221,
          "max" : 38039589,
          "mean" : 210940.737586,
          "stddev" : 291747.071661,
          "N" : 142378
        },
        "clat_ns" : {
          "min" : 9269,
          "max" : 498730418,
          "mean" : 215379018.807260,
          "stddev" : 45514443.630187,
          "N" : 142378,
          "percentile" : {
            "1.000000" : 164626432,
            "5.000000" : 173015040,
            "10.000000" : 179306496,
            "20.000000" : 187695104,
            "30.000000" : 193986560,
            "40.000000" : 200278016,
            "50.000000" : 204472320,
            "60.000000" : 210763776,
            "70.000000" : 219152384,
            "80.000000" : 229638144,
            "90.000000" : 254803968,
            "95.000000" : 308281344,
            "99.000000" : 417333248,
            "99.500000" : 429916160,
            "99.900000" : 480247808,
            "99.950000" : 492830720,
            "99.990000" : 497025024
          }
        },
        "lat_ns" : {
          "min" : 159503,
          "max" : 499045170,
          "mean" : 215589959.544848,
          "stddev" : 45546676.711053,
          "N" : 142378
        },
        "bw_min" : 5032,
        "bw_max" : 12102,
        "bw_agg" : 99.634333,
        "bw_mean" : 9457.100840,
        "bw_dev" : 1518.976001,
        "bw_samples" : 119,
        "iops_min" : 1258,
        "iops_max" : 3025,
        "iops_mean" : 2364.084034,
        "iops_stddev" : 379.704224,
        "iops_samples" : 119
      },
      "trim" : {
        "io_bytes" : 0,
        "io_kbytes" : 0,
        "bw_bytes" : 0,
        "bw" : 0,
        "iops" : 0.000000,
        "runtime" : 0,
        "total_ios" : 0,
        "short_ios" : 0,
        "drop_ios" : 0,
        "slat_ns" : {
          "min" : 0,
          "max" : 0,
          "mean" : 0.000000,
          "stddev" : 0.000000,
          "N" : 0
        },
        "clat_ns" : {
          "min" : 0,
          "max" : 0,
          "mean" : 0.000000,
          "stddev" : 0.000000,
          "N" : 0
        },
        "lat_ns" : {
          "min" : 0,
          "max" : 0,
          "mean" : 0.000000,
          "stddev" : 0.000000,
          "N" : 0
        },
        "bw_min" : 0,
        "bw_max" : 0,
        "bw_agg" : 0.000000,
        "bw_mean" : 0.000000,
        "bw_dev" : 0.000000,
        "bw_samples" : 0,
        "iops_min" : 0,
        "iops_max" : 0,
        "iops_mean" : 0.000000,
        "iops_stddev" : 0.000000,
        "iops_samples" : 0
      },
      "sync" : {
        "total_ios" : 0,
        "lat_ns" : {
          "min" : 0,
          "max" : 0,
          "mean" : 0.000000,
          "stddev" : 0.000000,
          "N" : 0
        }
      },
      "job_runtime" : 60000,
      "usr_cpu" : 2.710000,
      "sys_cpu" : 6.526667,
      "ctx" : 284533,
      "majf" : 0,
      "minf" : 15,
      "iodepth_level" : {
        "1" : 0.100000,
        "2" : 0.100000,
        "4" : 0.100000,
        "8" : 0.100000,
        "16" : 0.100000,
        "32" : 0.100000,
        ">=64" : 99.977858
      },
      "iodepth_submit" : {
        "0" : 0.000000,
        "4" : 100.000000,
        "8" : 0.000000,
        "16" : 0.000000,
        "32" : 0.000000,
        "64" : 0.000000,
        ">=64" : 0.000000
      },
      "iodepth_complete" : {
        "0" : 0.000000,
        "4" : 99.999647,
        "8" : 0.000000,
        "16" : 0.000000,
        "32" : 0.000000,
        "64" : 0.000000,
        ">=64" : 0.100000
      },
      "latency_ns" : {
        "2" : 0.000000,
        "4" : 0.000000,
        "10" : 0.000000,
        "20" : 0.000000,
        "50" : 0.000000,
        "100" : 0.000000,
        "250" : 0.000000,
        "500" : 0.000000,
        "750" : 0.000000,
        "1000" : 0.000000
      },
      "latency_us" : {
        "2" : 0.000000,
        "4" : 0.000000,
        "10" : 0.010000,
        "20" : 0.000000,
        "50" : 0.000000,
        "100" : 0.000000,
        "250" : 0.010000,
        "500" : 0.010000,
        "750" : 0.010000,
        "1000" : 0.010000
      },
      "latency_ms" : {
        "2" : 0.010000,
        "4" : 0.010000,
        "10" : 0.012653,
        "20" : 0.018627,
        "50" : 0.060803,
        "100" : 0.099464,
        "250" : 88.498766,
        "500" : 11.301252,
        "750" : 0.000000,
        "1000" : 0.000000,
        "2000" : 0.000000,
        ">=2000" : 0.000000
      },
      "latency_depth" : 1024,
      "latency_target" : 0,
      "latency_percentile" : 100.000000,
      "latency_window" : 0
    }
  ]
}
