{
  "fio version" : "fio-3.36",
  "timestamp" : 1729393651,
  "timestamp_ms" : 1729393651647,
  "time" : "Sat Oct 19 23:07:31 2024",
  "jobs" : [
    {
      "jobname" : "benchmark_test",
      "groupid" : 0,
      "job_start" : 1729393588046,
      "error" : 0,
      "eta" : 0,
      "elapsed" : 61,
      "job options" : {
        "name" : "benchmark_test",
        "filename" : "/mnt/e/testfile",
        "size" : "500M",
        "rw" : "randrw",
        "bs" : "32k",
        "iodepth" : "256",
        "ioengine" : "libaio",
        "direct" : "1",
        "numjobs" : "1",
        "runtime" : "60"
      },
      "read" : {
        "io_bytes" : 3465576448,
        "io_kbytes" : 3384352,
        "bw_bytes" : 57758644,
        "bw" : 56404,
        "iops" : 1762.653956,
        "runtime" : 60001,
        "total_ios" : 105761,
        "short_ios" : 0,
        "drop_ios" : 0,
        "slat_ns" : {
          "min" : 142218,
          "max" : 293861550,
          "mean" : 265021.928792,
          "stddev" : 1077174.821657,
          "N" : 105761
        },
        "clat_ns" : {
          "min" : 18711,
          "max" : 1044422317,
          "mean" : 72394773.338281,
          "stddev" : 43268559.103471,
          "N" : 105761,
          "percentile" : {
            "1.000000" : 55312384,
            "5.000000" : 57933824,
            "10.000000" : 59506688,
            "20.000000" : 61079552,
            "30.000000" : 62128128,
            "40.000000" : 63700992,
            "50.000000" : 65273856,
            "60.000000" : 66846720,
            "70.000000" : 68681728,
            "80.000000" : 71827456,
            "90.000000" : 82313216,
            "95.000000" : 92798976,
            "99.000000" : 210763776,
            "99.500000" : 299892736,
            "99.900000" : 717225984,
            "99.950000" : 1019215872,
            "99.990000" : 1044381696
          }
        },
        "lat_ns" : {
          "min" : 531939,
          "max" : 1044879293,
          "mean" : 72659795.267073,
          "stddev" : 43409444.168651,
          "N" : 105761
        },
        "bw_min" : 763,
        "bw_max" : 69888,
        "bw_agg" : 100.000000,
        "bw_mean" : 56632.092437,
        "bw_dev" : 14574.702919,
        "bw_samples" : 119,
        "iops_min" : 23,
        "iops_max" : 2184,
        "iops_mean" : 1769.663866,
        "iops_stddev" : 455.512791,
        "iops_samples" : 119
      },
      "write" : {
        "io_bytes" : 3460464640,
        "io_kbytes" : 3379360,
        "bw_bytes" : 57673449,
        "bw" : 56321,
        "iops" : 1760.053999,
        "runtime" : 60001,
        "total_ios" : 105605,
        "short_ios" : 0,
        "drop_ios" : 0,
        "slat_ns" : {
          "min" : 158396,
          "max" : 166079418,
          "mean" : 293986.360845,
          "stddev" : 687498.618064,
          "N" : 105605
        },
        "clat_ns" : {
          "min" : 592794,
          "max" : 1044256083,
          "mean" : 72309686.752388,
          "stddev" : 43173417.568565,
          "N" : 105605,
          "percentile" : {
            "1.000000" : 55312384,
            "5.000000" : 57933824,
            "10.000000" : 59506688,
            "20.000000" : 61079552,
            "30.000000" : 62128128,
            "40.000000" : 63700992,
            "50.000000" : 65273856,
            "60.000000" : 66846720,
            "70.000000" : 68681728,
            "80.000000" : 71827456,
            "90.000000" : 82313216,
            "95.000000" : 92798976,
            "99.000000" : 208666624,
            "99.500000" : 267386880,
            "99.900000" : 725614592,
            "99.950000" : 1019215872,
            "99.990000" : 1044381696
          }
        },
        "lat_ns" : {
          "min" : 1209763,
          "max" : 1045058966,
          "mean" : 72603673.113233,
          "stddev" : 43290707.529070,
          "N" : 105605
        },
        "bw_min" : 1017,
        "bw_max" : 70336,
        "bw_agg" : 100.000000,
        "bw_mean" : 56548.554622,
        "bw_dev" : 14519.387240,
        "bw_samples" : 119,
        "iops_min" : 31,
        "iops_max" : 2198,
        "iops_mean" : 1767.033613,
        "iops_stddev" : 453.760986,
        "iops_samples" : 119
      },
      "trim" : {
        "io_bytes" : 0,
        "io_kbytes" : 0,
        "bw_bytes" : 0,
        "bw" : 0,
        "iops" : 0.000000,
        "runtime" : 0,
        "total_ios" : 0,
        "short_ios" : 0,
        "drop_ios" : 0,
        "slat_ns" : {
          "min" : 0,
          "max" : 0,
          "mean" : 0.000000,
          "stddev" : 0.000000,
          "N" : 0
        },
        "clat_ns" : {
          "min" : 0,
          "max" : 0,
          "mean" : 0.000000,
          "stddev" : 0.000000,
          "N" : 0
        },
        "lat_ns" : {
          "min" : 0,
          "max" : 0,
          "mean" : 0.000000,
          "stddev" : 0.000000,
          "N" : 0
        },
        "bw_min" : 0,
        "bw_max" : 0,
        "bw_agg" : 0.000000,
        "bw_mean" : 0.000000,
        "bw_dev" : 0.000000,
        "bw_samples" : 0,
        "iops_min" : 0,
        "iops_max" : 0,
        "iops_mean" : 0.000000,
        "iops_stddev" : 0.000000,
        "iops_samples" : 0
      },
      "sync" : {
        "total_ios" : 0,
        "lat_ns" : {
          "min" : 0,
          "max" : 0,
          "mean" : 0.000000,
          "stddev" : 0.000000,
          "N" : 0
        }
      },
      "job_runtime" : 60000,
      "usr_cpu" : 2.165000,
      "sys_cpu" : 6.718333,
      "ctx" : 211372,
      "majf" : 0,
      "minf" : 14,
      "iodepth_level" : {
        "1" : 0.100000,
        "2" : 0.100000,
        "4" : 0.100000,
        "8" : 0.100000,
        "16" : 0.100000,
        "32" : 0.100000,
        ">=64" : 99.970194
      },
      "iodepth_submit" : {
        "0" : 0.000000,
        "4" : 100.000000,
        "8" : 0.000000,
        "16" : 0.000000,
        "32" : 0.000000,
        "64" : 0.000000,
        ">=64" : 0.000000
      },
      "iodepth_complete" : {
        "0" : 0.000000,
        "4" : 99.999526,
        "8" : 0.000000,
        "16" : 0.000000,
        "32" : 0.000000,
        "64" : 0.000000,
        ">=64" : 0.100000
      },
      "latency_ns" : {
        "2" : 0.000000,
        "4" : 0.000000,
        "10" : 0.000000,
        "20" : 0.000000,
        "50" : 0.000000,
        "100" : 0.000000,
        "250" : 0.000000,
        "500" : 0.000000,
        "750" : 0.000000,
        "1000" : 0.000000
      },
      "latency_us" : {
        "2" : 0.000000,
        "4" : 0.000000,
        "10" : 0.000000,
        "20" : 0.010000,
        "50" : 0.000000,
        "100" : 0.000000,
        "250" : 0.000000,
        "500" : 0.000000,
        "750" : 0.010000,
        "1000" : 0.000000
      },
      "latency_ms" : {
        "2" : 0.010000,
        "4" : 0.010000,
        "10" : 0.010000,
        "20" : 0.010000,
        "50" : 0.023183,
        "100" : 95.513470,
        "250" : 3.886150,
        "500" : 0.322663,
        "750" : 0.148557,
        "1000" : 0.030752,
        "2000" : 0.060085,
        ">=2000" : 0.000000
      },
      "latency_depth" : 256,
      "latency_target" : 0,
      "latency_percentile" : 100.000000,
      "latency_window" : 0
    }
  ]
}
