{
  "fio version" : "fio-3.36",
  "timestamp" : 1729389223,
  "timestamp_ms" : 1729389223799,
  "time" : "Sat Oct 19 21:53:43 2024",
  "jobs" : [
    {
      "jobname" : "benchmark_test",
      "groupid" : 0,
      "job_start" : 1729389158556,
      "error" : 0,
      "eta" : 0,
      "elapsed" : 61,
      "job options" : {
        "name" : "benchmark_test",
        "filename" : "/mnt/e/testfile",
        "size" : "500M",
        "rw" : "randread",
        "bs" : "4k",
        "iodepth" : "64",
        "ioengine" : "libaio",
        "direct" : "1",
        "numjobs" : "1",
        "runtime" : "60"
      },
      "read" : {
        "io_bytes" : 1213616128,
        "io_kbytes" : 1185172,
        "bw_bytes" : 20226598,
        "bw" : 19752,
        "iops" : 4938.134364,
        "runtime" : 60001,
        "total_ios" : 296293,
        "short_ios" : 0,
        "drop_ios" : 0,
        "slat_ns" : {
          "min" : 83196,
          "max" : 190202277,
          "mean" : 198725.909475,
          "stddev" : 698642.851785,
          "N" : 296293
        },
        "clat_ns" : {
          "min" : 6706,
          "max" : 756999557,
          "mean" : 12756268.799428,
          "stddev" : 15331469.101304,
          "N" : 296293,
          "percentile" : {
            "1.000000" : 7372800,
            "5.000000" : 7831552,
            "10.000000" : 8093696,
            "20.000000" : 8585216,
            "30.000000" : 9109504,
            "40.000000" : 9633792,
            "50.000000" : 10420224,
            "60.000000" : 11337728,
            "70.000000" : 12386304,
            "80.000000" : 14221312,
            "90.000000" : 17956864,
            "95.000000" : 23199744,
            "99.000000" : 40108032,
            "99.500000" : 61079552,
            "99.900000" : 193986560,
            "99.950000" : 333447168,
            "99.990000" : 700448768
          }
        },
        "lat_ns" : {
          "min" : 417541,
          "max" : 770211120,
          "mean" : 12954994.708903,
          "stddev" : 15532074.941046,
          "N" : 296293
        },
        "bw_min" : 272,
        "bw_max" : 29074,
        "bw_agg" : 100.000000,
        "bw_mean" : 19824.336134,
        "bw_dev" : 7645.727995,
        "bw_samples" : 119,
        "iops_min" : 68,
        "iops_max" : 7268,
        "iops_mean" : 4956.000000,
        "iops_stddev" : 1911.444861,
        "iops_samples" : 119
      },
      "write" : {
        "io_bytes" : 0,
        "io_kbytes" : 0,
        "bw_bytes" : 0,
        "bw" : 0,
        "iops" : 0.000000,
        "runtime" : 0,
        "total_ios" : 0,
        "short_ios" : 0,
        "drop_ios" : 0,
        "slat_ns" : {
          "min" : 0,
          "max" : 0,
          "mean" : 0.000000,
          "stddev" : 0.000000,
          "N" : 0
        },
        "clat_ns" : {
          "min" : 0,
          "max" : 0,
          "mean" : 0.000000,
          "stddev" : 0.000000,
          "N" : 0
        },
        "lat_ns" : {
          "min" : 0,
          "max" : 0,
          "mean" : 0.000000,
          "stddev" : 0.000000,
          "N" : 0
        },
        "bw_min" : 0,
        "bw_max" : 0,
        "bw_agg" : 0.000000,
        "bw_mean" : 0.000000,
        "bw_dev" : 0.000000,
        "bw_samples" : 0,
        "iops_min" : 0,
        "iops_max" : 0,
        "iops_mean" : 0.000000,
        "iops_stddev" : 0.000000,
        "iops_samples" : 0
      },
      "trim" : {
        "io_bytes" : 0,
        "io_kbytes" : 0,
        "bw_bytes" : 0,
        "bw" : 0,
        "iops" : 0.000000,
        "runtime" : 0,
        "total_ios" : 0,
        "short_ios" : 0,
        "drop_ios" : 0,
        "slat_ns" : {
          "min" : 0,
          "max" : 0,
          "mean" : 0.000000,
          "stddev" : 0.000000,
          "N" : 0
        },
        "clat_ns" : {
          "min" : 0,
          "max" : 0,
          "mean" : 0.000000,
          "stddev" : 0.000000,
          "N" : 0
        },
        "lat_ns" : {
          "min" : 0,
          "max" : 0,
          "mean" : 0.000000,
          "stddev" : 0.000000,
          "N" : 0
        },
        "bw_min" : 0,
        "bw_max" : 0,
        "bw_agg" : 0.000000,
        "bw_mean" : 0.000000,
        "bw_dev" : 0.000000,
        "bw_samples" : 0,
        "iops_min" : 0,
        "iops_max" : 0,
        "iops_mean" : 0.000000,
        "iops_stddev" : 0.000000,
        "iops_samples" : 0
      },
      "sync" : {
        "total_ios" : 0,
        "lat_ns" : {
          "min" : 0,
          "max" : 0,
          "mean" : 0.000000,
          "stddev" : 0.000000,
          "N" : 0
        }
      },
      "job_runtime" : 60000,
      "usr_cpu" : 2.530000,
      "sys_cpu" : 6.105000,
      "ctx" : 296302,
      "majf" : 0,
      "minf" : 75,
      "iodepth_level" : {
        "1" : 0.100000,
        "2" : 0.100000,
        "4" : 0.100000,
        "8" : 0.100000,
        "16" : 0.100000,
        "32" : 0.100000,
        ">=64" : 99.978737
      },
      "iodepth_submit" : {
        "0" : 0.000000,
        "4" : 100.000000,
        "8" : 0.000000,
        "16" : 0.000000,
        "32" : 0.000000,
        "64" : 0.000000,
        ">=64" : 0.000000
      },
      "iodepth_complete" : {
        "0" : 0.000000,
        "4" : 99.999662,
        "8" : 0.000000,
        "16" : 0.000000,
        "32" : 0.000000,
        "64" : 0.100000,
        ">=64" : 0.000000
      },
      "latency_ns" : {
        "2" : 0.000000,
        "4" : 0.000000,
        "10" : 0.000000,
        "20" : 0.000000,
        "50" : 0.000000,
        "100" : 0.000000,
        "250" : 0.000000,
        "500" : 0.000000,
        "750" : 0.000000,
        "1000" : 0.000000
      },
      "latency_us" : {
        "2" : 0.000000,
        "4" : 0.000000,
        "10" : 0.010000,
        "20" : 0.000000,
        "50" : 0.000000,
        "100" : 0.000000,
        "250" : 0.000000,
        "500" : 0.010000,
        "750" : 0.010000,
        "1000" : 0.010000
      },
      "latency_ms" : {
        "2" : 0.010000,
        "4" : 0.010000,
        "10" : 44.548808,
        "20" : 48.257974,
        "50" : 6.518548,
        "100" : 0.461368,
        "250" : 0.131964,
        "500" : 0.056026,
        "750" : 0.018900,
        "1000" : 0.010000,
        "2000" : 0.000000,
        ">=2000" : 0.000000
      },
      "latency_depth" : 64,
      "latency_target" : 0,
      "latency_percentile" : 100.000000,
      "latency_window" : 0
    }
  ]
}
