{
  "fio version" : "fio-3.36",
  "timestamp" : 1729395381,
  "timestamp_ms" : 1729395381749,
  "time" : "Sat Oct 19 23:36:21 2024",
  "jobs" : [
    {
      "jobname" : "benchmark_test",
      "groupid" : 0,
      "job_start" : 1729395322317,
      "error" : 0,
      "eta" : 0,
      "elapsed" : 61,
      "job options" : {
        "name" : "benchmark_test",
        "filename" : "/mnt/e/testfile",
        "size" : "500M",
        "rw" : "randread",
        "bs" : "128k",
        "iodepth" : "256",
        "ioengine" : "libaio",
        "direct" : "1",
        "numjobs" : "1",
        "runtime" : "60"
      },
      "read" : {
        "io_bytes" : 5999951872,
        "io_kbytes" : 5859328,
        "bw_bytes" : 99997531,
        "bw" : 97653,
        "iops" : 762.920618,
        "runtime" : 60001,
        "total_ios" : 45776,
        "short_ios" : 0,
        "drop_ios" : 0,
        "slat_ns" : {
          "min" : 586575,
          "max" : 83178452,
          "mean" : 1296568.964916,
          "stddev" : 1103465.240151,
          "N" : 45776
        },
        "clat_ns" : {
          "min" : 70879,
          "max" : 960734516,
          "mean" : 333388076.437635,
          "stddev" : 69894090.123274,
          "N" : 45776,
          "percentile" : {
            "1.000000" : 235929600,
            "5.000000" : 248512512,
            "10.000000" : 270532608,
            "20.000000" : 287309824,
            "30.000000" : 299892736,
            "40.000000" : 316669952,
            "50.000000" : 325058560,
            "60.000000" : 337641472,
            "70.000000" : 354418688,
            "80.000000" : 371195904,
            "90.000000" : 392167424,
            "95.000000" : 425721856,
            "99.000000" : 666894336,
            "99.500000" : 801112064,
            "99.900000" : 926941184,
            "99.950000" : 943718400,
            "99.990000" : 960495616
          }
        },
        "lat_ns" : {
          "min" : 1595962,
          "max" : 963522408,
          "mean" : 334684645.402543,
          "stddev" : 70071413.565826,
          "N" : 45776
        },
        "bw_min" : 36787,
        "bw_max" : 135365,
        "bw_agg" : 99.595675,
        "bw_mean" : 97259.152542,
        "bw_dev" : 16128.824749,
        "bw_samples" : 118,
        "iops_min" : 287,
        "iops_max" : 1057,
        "iops_mean" : 759.432203,
        "iops_stddev" : 125.991214,
        "iops_samples" : 118
      },
      "write" : {
        "io_bytes" : 0,
        "io_kbytes" : 0,
        "bw_bytes" : 0,
        "bw" : 0,
        "iops" : 0.000000,
        "runtime" : 0,
        "total_ios" : 0,
        "short_ios" : 0,
        "drop_ios" : 0,
        "slat_ns" : {
          "min" : 0,
          "max" : 0,
          "mean" : 0.000000,
          "stddev" : 0.000000,
          "N" : 0
        },
        "clat_ns" : {
          "min" : 0,
          "max" : 0,
          "mean" : 0.000000,
          "stddev" : 0.000000,
          "N" : 0
        },
        "lat_ns" : {
          "min" : 0,
          "max" : 0,
          "mean" : 0.000000,
          "stddev" : 0.000000,
          "N" : 0
        },
        "bw_min" : 0,
        "bw_max" : 0,
        "bw_agg" : 0.000000,
        "bw_mean" : 0.000000,
        "bw_dev" : 0.000000,
        "bw_samples" : 0,
        "iops_min" : 0,
        "iops_max" : 0,
        "iops_mean" : 0.000000,
        "iops_stddev" : 0.000000,
        "iops_samples" : 0
      },
      "trim" : {
        "io_bytes" : 0,
        "io_kbytes" : 0,
        "bw_bytes" : 0,
        "bw" : 0,
        "iops" : 0.000000,
        "runtime" : 0,
        "total_ios" : 0,
        "short_ios" : 0,
        "drop_ios" : 0,
        "slat_ns" : {
          "min" : 0,
          "max" : 0,
          "mean" : 0.000000,
          "stddev" : 0.000000,
          "N" : 0
        },
        "clat_ns" : {
          "min" : 0,
          "max" : 0,
          "mean" : 0.000000,
          "stddev" : 0.000000,
          "N" : 0
        },
        "lat_ns" : {
          "min" : 0,
          "max" : 0,
          "mean" : 0.000000,
          "stddev" : 0.000000,
          "N" : 0
        },
        "bw_min" : 0,
        "bw_max" : 0,
        "bw_agg" : 0.000000,
        "bw_mean" : 0.000000,
        "bw_dev" : 0.000000,
        "bw_samples" : 0,
        "iops_min" : 0,
        "iops_max" : 0,
        "iops_mean" : 0.000000,
        "iops_stddev" : 0.000000,
        "iops_samples" : 0
      },
      "sync" : {
        "total_ios" : 0,
        "lat_ns" : {
          "min" : 0,
          "max" : 0,
          "mean" : 0.000000,
          "stddev" : 0.000000,
          "N" : 0
        }
      },
      "job_runtime" : 60000,
      "usr_cpu" : 1.503333,
      "sys_cpu" : 6.873333,
      "ctx" : 137333,
      "majf" : 0,
      "minf" : 8204,
      "iodepth_level" : {
        "1" : 0.100000,
        "2" : 0.100000,
        "4" : 0.100000,
        "8" : 0.100000,
        "16" : 0.100000,
        "32" : 0.100000,
        ">=64" : 99.862373
      },
      "iodepth_submit" : {
        "0" : 0.000000,
        "4" : 100.000000,
        "8" : 0.000000,
        "16" : 0.000000,
        "32" : 0.000000,
        "64" : 0.000000,
        ">=64" : 0.000000
      },
      "iodepth_complete" : {
        "0" : 0.000000,
        "4" : 99.997803,
        "8" : 0.000000,
        "16" : 0.000000,
        "32" : 0.000000,
        "64" : 0.000000,
        ">=64" : 0.100000
      },
      "latency_ns" : {
        "2" : 0.000000,
        "4" : 0.000000,
        "10" : 0.000000,
        "20" : 0.000000,
        "50" : 0.000000,
        "100" : 0.000000,
        "250" : 0.000000,
        "500" : 0.000000,
        "750" : 0.000000,
        "1000" : 0.000000
      },
      "latency_us" : {
        "2" : 0.000000,
        "4" : 0.000000,
        "10" : 0.000000,
        "20" : 0.000000,
        "50" : 0.000000,
        "100" : 0.010000,
        "250" : 0.000000,
        "500" : 0.000000,
        "750" : 0.000000,
        "1000" : 0.000000
      },
      "latency_ms" : {
        "2" : 0.010000,
        "4" : 0.010000,
        "10" : 0.010000,
        "20" : 0.015292,
        "50" : 0.045876,
        "100" : 0.078644,
        "250" : 4.976407,
        "500" : 93.662618,
        "750" : 0.657550,
        "1000" : 0.548322,
        "2000" : 0.000000,
        ">=2000" : 0.000000
      },
      "latency_depth" : 256,
      "latency_target" : 0,
      "latency_percentile" : 100.000000,
      "latency_window" : 0
    }
  ]
}
