{
  "fio version" : "fio-3.36",
  "timestamp" : 1729392434,
  "timestamp_ms" : 1729392434096,
  "time" : "Sat Oct 19 22:47:14 2024",
  "jobs" : [
    {
      "jobname" : "benchmark_test",
      "groupid" : 0,
      "job_start" : 1729392372421,
      "error" : 0,
      "eta" : 0,
      "elapsed" : 61,
      "job options" : {
        "name" : "benchmark_test",
        "filename" : "/mnt/e/testfile",
        "size" : "500M",
        "rw" : "rw",
        "bs" : "32k",
        "iodepth" : "1",
        "ioengine" : "libaio",
        "direct" : "1",
        "numjobs" : "1",
        "runtime" : "60"
      },
      "read" : {
        "io_bytes" : 4027908096,
        "io_kbytes" : 3933504,
        "bw_bytes" : 67130682,
        "bw" : 65557,
        "iops" : 2048.665856,
        "runtime" : 60001,
        "total_ios" : 122922,
        "short_ios" : 0,
        "drop_ios" : 0,
        "slat_ns" : {
          "min" : 132449,
          "max" : 22920774,
          "mean" : 228087.539472,
          "stddev" : 112487.724031,
          "N" : 122922
        },
        "clat_ns" : {
          "min" : 792,
          "max" : 113227,
          "mean" : 1769.456647,
          "stddev" : 1474.426038,
          "N" : 122922,
          "percentile" : {
            "1.000000" : 884,
            "5.000000" : 924,
            "10.000000" : 964,
            "20.000000" : 1032,
            "30.000000" : 1144,
            "40.000000" : 1256,
            "50.000000" : 1368,
            "60.000000" : 1496,
            "70.000000" : 1752,
            "80.000000" : 2384,
            "90.000000" : 2992,
            "95.000000" : 3568,
            "99.000000" : 6368,
            "99.500000" : 7840,
            "99.900000" : 15936,
            "99.950000" : 22400,
            "99.990000" : 48896
          }
        },
        "lat_ns" : {
          "min" : 133489,
          "max" : 22931104,
          "mean" : 229856.996119,
          "stddev" : 112848.865478,
          "N" : 122922
        },
        "bw_min" : 36544,
        "bw_max" : 73900,
        "bw_agg" : 100.000000,
        "bw_mean" : 65606.697479,
        "bw_dev" : 4942.435214,
        "bw_samples" : 119,
        "iops_min" : 1142,
        "iops_max" : 2309,
        "iops_mean" : 2050.058824,
        "iops_stddev" : 154.403132,
        "iops_samples" : 119
      },
      "write" : {
        "io_bytes" : 4023386112,
        "io_kbytes" : 3929088,
        "bw_bytes" : 67055317,
        "bw" : 65483,
        "iops" : 2046.365894,
        "runtime" : 60001,
        "total_ios" : 122784,
        "short_ios" : 0,
        "drop_ios" : 0,
        "slat_ns" : {
          "min" : 155055,
          "max" : 13972534,
          "mean" : 253727.235837,
          "stddev" : 88224.851297,
          "N" : 122784
        },
        "clat_ns" : {
          "min" : 852,
          "max" : 97133,
          "mean" : 2056.318616,
          "stddev" : 1653.162284,
          "N" : 122784,
          "percentile" : {
            "1.000000" : 956,
            "5.000000" : 1020,
            "10.000000" : 1080,
            "20.000000" : 1176,
            "30.000000" : 1320,
            "40.000000" : 1480,
            "50.000000" : 1640,
            "60.000000" : 1848,
            "70.000000" : 2224,
            "80.000000" : 2768,
            "90.000000" : 3312,
            "95.000000" : 3984,
            "99.000000" : 7136,
            "99.500000" : 8768,
            "99.900000" : 19584,
            "99.950000" : 29312,
            "99.990000" : 51968
          }
        },
        "lat_ns" : {
          "min" : 156121,
          "max" : 13983173,
          "mean" : 255783.554453,
          "stddev" : 88745.231628,
          "N" : 122784
        },
        "bw_min" : 36352,
        "bw_max" : 72686,
        "bw_agg" : 100.000000,
        "bw_mean" : 65542.983193,
        "bw_dev" : 4892.866478,
        "bw_samples" : 119,
        "iops_min" : 1136,
        "iops_max" : 2271,
        "iops_mean" : 2048.050420,
        "iops_stddev" : 152.844046,
        "iops_samples" : 119
      },
      "trim" : {
        "io_bytes" : 0,
        "io_kbytes" : 0,
        "bw_bytes" : 0,
        "bw" : 0,
        "iops" : 0.000000,
        "runtime" : 0,
        "total_ios" : 0,
        "short_ios" : 0,
        "drop_ios" : 0,
        "slat_ns" : {
          "min" : 0,
          "max" : 0,
          "mean" : 0.000000,
          "stddev" : 0.000000,
          "N" : 0
        },
        "clat_ns" : {
          "min" : 0,
          "max" : 0,
          "mean" : 0.000000,
          "stddev" : 0.000000,
          "N" : 0
        },
        "lat_ns" : {
          "min" : 0,
          "max" : 0,
          "mean" : 0.000000,
          "stddev" : 0.000000,
          "N" : 0
        },
        "bw_min" : 0,
        "bw_max" : 0,
        "bw_agg" : 0.000000,
        "bw_mean" : 0.000000,
        "bw_dev" : 0.000000,
        "bw_samples" : 0,
        "iops_min" : 0,
        "iops_max" : 0,
        "iops_mean" : 0.000000,
        "iops_stddev" : 0.000000,
        "iops_samples" : 0
      },
      "sync" : {
        "total_ios" : 0,
        "lat_ns" : {
          "min" : 0,
          "max" : 0,
          "mean" : 0.000000,
          "stddev" : 0.000000,
          "N" : 0
        }
      },
      "job_runtime" : 60000,
      "usr_cpu" : 1.910000,
      "sys_cpu" : 6.566667,
      "ctx" : 245710,
      "majf" : 0,
      "minf" : 14,
      "iodepth_level" : {
        "1" : 100.000000,
        "2" : 0.000000,
        "4" : 0.000000,
        "8" : 0.000000,
        "16" : 0.000000,
        "32" : 0.000000,
        ">=64" : 0.000000
      },
      "iodepth_submit" : {
        "0" : 0.000000,
        "4" : 100.000000,
        "8" : 0.000000,
        "16" : 0.000000,
        "32" : 0.000000,
        "64" : 0.000000,
        ">=64" : 0.000000
      },
      "iodepth_complete" : {
        "0" : 0.000000,
        "4" : 100.000000,
        "8" : 0.000000,
        "16" : 0.000000,
        "32" : 0.000000,
        "64" : 0.000000,
        ">=64" : 0.000000
      },
      "latency_ns" : {
        "2" : 0.000000,
        "4" : 0.000000,
        "10" : 0.000000,
        "20" : 0.000000,
        "50" : 0.000000,
        "100" : 0.000000,
        "250" : 0.000000,
        "500" : 0.000000,
        "750" : 0.000000,
        "1000" : 9.349385
      },
      "latency_us" : {
        "2" : 60.626114,
        "4" : 25.862616,
        "10" : 3.870072,
        "20" : 0.214891,
        "50" : 0.066339,
        "100" : 0.010175,
        "250" : 0.010000,
        "500" : 0.000000,
        "750" : 0.000000,
        "1000" : 0.000000
      },
      "latency_ms" : {
        "2" : 0.000000,
        "4" : 0.000000,
        "10" : 0.000000,
        "20" : 0.000000,
        "50" : 0.000000,
        "100" : 0.000000,
        "250" : 0.000000,
        "500" : 0.000000,
        "750" : 0.000000,
        "1000" : 0.000000,
        "2000" : 0.000000,
        ">=2000" : 0.000000
      },
      "latency_depth" : 1,
      "latency_target" : 0,
      "latency_percentile" : 100.000000,
      "latency_window" : 0
    }
  ]
}
