{
  "fio version" : "fio-3.36",
  "timestamp" : 1729394744,
  "timestamp_ms" : 1729394744666,
  "time" : "Sat Oct 19 23:25:44 2024",
  "jobs" : [
    {
      "jobname" : "benchmark_test",
      "groupid" : 0,
      "job_start" : 1729394680940,
      "error" : 0,
      "eta" : 0,
      "elapsed" : 61,
      "job options" : {
        "name" : "benchmark_test",
        "filename" : "/mnt/e/testfile",
        "size" : "500M",
        "rw" : "rw",
        "bs" : "128k",
        "iodepth" : "16",
        "ioengine" : "libaio",
        "direct" : "1",
        "numjobs" : "1",
        "runtime" : "60"
      },
      "read" : {
        "io_bytes" : 3873439744,
        "io_kbytes" : 3782656,
        "bw_bytes" : 64556253,
        "bw" : 63043,
        "iops" : 492.525125,
        "runtime" : 60001,
        "total_ios" : 29552,
        "short_ios" : 0,
        "drop_ios" : 0,
        "slat_ns" : {
          "min" : 552039,
          "max" : 95026173,
          "mean" : 938301.227463,
          "stddev" : 915236.515592,
          "N" : 29552
        },
        "clat_ns" : {
          "min" : 1096452,
          "max" : 346301790,
          "mean" : 15215046.264686,
          "stddev" : 7135330.641132,
          "N" : 29552,
          "percentile" : {
            "1.000000" : 11993088,
            "5.000000" : 12517376,
            "10.000000" : 12910592,
            "20.000000" : 13434880,
            "30.000000" : 13697024,
            "40.000000" : 14090240,
            "50.000000" : 14483456,
            "60.000000" : 14876672,
            "70.000000" : 15532032,
            "80.000000" : 16449536,
            "90.000000" : 17956864,
            "95.000000" : 19267584,
            "99.000000" : 22675456,
            "99.500000" : 24248320,
            "99.900000" : 49020928,
            "99.950000" : 206569472,
            "99.990000" : 346030080
          }
        },
        "lat_ns" : {
          "min" : 1899285,
          "max" : 347499404,
          "mean" : 16153347.492149,
          "stddev" : 7519729.289589,
          "N" : 29552
        },
        "bw_min" : 13312,
        "bw_max" : 77056,
        "bw_agg" : 100.000000,
        "bw_mean" : 63176.142857,
        "bw_dev" : 8130.087185,
        "bw_samples" : 119,
        "iops_min" : 104,
        "iops_max" : 602,
        "iops_mean" : 493.529412,
        "iops_stddev" : 63.500010,
        "iops_samples" : 119
      },
      "write" : {
        "io_bytes" : 3877765120,
        "io_kbytes" : 3786880,
        "bw_bytes" : 64628341,
        "bw" : 63113,
        "iops" : 493.075115,
        "runtime" : 60001,
        "total_ios" : 29585,
        "short_ios" : 0,
        "drop_ios" : 0,
        "slat_ns" : {
          "min" : 628473,
          "max" : 61469799,
          "mean" : 1075269.906676,
          "stddev" : 691405.622304,
          "N" : 29585
        },
        "clat_ns" : {
          "min" : 6173,
          "max" : 346875507,
          "mean" : 15224583.057225,
          "stddev" : 7098380.030383,
          "N" : 29585,
          "percentile" : {
            "1.000000" : 11993088,
            "5.000000" : 12648448,
            "10.000000" : 12910592,
            "20.000000" : 13434880,
            "30.000000" : 13697024,
            "40.000000" : 14090240,
            "50.000000" : 14483456,
            "60.000000" : 14876672,
            "70.000000" : 15532032,
            "80.000000" : 16449536,
            "90.000000" : 17956864,
            "95.000000" : 19267584,
            "99.000000" : 22675456,
            "99.500000" : 24248320,
            "99.900000" : 56360960,
            "99.950000" : 170917888,
            "99.990000" : 346030080
          }
        },
        "lat_ns" : {
          "min" : 1091867,
          "max" : 348208931,
          "mean" : 16299852.963901,
          "stddev" : 7292125.105582,
          "N" : 29585
        },
        "bw_min" : 14592,
        "bw_max" : 75264,
        "bw_agg" : 100.000000,
        "bw_mean" : 63257.529412,
        "bw_dev" : 8178.000723,
        "bw_samples" : 119,
        "iops_min" : 114,
        "iops_max" : 588,
        "iops_mean" : 494.151261,
        "iops_stddev" : 63.866073,
        "iops_samples" : 119
      },
      "trim" : {
        "io_bytes" : 0,
        "io_kbytes" : 0,
        "bw_bytes" : 0,
        "bw" : 0,
        "iops" : 0.000000,
        "runtime" : 0,
        "total_ios" : 0,
        "short_ios" : 0,
        "drop_ios" : 0,
        "slat_ns" : {
          "min" : 0,
          "max" : 0,
          "mean" : 0.000000,
          "stddev" : 0.000000,
          "N" : 0
        },
        "clat_ns" : {
          "min" : 0,
          "max" : 0,
          "mean" : 0.000000,
          "stddev" : 0.000000,
          "N" : 0
        },
        "lat_ns" : {
          "min" : 0,
          "max" : 0,
          "mean" : 0.000000,
          "stddev" : 0.000000,
          "N" : 0
        },
        "bw_min" : 0,
        "bw_max" : 0,
        "bw_agg" : 0.000000,
        "bw_mean" : 0.000000,
        "bw_dev" : 0.000000,
        "bw_samples" : 0,
        "iops_min" : 0,
        "iops_max" : 0,
        "iops_mean" : 0.000000,
        "iops_stddev" : 0.000000,
        "iops_samples" : 0
      },
      "sync" : {
        "total_ios" : 0,
        "lat_ns" : {
          "min" : 0,
          "max" : 0,
          "mean" : 0.000000,
          "stddev" : 0.000000,
          "N" : 0
        }
      },
      "job_runtime" : 60000,
      "usr_cpu" : 1.345000,
      "sys_cpu" : 6.063333,
      "ctx" : 177415,
      "majf" : 0,
      "minf" : 15,
      "iodepth_level" : {
        "1" : 0.100000,
        "2" : 0.100000,
        "4" : 0.100000,
        "8" : 0.100000,
        "16" : 99.974635,
        "32" : 0.000000,
        ">=64" : 0.000000
      },
      "iodepth_submit" : {
        "0" : 0.000000,
        "4" : 100.000000,
        "8" : 0.000000,
        "16" : 0.000000,
        "32" : 0.000000,
        "64" : 0.000000,
        ">=64" : 0.000000
      },
      "iodepth_complete" : {
        "0" : 0.000000,
        "4" : 99.998309,
        "8" : 0.000000,
        "16" : 0.100000,
        "32" : 0.000000,
        "64" : 0.000000,
        ">=64" : 0.000000
      },
      "latency_ns" : {
        "2" : 0.000000,
        "4" : 0.000000,
        "10" : 0.000000,
        "20" : 0.000000,
        "50" : 0.000000,
        "100" : 0.000000,
        "250" : 0.000000,
        "500" : 0.000000,
        "750" : 0.000000,
        "1000" : 0.000000
      },
      "latency_us" : {
        "2" : 0.000000,
        "4" : 0.000000,
        "10" : 0.010000,
        "20" : 0.000000,
        "50" : 0.000000,
        "100" : 0.000000,
        "250" : 0.000000,
        "500" : 0.000000,
        "750" : 0.000000,
        "1000" : 0.000000
      },
      "latency_ms" : {
        "2" : 0.010000,
        "4" : 0.010000,
        "10" : 0.010000,
        "20" : 96.306881,
        "50" : 3.564604,
        "100" : 0.052421,
        "250" : 0.016910,
        "500" : 0.042275,
        "750" : 0.000000,
        "1000" : 0.000000,
        "2000" : 0.000000,
        ">=2000" : 0.000000
      },
      "latency_depth" : 16,
      "latency_target" : 0,
      "latency_percentile" : 100.000000,
      "latency_window" : 0
    }
  ]
}
