{
  "fio version" : "fio-3.36",
  "timestamp" : 1729391732,
  "timestamp_ms" : 1729391732316,
  "time" : "Sat Oct 19 22:35:32 2024",
  "jobs" : [
    {
      "jobname" : "benchmark_test",
      "groupid" : 0,
      "job_start" : 1729391667300,
      "error" : 0,
      "eta" : 0,
      "elapsed" : 61,
      "job options" : {
        "name" : "benchmark_test",
        "filename" : "/mnt/e/testfile",
        "size" : "500M",
        "rw" : "randrw",
        "bs" : "16k",
        "iodepth" : "256",
        "ioengine" : "libaio",
        "direct" : "1",
        "numjobs" : "1",
        "runtime" : "60"
      },
      "read" : {
        "io_bytes" : 2341191680,
        "io_kbytes" : 2286320,
        "bw_bytes" : 39019211,
        "bw" : 38104,
        "iops" : 2381.543641,
        "runtime" : 60001,
        "total_ios" : 142895,
        "short_ios" : 0,
        "drop_ios" : 0,
        "slat_ns" : {
          "min" : 104068,
          "max" : 15806305,
          "mean" : 194381.773288,
          "stddev" : 111646.543864,
          "N" : 142895
        },
        "clat_ns" : {
          "min" : 169831,
          "max" : 219165466,
          "mean" : 53443404.560188,
          "stddev" : 10363765.947621,
          "N" : 142895,
          "percentile" : {
            "1.000000" : 42205184,
            "5.000000" : 44302336,
            "10.000000" : 45350912,
            "20.000000" : 47448064,
            "30.000000" : 49020928,
            "40.000000" : 50069504,
            "50.000000" : 51642368,
            "60.000000" : 52690944,
            "70.000000" : 54788096,
            "80.000000" : 57409536,
            "90.000000" : 62128128,
            "95.000000" : 67633152,
            "99.000000" : 90701824,
            "99.500000" : 101187584,
            "99.900000" : 164626432,
            "99.950000" : 177209344,
            "99.990000" : 212860928
          }
        },
        "lat_ns" : {
          "min" : 319273,
          "max" : 219361400,
          "mean" : 53637786.333476,
          "stddev" : 10390624.382832,
          "N" : 142895
        },
        "bw_min" : 22080,
        "bw_max" : 43872,
        "bw_agg" : 100.000000,
        "bw_mean" : 38134.159664,
        "bw_dev" : 4522.226733,
        "bw_samples" : 119,
        "iops_min" : 1380,
        "iops_max" : 2742,
        "iops_mean" : 2383.142857,
        "iops_stddev" : 282.616146,
        "iops_samples" : 119
      },
      "write" : {
        "io_bytes" : 2344271872,
        "io_kbytes" : 2289328,
        "bw_bytes" : 39070546,
        "bw" : 38154,
        "iops" : 2384.676922,
        "runtime" : 60001,
        "total_ios" : 143083,
        "short_ios" : 0,
        "drop_ios" : 0,
        "slat_ns" : {
          "min" : 116507,
          "max" : 63339705,
          "mean" : 217489.407016,
          "stddev" : 233578.538768,
          "N" : 143083
        },
        "clat_ns" : {
          "min" : 4300,
          "max" : 219418377,
          "mean" : 53513000.066360,
          "stddev" : 10582495.928417,
          "N" : 143083,
          "percentile" : {
            "1.000000" : 42205184,
            "5.000000" : 44302336,
            "10.000000" : 45350912,
            "20.000000" : 47448064,
            "30.000000" : 49020928,
            "40.000000" : 50069504,
            "50.000000" : 51642368,
            "60.000000" : 53215232,
            "70.000000" : 54788096,
            "80.000000" : 57409536,
            "90.000000" : 62128128,
            "95.000000" : 67633152,
            "99.000000" : 91750400,
            "99.500000" : 103284736,
            "99.900000" : 164626432,
            "99.950000" : 181403648,
            "99.990000" : 214958080
          }
        },
        "lat_ns" : {
          "min" : 165712,
          "max" : 219805183,
          "mean" : 53730489.473376,
          "stddev" : 10617771.039284,
          "N" : 143083
        },
        "bw_min" : 22432,
        "bw_max" : 44704,
        "bw_agg" : 100.000000,
        "bw_mean" : 38194.008403,
        "bw_dev" : 4258.776970,
        "bw_samples" : 119,
        "iops_min" : 1402,
        "iops_max" : 2794,
        "iops_mean" : 2386.882353,
        "iops_stddev" : 266.171417,
        "iops_samples" : 119
      },
      "trim" : {
        "io_bytes" : 0,
        "io_kbytes" : 0,
        "bw_bytes" : 0,
        "bw" : 0,
        "iops" : 0.000000,
        "runtime" : 0,
        "total_ios" : 0,
        "short_ios" : 0,
        "drop_ios" : 0,
        "slat_ns" : {
          "min" : 0,
          "max" : 0,
          "mean" : 0.000000,
          "stddev" : 0.000000,
          "N" : 0
        },
        "clat_ns" : {
          "min" : 0,
          "max" : 0,
          "mean" : 0.000000,
          "stddev" : 0.000000,
          "N" : 0
        },
        "lat_ns" : {
          "min" : 0,
          "max" : 0,
          "mean" : 0.000000,
          "stddev" : 0.000000,
          "N" : 0
        },
        "bw_min" : 0,
        "bw_max" : 0,
        "bw_agg" : 0.000000,
        "bw_mean" : 0.000000,
        "bw_dev" : 0.000000,
        "bw_samples" : 0,
        "iops_min" : 0,
        "iops_max" : 0,
        "iops_mean" : 0.000000,
        "iops_stddev" : 0.000000,
        "iops_samples" : 0
      },
      "sync" : {
        "total_ios" : 0,
        "lat_ns" : {
          "min" : 0,
          "max" : 0,
          "mean" : 0.000000,
          "stddev" : 0.000000,
          "N" : 0
        }
      },
      "job_runtime" : 60000,
      "usr_cpu" : 2.700000,
      "sys_cpu" : 7.128333,
      "ctx" : 285987,
      "majf" : 0,
      "minf" : 14,
      "iodepth_level" : {
        "1" : 0.100000,
        "2" : 0.100000,
        "4" : 0.100000,
        "8" : 0.100000,
        "16" : 0.100000,
        "32" : 0.100000,
        ">=64" : 99.977970
      },
      "iodepth_submit" : {
        "0" : 0.000000,
        "4" : 100.000000,
        "8" : 0.000000,
        "16" : 0.000000,
        "32" : 0.000000,
        "64" : 0.000000,
        ">=64" : 0.000000
      },
      "iodepth_complete" : {
        "0" : 0.000000,
        "4" : 99.999650,
        "8" : 0.000000,
        "16" : 0.000000,
        "32" : 0.000000,
        "64" : 0.000000,
        ">=64" : 0.100000
      },
      "latency_ns" : {
        "2" : 0.000000,
        "4" : 0.000000,
        "10" : 0.000000,
        "20" : 0.000000,
        "50" : 0.000000,
        "100" : 0.000000,
        "250" : 0.000000,
        "500" : 0.000000,
        "750" : 0.000000,
        "1000" : 0.000000
      },
      "latency_us" : {
        "2" : 0.000000,
        "4" : 0.000000,
        "10" : 0.010000,
        "20" : 0.000000,
        "50" : 0.000000,
        "100" : 0.000000,
        "250" : 0.010000,
        "500" : 0.010000,
        "750" : 0.010000,
        "1000" : 0.010000
      },
      "latency_ms" : {
        "2" : 0.010000,
        "4" : 0.010000,
        "10" : 0.010000,
        "20" : 0.012938,
        "50" : 38.628846,
        "100" : 60.716209,
        "250" : 0.629769,
        "500" : 0.000000,
        "750" : 0.000000,
        "1000" : 0.000000,
        "2000" : 0.000000,
        ">=2000" : 0.000000
      },
      "latency_depth" : 256,
      "latency_target" : 0,
      "latency_percentile" : 100.000000,
      "latency_window" : 0
    }
  ]
}
