{
  "fio version" : "fio-3.36",
  "timestamp" : 1729392881,
  "timestamp_ms" : 1729392881437,
  "time" : "Sat Oct 19 22:54:41 2024",
  "jobs" : [
    {
      "jobname" : "benchmark_test",
      "groupid" : 0,
      "job_start" : 1729392817210,
      "error" : 0,
      "eta" : 0,
      "elapsed" : 61,
      "job options" : {
        "name" : "benchmark_test",
        "filename" : "/mnt/e/testfile",
        "size" : "500M",
        "rw" : "randrw",
        "bs" : "32k",
        "iodepth" : "16",
        "ioengine" : "libaio",
        "direct" : "1",
        "numjobs" : "1",
        "runtime" : "60"
      },
      "read" : {
        "io_bytes" : 3735846912,
        "io_kbytes" : 3648288,
        "bw_bytes" : 62263077,
        "bw" : 60803,
        "iops" : 1900.118331,
        "runtime" : 60001,
        "total_ios" : 114009,
        "short_ios" : 0,
        "drop_ios" : 0,
        "slat_ns" : {
          "min" : 135499,
          "max" : 8768299,
          "mean" : 243691.964284,
          "stddev" : 81239.458921,
          "N" : 114009
        },
        "clat_ns" : {
          "min" : 3020,
          "max" : 39092080,
          "mean" : 3950321.807620,
          "stddev" : 958784.621531,
          "N" : 114009,
          "percentile" : {
            "1.000000" : 2768896,
            "5.000000" : 2932736,
            "10.000000" : 3031040,
            "20.000000" : 3194880,
            "30.000000" : 3325952,
            "40.000000" : 3522560,
            "50.000000" : 3751936,
            "60.000000" : 3981312,
            "70.000000" : 4227072,
            "80.000000" : 4620288,
            "90.000000" : 5210112,
            "95.000000" : 5734400,
            "99.000000" : 6717440,
            "99.500000" : 7176192,
            "99.900000" : 8454144,
            "99.950000" : 9502720,
            "99.990000" : 21889024
          }
        },
        "lat_ns" : {
          "min" : 237538,
          "max" : 39524240,
          "mean" : 4194013.771904,
          "stddev" : 1008768.595828,
          "N" : 114009
        },
        "bw_min" : 37743,
        "bw_max" : 74240,
        "bw_agg" : 100.000000,
        "bw_mean" : 60836.470588,
        "bw_dev" : 8142.853047,
        "bw_samples" : 119,
        "iops_min" : 1179,
        "iops_max" : 2320,
        "iops_mean" : 1900.949580,
        "iops_stddev" : 254.427801,
        "iops_samples" : 119
      },
      "write" : {
        "io_bytes" : 3727392768,
        "io_kbytes" : 3640032,
        "bw_bytes" : 62122177,
        "bw" : 60666,
        "iops" : 1895.818403,
        "runtime" : 60001,
        "total_ios" : 113751,
        "short_ios" : 0,
        "drop_ios" : 0,
        "slat_ns" : {
          "min" : 153394,
          "max" : 6537545,
          "mean" : 274926.194064,
          "stddev" : 90151.972360,
          "N" : 113751
        },
        "clat_ns" : {
          "min" : 466152,
          "max" : 38654218,
          "mean" : 3956102.226591,
          "stddev" : 960016.373244,
          "N" : 113751,
          "percentile" : {
            "1.000000" : 2768896,
            "5.000000" : 2932736,
            "10.000000" : 3031040,
            "20.000000" : 3194880,
            "30.000000" : 3325952,
            "40.000000" : 3522560,
            "50.000000" : 3751936,
            "60.000000" : 3981312,
            "70.000000" : 4292608,
            "80.000000" : 4620288,
            "90.000000" : 5210112,
            "95.000000" : 5668864,
            "99.000000" : 6651904,
            "99.500000" : 7110656,
            "99.900000" : 8290304,
            "99.950000" : 9502720,
            "99.990000" : 23724032
          }
        },
        "lat_ns" : {
          "min" : 678121,
          "max" : 39340950,
          "mean" : 4231028.420656,
          "stddev" : 1018413.300773,
          "N" : 113751
        },
        "bw_min" : 38144,
        "bw_max" : 74368,
        "bw_agg" : 100.000000,
        "bw_mean" : 60670.361345,
        "bw_dev" : 8236.827230,
        "bw_samples" : 119,
        "iops_min" : 1192,
        "iops_max" : 2324,
        "iops_mean" : 1895.756303,
        "iops_stddev" : 257.369844,
        "iops_samples" : 119
      },
      "trim" : {
        "io_bytes" : 0,
        "io_kbytes" : 0,
        "bw_bytes" : 0,
        "bw" : 0,
        "iops" : 0.000000,
        "runtime" : 0,
        "total_ios" : 0,
        "short_ios" : 0,
        "drop_ios" : 0,
        "slat_ns" : {
          "min" : 0,
          "max" : 0,
          "mean" : 0.000000,
          "stddev" : 0.000000,
          "N" : 0
        },
        "clat_ns" : {
          "min" : 0,
          "max" : 0,
          "mean" : 0.000000,
          "stddev" : 0.000000,
          "N" : 0
        },
        "lat_ns" : {
          "min" : 0,
          "max" : 0,
          "mean" : 0.000000,
          "stddev" : 0.000000,
          "N" : 0
        },
        "bw_min" : 0,
        "bw_max" : 0,
        "bw_agg" : 0.000000,
        "bw_mean" : 0.000000,
        "bw_dev" : 0.000000,
        "bw_samples" : 0,
        "iops_min" : 0,
        "iops_max" : 0,
        "iops_mean" : 0.000000,
        "iops_stddev" : 0.000000,
        "iops_samples" : 0
      },
      "sync" : {
        "total_ios" : 0,
        "lat_ns" : {
          "min" : 0,
          "max" : 0,
          "mean" : 0.000000,
          "stddev" : 0.000000,
          "N" : 0
        }
      },
      "job_runtime" : 60000,
      "usr_cpu" : 2.308333,
      "sys_cpu" : 6.973333,
      "ctx" : 227764,
      "majf" : 0,
      "minf" : 12,
      "iodepth_level" : {
        "1" : 0.100000,
        "2" : 0.100000,
        "4" : 0.100000,
        "8" : 0.100000,
        "16" : 99.993414,
        "32" : 0.000000,
        ">=64" : 0.000000
      },
      "iodepth_submit" : {
        "0" : 0.000000,
        "4" : 100.000000,
        "8" : 0.000000,
        "16" : 0.000000,
        "32" : 0.000000,
        "64" : 0.000000,
        ">=64" : 0.000000
      },
      "iodepth_complete" : {
        "0" : 0.000000,
        "4" : 99.999561,
        "8" : 0.000000,
        "16" : 0.100000,
        "32" : 0.000000,
        "64" : 0.000000,
        ">=64" : 0.000000
      },
      "latency_ns" : {
        "2" : 0.000000,
        "4" : 0.000000,
        "10" : 0.000000,
        "20" : 0.000000,
        "50" : 0.000000,
        "100" : 0.000000,
        "250" : 0.000000,
        "500" : 0.000000,
        "750" : 0.000000,
        "1000" : 0.000000
      },
      "latency_us" : {
        "2" : 0.000000,
        "4" : 0.010000,
        "10" : 0.000000,
        "20" : 0.000000,
        "50" : 0.000000,
        "100" : 0.000000,
        "250" : 0.010000,
        "500" : 0.010000,
        "750" : 0.010000,
        "1000" : 0.010000
      },
      "latency_ms" : {
        "2" : 0.010000,
        "4" : 60.296365,
        "10" : 39.656217,
        "20" : 0.024587,
        "50" : 0.018440,
        "100" : 0.000000,
        "250" : 0.000000,
        "500" : 0.000000,
        "750" : 0.000000,
        "1000" : 0.000000,
        "2000" : 0.000000,
        ">=2000" : 0.000000
      },
      "latency_depth" : 16,
      "latency_target" : 0,
      "latency_percentile" : 100.000000,
      "latency_window" : 0
    }
  ]
}
