{
  "fio version" : "fio-3.36",
  "timestamp" : 1729390642,
  "timestamp_ms" : 1729390642482,
  "time" : "Sat Oct 19 22:17:22 2024",
  "jobs" : [
    {
      "jobname" : "benchmark_test",
      "groupid" : 0,
      "job_start" : 1729390575725,
      "error" : 0,
      "eta" : 0,
      "elapsed" : 61,
      "job options" : {
        "name" : "benchmark_test",
        "filename" : "/mnt/e/testfile",
        "size" : "500M",
        "rw" : "read",
        "bs" : "16k",
        "iodepth" : "16",
        "ioengine" : "libaio",
        "direct" : "1",
        "numjobs" : "1",
        "runtime" : "60"
      },
      "read" : {
        "io_bytes" : 3868426240,
        "io_kbytes" : 3777760,
        "bw_bytes" : 64472696,
        "bw" : 62961,
        "iops" : 3935.101082,
        "runtime" : 60001,
        "total_ios" : 236110,
        "short_ios" : 0,
        "drop_ios" : 0,
        "slat_ns" : {
          "min" : 89300,
          "max" : 107710711,
          "mean" : 249520.098848,
          "stddev" : 591783.625779,
          "N" : 236110
        },
        "clat_ns" : {
          "min" : 4854,
          "max" : 240951750,
          "mean" : 3814290.157020,
          "stddev" : 4326186.946500,
          "N" : 236110,
          "percentile" : {
            "1.000000" : 1941504,
            "5.000000" : 2113536,
            "10.000000" : 2211840,
            "20.000000" : 2408448,
            "30.000000" : 2572288,
            "40.000000" : 2801664,
            "50.000000" : 3096576,
            "60.000000" : 3489792,
            "70.000000" : 4014080,
            "80.000000" : 4685824,
            "90.000000" : 5603328,
            "95.000000" : 6782976,
            "99.000000" : 11075584,
            "99.500000" : 15663104,
            "99.900000" : 69730304,
            "99.950000" : 98041856,
            "99.990000" : 166723584
          }
        },
        "lat_ns" : {
          "min" : 340981,
          "max" : 241530782,
          "mean" : 4063810.255868,
          "stddev" : 4525589.290048,
          "N" : 236110
        },
        "bw_min" : 8320,
        "bw_max" : 101536,
        "bw_agg" : 100.000000,
        "bw_mean" : 63389.487395,
        "bw_dev" : 22927.782997,
        "bw_samples" : 119,
        "iops_min" : 520,
        "iops_max" : 6346,
        "iops_mean" : 3961.705882,
        "iops_stddev" : 1432.989611,
        "iops_samples" : 119
      },
      "write" : {
        "io_bytes" : 0,
        "io_kbytes" : 0,
        "bw_bytes" : 0,
        "bw" : 0,
        "iops" : 0.000000,
        "runtime" : 0,
        "total_ios" : 0,
        "short_ios" : 0,
        "drop_ios" : 0,
        "slat_ns" : {
          "min" : 0,
          "max" : 0,
          "mean" : 0.000000,
          "stddev" : 0.000000,
          "N" : 0
        },
        "clat_ns" : {
          "min" : 0,
          "max" : 0,
          "mean" : 0.000000,
          "stddev" : 0.000000,
          "N" : 0
        },
        "lat_ns" : {
          "min" : 0,
          "max" : 0,
          "mean" : 0.000000,
          "stddev" : 0.000000,
          "N" : 0
        },
        "bw_min" : 0,
        "bw_max" : 0,
        "bw_agg" : 0.000000,
        "bw_mean" : 0.000000,
        "bw_dev" : 0.000000,
        "bw_samples" : 0,
        "iops_min" : 0,
        "iops_max" : 0,
        "iops_mean" : 0.000000,
        "iops_stddev" : 0.000000,
        "iops_samples" : 0
      },
      "trim" : {
        "io_bytes" : 0,
        "io_kbytes" : 0,
        "bw_bytes" : 0,
        "bw" : 0,
        "iops" : 0.000000,
        "runtime" : 0,
        "total_ios" : 0,
        "short_ios" : 0,
        "drop_ios" : 0,
        "slat_ns" : {
          "min" : 0,
          "max" : 0,
          "mean" : 0.000000,
          "stddev" : 0.000000,
          "N" : 0
        },
        "clat_ns" : {
          "min" : 0,
          "max" : 0,
          "mean" : 0.000000,
          "stddev" : 0.000000,
          "N" : 0
        },
        "lat_ns" : {
          "min" : 0,
          "max" : 0,
          "mean" : 0.000000,
          "stddev" : 0.000000,
          "N" : 0
        },
        "bw_min" : 0,
        "bw_max" : 0,
        "bw_agg" : 0.000000,
        "bw_mean" : 0.000000,
        "bw_dev" : 0.000000,
        "bw_samples" : 0,
        "iops_min" : 0,
        "iops_max" : 0,
        "iops_mean" : 0.000000,
        "iops_stddev" : 0.000000,
        "iops_samples" : 0
      },
      "sync" : {
        "total_ios" : 0,
        "lat_ns" : {
          "min" : 0,
          "max" : 0,
          "mean" : 0.000000,
          "stddev" : 0.000000,
          "N" : 0
        }
      },
      "job_runtime" : 60000,
      "usr_cpu" : 2.533333,
      "sys_cpu" : 8.178333,
      "ctx" : 236117,
      "majf" : 0,
      "minf" : 75,
      "iodepth_level" : {
        "1" : 0.100000,
        "2" : 0.100000,
        "4" : 0.100000,
        "8" : 0.100000,
        "16" : 99.993647,
        "32" : 0.000000,
        ">=64" : 0.000000
      },
      "iodepth_submit" : {
        "0" : 0.000000,
        "4" : 100.000000,
        "8" : 0.000000,
        "16" : 0.000000,
        "32" : 0.000000,
        "64" : 0.000000,
        ">=64" : 0.000000
      },
      "iodepth_complete" : {
        "0" : 0.000000,
        "4" : 99.999576,
        "8" : 0.000000,
        "16" : 0.100000,
        "32" : 0.000000,
        "64" : 0.000000,
        ">=64" : 0.000000
      },
      "latency_ns" : {
        "2" : 0.000000,
        "4" : 0.000000,
        "10" : 0.000000,
        "20" : 0.000000,
        "50" : 0.000000,
        "100" : 0.000000,
        "250" : 0.000000,
        "500" : 0.000000,
        "750" : 0.000000,
        "1000" : 0.000000
      },
      "latency_us" : {
        "2" : 0.000000,
        "4" : 0.000000,
        "10" : 0.010000,
        "20" : 0.000000,
        "50" : 0.000000,
        "100" : 0.000000,
        "250" : 0.000000,
        "500" : 0.010000,
        "750" : 0.010000,
        "1000" : 0.000000
      },
      "latency_ms" : {
        "2" : 1.974503,
        "4" : 67.800601,
        "10" : 28.906018,
        "20" : 0.977510,
        "50" : 0.202872,
        "100" : 0.093600,
        "250" : 0.043624,
        "500" : 0.000000,
        "750" : 0.000000,
        "1000" : 0.000000,
        "2000" : 0.000000,
        ">=2000" : 0.000000
      },
      "latency_depth" : 16,
      "latency_target" : 0,
      "latency_percentile" : 100.000000,
      "latency_window" : 0
    }
  ]
}
