{
  "fio version" : "fio-3.36",
  "timestamp" : 1729390057,
  "timestamp_ms" : 1729390057435,
  "time" : "Sat Oct 19 22:07:37 2024",
  "jobs" : [
    {
      "jobname" : "benchmark_test",
      "groupid" : 0,
      "job_start" : 1729389995954,
      "error" : 0,
      "eta" : 0,
      "elapsed" : 61,
      "job options" : {
        "name" : "benchmark_test",
        "filename" : "/mnt/e/testfile",
        "size" : "500M",
        "rw" : "randwrite",
        "bs" : "4k",
        "iodepth" : "1024",
        "ioengine" : "libaio",
        "direct" : "1",
        "numjobs" : "1",
        "runtime" : "60"
      },
      "read" : {
        "io_bytes" : 0,
        "io_kbytes" : 0,
        "bw_bytes" : 0,
        "bw" : 0,
        "iops" : 0.000000,
        "runtime" : 0,
        "total_ios" : 0,
        "short_ios" : 0,
        "drop_ios" : 0,
        "slat_ns" : {
          "min" : 0,
          "max" : 0,
          "mean" : 0.000000,
          "stddev" : 0.000000,
          "N" : 0
        },
        "clat_ns" : {
          "min" : 0,
          "max" : 0,
          "mean" : 0.000000,
          "stddev" : 0.000000,
          "N" : 0
        },
        "lat_ns" : {
          "min" : 0,
          "max" : 0,
          "mean" : 0.000000,
          "stddev" : 0.000000,
          "N" : 0
        },
        "bw_min" : 0,
        "bw_max" : 0,
        "bw_agg" : 0.000000,
        "bw_mean" : 0.000000,
        "bw_dev" : 0.000000,
        "bw_samples" : 0,
        "iops_min" : 0,
        "iops_max" : 0,
        "iops_mean" : 0.000000,
        "iops_stddev" : 0.000000,
        "iops_samples" : 0
      },
      "write" : {
        "io_bytes" : 1146789888,
        "io_kbytes" : 1119912,
        "bw_bytes" : 19112846,
        "bw" : 18664,
        "iops" : 4666.222230,
        "runtime" : 60001,
        "total_ios" : 279978,
        "short_ios" : 0,
        "drop_ios" : 0,
        "slat_ns" : {
          "min" : 81580,
          "max" : 803581786,
          "mean" : 209778.901592,
          "stddev" : 1553299.623821,
          "N" : 279978
        },
        "clat_ns" : {
          "min" : 9036,
          "max" : 1046445351,
          "mean" : 218555723.006362,
          "stddev" : 75064109.567944,
          "N" : 279978,
          "percentile" : {
            "1.000000" : 154140672,
            "5.000000" : 164626432,
            "10.000000" : 168820736,
            "20.000000" : 175112192,
            "30.000000" : 181403648,
            "40.000000" : 187695104,
            "50.000000" : 198180864,
            "60.000000" : 212860928,
            "70.000000" : 225443840,
            "80.000000" : 246415360,
            "90.000000" : 283115520,
            "95.000000" : 329252864,
            "99.000000" : 509607936,
            "99.500000" : 608174080,
            "99.900000" : 1010827264,
            "99.950000" : 1035993088,
            "99.990000" : 1044381696
          }
        },
        "lat_ns" : {
          "min" : 186050,
          "max" : 1046659870,
          "mean" : 218765501.907957,
          "stddev" : 75113349.782575,
          "N" : 279978
        },
        "bw_min" : 7512,
        "bw_max" : 24712,
        "bw_agg" : 100.000000,
        "bw_mean" : 18756.652542,
        "bw_dev" : 4258.232426,
        "bw_samples" : 118,
        "iops_min" : 1878,
        "iops_max" : 6178,
        "iops_mean" : 4688.898305,
        "iops_stddev" : 1064.552347,
        "iops_samples" : 118
      },
      "trim" : {
        "io_bytes" : 0,
        "io_kbytes" : 0,
        "bw_bytes" : 0,
        "bw" : 0,
        "iops" : 0.000000,
        "runtime" : 0,
        "total_ios" : 0,
        "short_ios" : 0,
        "drop_ios" : 0,
        "slat_ns" : {
          "min" : 0,
          "max" : 0,
          "mean" : 0.000000,
          "stddev" : 0.000000,
          "N" : 0
        },
        "clat_ns" : {
          "min" : 0,
          "max" : 0,
          "mean" : 0.000000,
          "stddev" : 0.000000,
          "N" : 0
        },
        "lat_ns" : {
          "min" : 0,
          "max" : 0,
          "mean" : 0.000000,
          "stddev" : 0.000000,
          "N" : 0
        },
        "bw_min" : 0,
        "bw_max" : 0,
        "bw_agg" : 0.000000,
        "bw_mean" : 0.000000,
        "bw_dev" : 0.000000,
        "bw_samples" : 0,
        "iops_min" : 0,
        "iops_max" : 0,
        "iops_mean" : 0.000000,
        "iops_stddev" : 0.000000,
        "iops_samples" : 0
      },
      "sync" : {
        "total_ios" : 0,
        "lat_ns" : {
          "min" : 0,
          "max" : 0,
          "mean" : 0.000000,
          "stddev" : 0.000000,
          "N" : 0
        }
      },
      "job_runtime" : 60000,
      "usr_cpu" : 2.976667,
      "sys_cpu" : 6.013333,
      "ctx" : 279984,
      "majf" : 0,
      "minf" : 11,
      "iodepth_level" : {
        "1" : 0.100000,
        "2" : 0.100000,
        "4" : 0.100000,
        "8" : 0.100000,
        "16" : 0.100000,
        "32" : 0.100000,
        ">=64" : 99.977498
      },
      "iodepth_submit" : {
        "0" : 0.000000,
        "4" : 100.000000,
        "8" : 0.000000,
        "16" : 0.000000,
        "32" : 0.000000,
        "64" : 0.000000,
        ">=64" : 0.000000
      },
      "iodepth_complete" : {
        "0" : 0.000000,
        "4" : 99.999642,
        "8" : 0.000000,
        "16" : 0.000000,
        "32" : 0.000000,
        "64" : 0.000000,
        ">=64" : 0.100000
      },
      "latency_ns" : {
        "2" : 0.000000,
        "4" : 0.000000,
        "10" : 0.000000,
        "20" : 0.000000,
        "50" : 0.000000,
        "100" : 0.000000,
        "250" : 0.000000,
        "500" : 0.000000,
        "750" : 0.000000,
        "1000" : 0.000000
      },
      "latency_us" : {
        "2" : 0.000000,
        "4" : 0.000000,
        "10" : 0.010000,
        "20" : 0.000000,
        "50" : 0.000000,
        "100" : 0.000000,
        "250" : 0.010000,
        "500" : 0.010000,
        "750" : 0.010000,
        "1000" : 0.010000
      },
      "latency_ms" : {
        "2" : 0.010000,
        "4" : 0.010000,
        "10" : 0.013215,
        "20" : 0.018573,
        "50" : 0.055004,
        "100" : 0.092150,
        "250" : 81.790355,
        "500" : 16.816321,
        "750" : 0.841852,
        "1000" : 0.202516,
        "2000" : 0.162870,
        ">=2000" : 0.000000
      },
      "latency_depth" : 1024,
      "latency_target" : 0,
      "latency_percentile" : 100.000000,
      "latency_window" : 0
    }
  ]
}
