{
  "fio version" : "fio-3.36",
  "timestamp" : 1729393206,
  "timestamp_ms" : 1729393206044,
  "time" : "Sat Oct 19 23:00:06 2024",
  "jobs" : [
    {
      "jobname" : "benchmark_test",
      "groupid" : 0,
      "job_start" : 1729393140900,
      "error" : 0,
      "eta" : 0,
      "elapsed" : 61,
      "job options" : {
        "name" : "benchmark_test",
        "filename" : "/mnt/e/testfile",
        "size" : "500M",
        "rw" : "rw",
        "bs" : "32k",
        "iodepth" : "64",
        "ioengine" : "libaio",
        "direct" : "1",
        "numjobs" : "1",
        "runtime" : "60"
      },
      "read" : {
        "io_bytes" : 4128276480,
        "io_kbytes" : 4031520,
        "bw_bytes" : 68803461,
        "bw" : 67190,
        "iops" : 2099.715005,
        "runtime" : 60001,
        "total_ios" : 125985,
        "short_ios" : 0,
        "drop_ios" : 0,
        "slat_ns" : {
          "min" : 124969,
          "max" : 7261174,
          "mean" : 220867.277089,
          "stddev" : 64451.296761,
          "N" : 125985
        },
        "clat_ns" : {
          "min" : 3619,
          "max" : 38238113,
          "mean" : 15001708.423598,
          "stddev" : 2258981.831713,
          "N" : 125985,
          "percentile" : {
            "1.000000" : 11862016,
            "5.000000" : 12255232,
            "10.000000" : 12648448,
            "20.000000" : 13172736,
            "30.000000" : 13697024,
            "40.000000" : 14090240,
            "50.000000" : 14614528,
            "60.000000" : 15138816,
            "70.000000" : 15794176,
            "80.000000" : 16580608,
            "90.000000" : 17694720,
            "95.000000" : 18743296,
            "99.000000" : 22937600,
            "99.500000" : 25559040,
            "99.900000" : 29753344,
            "99.950000" : 30277632,
            "99.990000" : 36438016
          }
        },
        "lat_ns" : {
          "min" : 277406,
          "max" : 38561081,
          "mean" : 15222575.700687,
          "stddev" : 2283622.204895,
          "N" : 125985
        },
        "bw_min" : 36800,
        "bw_max" : 76569,
        "bw_agg" : 100.000000,
        "bw_mean" : 67281.478992,
        "bw_dev" : 5150.008461,
        "bw_samples" : 119,
        "iops_min" : 1150,
        "iops_max" : 2392,
        "iops_mean" : 2102.403361,
        "iops_stddev" : 160.913616,
        "iops_samples" : 119
      },
      "write" : {
        "io_bytes" : 4127588352,
        "io_kbytes" : 4030848,
        "bw_bytes" : 68791992,
        "bw" : 67179,
        "iops" : 2099.365011,
        "runtime" : 60001,
        "total_ios" : 125964,
        "short_ios" : 0,
        "drop_ios" : 0,
        "slat_ns" : {
          "min" : 134091,
          "max" : 5489584,
          "mean" : 249046.179186,
          "stddev" : 72935.014186,
          "N" : 125964
        },
        "clat_ns" : {
          "min" : 693675,
          "max" : 38131294,
          "mean" : 15003062.415158,
          "stddev" : 2255339.508703,
          "N" : 125964,
          "percentile" : {
            "1.000000" : 11862016,
            "5.000000" : 12255232,
            "10.000000" : 12648448,
            "20.000000" : 13172736,
            "30.000000" : 13697024,
            "40.000000" : 14090240,
            "50.000000" : 14614528,
            "60.000000" : 15138816,
            "70.000000" : 15794176,
            "80.000000" : 16580608,
            "90.000000" : 17694720,
            "95.000000" : 18743296,
            "99.000000" : 22937600,
            "99.500000" : 25559040,
            "99.900000" : 29753344,
            "99.950000" : 30539776,
            "99.990000" : 36962304
          }
        },
        "lat_ns" : {
          "min" : 917468,
          "max" : 38533645,
          "mean" : 15252108.594344,
          "stddev" : 2284538.822814,
          "N" : 125964
        },
        "bw_min" : 38080,
        "bw_max" : 74132,
        "bw_agg" : 100.000000,
        "bw_mean" : 67220.747899,
        "bw_dev" : 4962.949636,
        "bw_samples" : 119,
        "iops_min" : 1190,
        "iops_max" : 2316,
        "iops_mean" : 2100.537815,
        "iops_stddev" : 155.058643,
        "iops_samples" : 119
      },
      "trim" : {
        "io_bytes" : 0,
        "io_kbytes" : 0,
        "bw_bytes" : 0,
        "bw" : 0,
        "iops" : 0.000000,
        "runtime" : 0,
        "total_ios" : 0,
        "short_ios" : 0,
        "drop_ios" : 0,
        "slat_ns" : {
          "min" : 0,
          "max" : 0,
          "mean" : 0.000000,
          "stddev" : 0.000000,
          "N" : 0
        },
        "clat_ns" : {
          "min" : 0,
          "max" : 0,
          "mean" : 0.000000,
          "stddev" : 0.000000,
          "N" : 0
        },
        "lat_ns" : {
          "min" : 0,
          "max" : 0,
          "mean" : 0.000000,
          "stddev" : 0.000000,
          "N" : 0
        },
        "bw_min" : 0,
        "bw_max" : 0,
        "bw_agg" : 0.000000,
        "bw_mean" : 0.000000,
        "bw_dev" : 0.000000,
        "bw_samples" : 0,
        "iops_min" : 0,
        "iops_max" : 0,
        "iops_mean" : 0.000000,
        "iops_stddev" : 0.000000,
        "iops_samples" : 0
      },
      "sync" : {
        "total_ios" : 0,
        "lat_ns" : {
          "min" : 0,
          "max" : 0,
          "mean" : 0.000000,
          "stddev" : 0.000000,
          "N" : 0
        }
      },
      "job_runtime" : 60000,
      "usr_cpu" : 2.121667,
      "sys_cpu" : 6.901667,
      "ctx" : 251954,
      "majf" : 0,
      "minf" : 11,
      "iodepth_level" : {
        "1" : 0.100000,
        "2" : 0.100000,
        "4" : 0.100000,
        "8" : 0.100000,
        "16" : 0.100000,
        "32" : 0.100000,
        ">=64" : 99.974995
      },
      "iodepth_submit" : {
        "0" : 0.000000,
        "4" : 100.000000,
        "8" : 0.000000,
        "16" : 0.000000,
        "32" : 0.000000,
        "64" : 0.000000,
        ">=64" : 0.000000
      },
      "iodepth_complete" : {
        "0" : 0.000000,
        "4" : 99.999603,
        "8" : 0.000000,
        "16" : 0.000000,
        "32" : 0.000000,
        "64" : 0.100000,
        ">=64" : 0.000000
      },
      "latency_ns" : {
        "2" : 0.000000,
        "4" : 0.000000,
        "10" : 0.000000,
        "20" : 0.000000,
        "50" : 0.000000,
        "100" : 0.000000,
        "250" : 0.000000,
        "500" : 0.000000,
        "750" : 0.000000,
        "1000" : 0.000000
      },
      "latency_us" : {
        "2" : 0.000000,
        "4" : 0.010000,
        "10" : 0.000000,
        "20" : 0.000000,
        "50" : 0.000000,
        "100" : 0.000000,
        "250" : 0.000000,
        "500" : 0.010000,
        "750" : 0.010000,
        "1000" : 0.010000
      },
      "latency_ms" : {
        "2" : 0.010000,
        "4" : 0.010000,
        "10" : 0.010320,
        "20" : 97.336366,
        "50" : 2.646170,
        "100" : 0.000000,
        "250" : 0.000000,
        "500" : 0.000000,
        "750" : 0.000000,
        "1000" : 0.000000,
        "2000" : 0.000000,
        ">=2000" : 0.000000
      },
      "latency_depth" : 64,
      "latency_target" : 0,
      "latency_percentile" : 100.000000,
      "latency_window" : 0
    }
  ]
}
