{
  "fio version" : "fio-3.36",
  "timestamp" : 1729393970,
  "timestamp_ms" : 1729393970592,
  "time" : "Sat Oct 19 23:12:50 2024",
  "jobs" : [
    {
      "jobname" : "benchmark_test",
      "groupid" : 0,
      "job_start" : 1729393906692,
      "error" : 0,
      "eta" : 0,
      "elapsed" : 61,
      "job options" : {
        "name" : "benchmark_test",
        "filename" : "/mnt/e/testfile",
        "size" : "500M",
        "rw" : "rw",
        "bs" : "32k",
        "iodepth" : "1024",
        "ioengine" : "libaio",
        "direct" : "1",
        "numjobs" : "1",
        "runtime" : "60"
      },
      "read" : {
        "io_bytes" : 2978676736,
        "io_kbytes" : 2908864,
        "bw_bytes" : 49643784,
        "bw" : 48480,
        "iops" : 1515.008083,
        "runtime" : 60001,
        "total_ios" : 90902,
        "short_ios" : 0,
        "drop_ios" : 0,
        "slat_ns" : {
          "min" : 149978,
          "max" : 22352907,
          "mean" : 304562.800323,
          "stddev" : 176585.767499,
          "N" : 90902
        },
        "clat_ns" : {
          "min" : 368840,
          "max" : 971576030,
          "mean" : 337116858.885678,
          "stddev" : 75010071.721328,
          "N" : 90902,
          "percentile" : {
            "1.000000" : 240123904,
            "5.000000" : 261095424,
            "10.000000" : 270532608,
            "20.000000" : 283115520,
            "30.000000" : 291504128,
            "40.000000" : 308281344,
            "50.000000" : 325058560,
            "60.000000" : 341835776,
            "70.000000" : 358612992,
            "80.000000" : 379584512,
            "90.000000" : 408944640,
            "95.000000" : 450887680,
            "99.000000" : 591396864,
            "99.500000" : 767557632,
            "99.900000" : 943718400,
            "99.950000" : 960495616,
            "99.990000" : 968884224
          }
        },
        "lat_ns" : {
          "min" : 681765,
          "max" : 971964212,
          "mean" : 337421421.686004,
          "stddev" : 75064578.615605,
          "N" : 90902
        },
        "bw_min" : 10132,
        "bw_max" : 66880,
        "bw_agg" : 99.514735,
        "bw_mean" : 48245.210084,
        "bw_dev" : 9677.518803,
        "bw_samples" : 119,
        "iops_min" : 316,
        "iops_max" : 2090,
        "iops_mean" : 1507.352941,
        "iops_stddev" : 302.468813,
        "iops_samples" : 119
      },
      "write" : {
        "io_bytes" : 2969370624,
        "io_kbytes" : 2899776,
        "bw_bytes" : 49488685,
        "bw" : 48328,
        "iops" : 1510.274829,
        "runtime" : 60001,
        "total_ios" : 90618,
        "short_ios" : 0,
        "drop_ios" : 0,
        "slat_ns" : {
          "min" : 170268,
          "max" : 12968818,
          "mean" : 345200.387429,
          "stddev" : 189863.770017,
          "N" : 90618
        },
        "clat_ns" : {
          "min" : 15081,
          "max" : 971822456,
          "mean" : 337557215.641445,
          "stddev" : 75662645.891609,
          "N" : 90618,
          "percentile" : {
            "1.000000" : 240123904,
            "5.000000" : 261095424,
            "10.000000" : 270532608,
            "20.000000" : 283115520,
            "30.000000" : 291504128,
            "40.000000" : 308281344,
            "50.000000" : 329252864,
            "60.000000" : 341835776,
            "70.000000" : 358612992,
            "80.000000" : 379584512,
            "90.000000" : 408944640,
            "95.000000" : 450887680,
            "99.000000" : 591396864,
            "99.500000" : 775946240,
            "99.900000" : 952107008,
            "99.950000" : 960495616,
            "99.990000" : 968884224
          }
        },
        "lat_ns" : {
          "min" : 362613,
          "max" : 972363911,
          "mean" : 337902416.028870,
          "stddev" : 75726190.591511,
          "N" : 90618
        },
        "bw_min" : 13018,
        "bw_max" : 68672,
        "bw_agg" : 99.534865,
        "bw_mean" : 48104.882353,
        "bw_dev" : 9262.216270,
        "bw_samples" : 119,
        "iops_min" : 406,
        "iops_max" : 2146,
        "iops_mean" : 1502.974790,
        "iops_stddev" : 289.487433,
        "iops_samples" : 119
      },
      "trim" : {
        "io_bytes" : 0,
        "io_kbytes" : 0,
        "bw_bytes" : 0,
        "bw" : 0,
        "iops" : 0.000000,
        "runtime" : 0,
        "total_ios" : 0,
        "short_ios" : 0,
        "drop_ios" : 0,
        "slat_ns" : {
          "min" : 0,
          "max" : 0,
          "mean" : 0.000000,
          "stddev" : 0.000000,
          "N" : 0
        },
        "clat_ns" : {
          "min" : 0,
          "max" : 0,
          "mean" : 0.000000,
          "stddev" : 0.000000,
          "N" : 0
        },
        "lat_ns" : {
          "min" : 0,
          "max" : 0,
          "mean" : 0.000000,
          "stddev" : 0.000000,
          "N" : 0
        },
        "bw_min" : 0,
        "bw_max" : 0,
        "bw_agg" : 0.000000,
        "bw_mean" : 0.000000,
        "bw_dev" : 0.000000,
        "bw_samples" : 0,
        "iops_min" : 0,
        "iops_max" : 0,
        "iops_mean" : 0.000000,
        "iops_stddev" : 0.000000,
        "iops_samples" : 0
      },
      "sync" : {
        "total_ios" : 0,
        "lat_ns" : {
          "min" : 0,
          "max" : 0,
          "mean" : 0.000000,
          "stddev" : 0.000000,
          "N" : 0
        }
      },
      "job_runtime" : 60000,
      "usr_cpu" : 2.441667,
      "sys_cpu" : 7.893333,
      "ctx" : 181525,
      "majf" : 0,
      "minf" : 15,
      "iodepth_level" : {
        "1" : 0.100000,
        "2" : 0.100000,
        "4" : 0.100000,
        "8" : 0.100000,
        "16" : 0.100000,
        "32" : 0.100000,
        ">=64" : 99.965293
      },
      "iodepth_submit" : {
        "0" : 0.000000,
        "4" : 100.000000,
        "8" : 0.000000,
        "16" : 0.000000,
        "32" : 0.000000,
        "64" : 0.000000,
        ">=64" : 0.000000
      },
      "iodepth_complete" : {
        "0" : 0.000000,
        "4" : 99.999446,
        "8" : 0.000000,
        "16" : 0.000000,
        "32" : 0.000000,
        "64" : 0.000000,
        ">=64" : 0.100000
      },
      "latency_ns" : {
        "2" : 0.000000,
        "4" : 0.000000,
        "10" : 0.000000,
        "20" : 0.000000,
        "50" : 0.000000,
        "100" : 0.000000,
        "250" : 0.000000,
        "500" : 0.000000,
        "750" : 0.000000,
        "1000" : 0.000000
      },
      "latency_us" : {
        "2" : 0.000000,
        "4" : 0.000000,
        "10" : 0.000000,
        "20" : 0.010000,
        "50" : 0.000000,
        "100" : 0.000000,
        "250" : 0.000000,
        "500" : 0.010000,
        "750" : 0.010000,
        "1000" : 0.010000
      },
      "latency_ms" : {
        "2" : 0.010000,
        "4" : 0.010000,
        "10" : 0.012120,
        "20" : 0.012671,
        "50" : 0.045174,
        "100" : 0.085941,
        "250" : 2.055972,
        "500" : 95.268841,
        "750" : 1.982151,
        "1000" : 0.528316,
        "2000" : 0.000000,
        ">=2000" : 0.000000
      },
      "latency_depth" : 1024,
      "latency_target" : 0,
      "latency_percentile" : 100.000000,
      "latency_window" : 0
    }
  ]
}
