{
  "fio version" : "fio-3.36",
  "timestamp" : 1729394488,
  "timestamp_ms" : 1729394488430,
  "time" : "Sat Oct 19 23:21:28 2024",
  "jobs" : [
    {
      "jobname" : "benchmark_test",
      "groupid" : 0,
      "job_start" : 1729394424689,
      "error" : 0,
      "eta" : 0,
      "elapsed" : 61,
      "job options" : {
        "name" : "benchmark_test",
        "filename" : "/mnt/e/testfile",
        "size" : "500M",
        "rw" : "read",
        "bs" : "128k",
        "iodepth" : "16",
        "ioengine" : "libaio",
        "direct" : "1",
        "numjobs" : "1",
        "runtime" : "60"
      },
      "read" : {
        "io_bytes" : 8127250432,
        "io_kbytes" : 7936768,
        "bw_bytes" : 135449658,
        "bw" : 132275,
        "iops" : 1033.398887,
        "runtime" : 60002,
        "total_ios" : 62006,
        "short_ios" : 0,
        "drop_ios" : 0,
        "slat_ns" : {
          "min" : 531873,
          "max" : 11562868,
          "mean" : 959853.219769,
          "stddev" : 271073.870845,
          "N" : 62006
        },
        "clat_ns" : {
          "min" : 7687,
          "max" : 41363353,
          "mean" : 14516968.368771,
          "stddev" : 2486580.460930,
          "N" : 62006,
          "percentile" : {
            "1.000000" : 10944512,
            "5.000000" : 11862016,
            "10.000000" : 12255232,
            "20.000000" : 12648448,
            "30.000000" : 13041664,
            "40.000000" : 13434880,
            "50.000000" : 13828096,
            "60.000000" : 14352384,
            "70.000000" : 15138816,
            "80.000000" : 16056320,
            "90.000000" : 17694720,
            "95.000000" : 19267584,
            "99.000000" : 23199744,
            "99.500000" : 24510464,
            "99.900000" : 29491200,
            "99.950000" : 33423360,
            "99.990000" : 38010880
          }
        },
        "lat_ns" : {
          "min" : 1475555,
          "max" : 43550361,
          "mean" : 15476821.588540,
          "stddev" : 2623434.216353,
          "N" : 62006
        },
        "bw_min" : 84992,
        "bw_max" : 150784,
        "bw_agg" : 100.000000,
        "bw_mean" : 132370.739496,
        "bw_dev" : 12064.679670,
        "bw_samples" : 119,
        "iops_min" : 664,
        "iops_max" : 1178,
        "iops_mean" : 1034.117647,
        "iops_stddev" : 94.254360,
        "iops_samples" : 119
      },
      "write" : {
        "io_bytes" : 0,
        "io_kbytes" : 0,
        "bw_bytes" : 0,
        "bw" : 0,
        "iops" : 0.000000,
        "runtime" : 0,
        "total_ios" : 0,
        "short_ios" : 0,
        "drop_ios" : 0,
        "slat_ns" : {
          "min" : 0,
          "max" : 0,
          "mean" : 0.000000,
          "stddev" : 0.000000,
          "N" : 0
        },
        "clat_ns" : {
          "min" : 0,
          "max" : 0,
          "mean" : 0.000000,
          "stddev" : 0.000000,
          "N" : 0
        },
        "lat_ns" : {
          "min" : 0,
          "max" : 0,
          "mean" : 0.000000,
          "stddev" : 0.000000,
          "N" : 0
        },
        "bw_min" : 0,
        "bw_max" : 0,
        "bw_agg" : 0.000000,
        "bw_mean" : 0.000000,
        "bw_dev" : 0.000000,
        "bw_samples" : 0,
        "iops_min" : 0,
        "iops_max" : 0,
        "iops_mean" : 0.000000,
        "iops_stddev" : 0.000000,
        "iops_samples" : 0
      },
      "trim" : {
        "io_bytes" : 0,
        "io_kbytes" : 0,
        "bw_bytes" : 0,
        "bw" : 0,
        "iops" : 0.000000,
        "runtime" : 0,
        "total_ios" : 0,
        "short_ios" : 0,
        "drop_ios" : 0,
        "slat_ns" : {
          "min" : 0,
          "max" : 0,
          "mean" : 0.000000,
          "stddev" : 0.000000,
          "N" : 0
        },
        "clat_ns" : {
          "min" : 0,
          "max" : 0,
          "mean" : 0.000000,
          "stddev" : 0.000000,
          "N" : 0
        },
        "lat_ns" : {
          "min" : 0,
          "max" : 0,
          "mean" : 0.000000,
          "stddev" : 0.000000,
          "N" : 0
        },
        "bw_min" : 0,
        "bw_max" : 0,
        "bw_agg" : 0.000000,
        "bw_mean" : 0.000000,
        "bw_dev" : 0.000000,
        "bw_samples" : 0,
        "iops_min" : 0,
        "iops_max" : 0,
        "iops_mean" : 0.000000,
        "iops_stddev" : 0.000000,
        "iops_samples" : 0
      },
      "sync" : {
        "total_ios" : 0,
        "lat_ns" : {
          "min" : 0,
          "max" : 0,
          "mean" : 0.000000,
          "stddev" : 0.000000,
          "N" : 0
        }
      },
      "job_runtime" : 60001,
      "usr_cpu" : 1.166647,
      "sys_cpu" : 6.728221,
      "ctx" : 186022,
      "majf" : 0,
      "minf" : 524,
      "iodepth_level" : {
        "1" : 0.100000,
        "2" : 0.100000,
        "4" : 0.100000,
        "8" : 0.100000,
        "16" : 99.975809,
        "32" : 0.000000,
        ">=64" : 0.000000
      },
      "iodepth_submit" : {
        "0" : 0.000000,
        "4" : 100.000000,
        "8" : 0.000000,
        "16" : 0.000000,
        "32" : 0.000000,
        "64" : 0.000000,
        ">=64" : 0.000000
      },
      "iodepth_complete" : {
        "0" : 0.000000,
        "4" : 99.998387,
        "8" : 0.000000,
        "16" : 0.100000,
        "32" : 0.000000,
        "64" : 0.000000,
        ">=64" : 0.000000
      },
      "latency_ns" : {
        "2" : 0.000000,
        "4" : 0.000000,
        "10" : 0.000000,
        "20" : 0.000000,
        "50" : 0.000000,
        "100" : 0.000000,
        "250" : 0.000000,
        "500" : 0.000000,
        "750" : 0.000000,
        "1000" : 0.000000
      },
      "latency_us" : {
        "2" : 0.000000,
        "4" : 0.000000,
        "10" : 0.010000,
        "20" : 0.000000,
        "50" : 0.000000,
        "100" : 0.000000,
        "250" : 0.000000,
        "500" : 0.000000,
        "750" : 0.000000,
        "1000" : 0.000000
      },
      "latency_ms" : {
        "2" : 0.010000,
        "4" : 0.010000,
        "10" : 0.051608,
        "20" : 96.189078,
        "50" : 3.754475,
        "100" : 0.000000,
        "250" : 0.000000,
        "500" : 0.000000,
        "750" : 0.000000,
        "1000" : 0.000000,
        "2000" : 0.000000,
        ">=2000" : 0.000000
      },
      "latency_depth" : 16,
      "latency_target" : 0,
      "latency_percentile" : 100.000000,
      "latency_window" : 0
    }
  ]
}
