{
  "fio version" : "fio-3.36",
  "timestamp" : 1729395767,
  "timestamp_ms" : 1729395767337,
  "time" : "Sat Oct 19 23:42:47 2024",
  "jobs" : [
    {
      "jobname" : "benchmark_test",
      "groupid" : 0,
      "job_start" : 1729395703482,
      "error" : 0,
      "eta" : 0,
      "elapsed" : 61,
      "job options" : {
        "name" : "benchmark_test",
        "filename" : "/mnt/e/testfile",
        "size" : "500M",
        "rw" : "randread",
        "bs" : "128k",
        "iodepth" : "1024",
        "ioengine" : "libaio",
        "direct" : "1",
        "numjobs" : "1",
        "runtime" : "60"
      },
      "read" : {
        "io_bytes" : 8121090048,
        "io_kbytes" : 7930752,
        "bw_bytes" : 135349244,
        "bw" : 132176,
        "iops" : 1032.632789,
        "runtime" : 60001,
        "total_ios" : 61959,
        "short_ios" : 0,
        "drop_ios" : 0,
        "slat_ns" : {
          "min" : 462051,
          "max" : 126504408,
          "mean" : 961311.993124,
          "stddev" : 1015506.052211,
          "N" : 61959
        },
        "clat_ns" : {
          "min" : 14759,
          "max" : 2425807493,
          "mean" : 982927435.104730,
          "stddev" : 292986314.353969,
          "N" : 61959,
          "percentile" : {
            "1.000000" : 599785472,
            "5.000000" : 767557632,
            "10.000000" : 784334848,
            "20.000000" : 817889280,
            "30.000000" : 843055104,
            "40.000000" : 876609536,
            "50.000000" : 910163968,
            "60.000000" : 935329792,
            "70.000000" : 968884224,
            "80.000000" : 1044381696,
            "90.000000" : 1266679808,
            "95.000000" : 1736441856,
            "99.000000" : 2139095040,
            "99.500000" : 2231369728,
            "99.900000" : 2365587456,
            "99.950000" : 2399141888,
            "99.990000" : 2432696320
          }
        },
        "lat_ns" : {
          "min" : 1025764,
          "max" : 2427355357,
          "mean" : 983888747.097859,
          "stddev" : 293224507.205260,
          "N" : 61959
        },
        "bw_min" : 27904,
        "bw_max" : 180736,
        "bw_agg" : 99.266138,
        "bw_mean" : 131207.830508,
        "bw_dev" : 33826.152292,
        "bw_samples" : 118,
        "iops_min" : 218,
        "iops_max" : 1412,
        "iops_mean" : 1024.966102,
        "iops_stddev" : 264.239982,
        "iops_samples" : 118
      },
      "write" : {
        "io_bytes" : 0,
        "io_kbytes" : 0,
        "bw_bytes" : 0,
        "bw" : 0,
        "iops" : 0.000000,
        "runtime" : 0,
        "total_ios" : 0,
        "short_ios" : 0,
        "drop_ios" : 0,
        "slat_ns" : {
          "min" : 0,
          "max" : 0,
          "mean" : 0.000000,
          "stddev" : 0.000000,
          "N" : 0
        },
        "clat_ns" : {
          "min" : 0,
          "max" : 0,
          "mean" : 0.000000,
          "stddev" : 0.000000,
          "N" : 0
        },
        "lat_ns" : {
          "min" : 0,
          "max" : 0,
          "mean" : 0.000000,
          "stddev" : 0.000000,
          "N" : 0
        },
        "bw_min" : 0,
        "bw_max" : 0,
        "bw_agg" : 0.000000,
        "bw_mean" : 0.000000,
        "bw_dev" : 0.000000,
        "bw_samples" : 0,
        "iops_min" : 0,
        "iops_max" : 0,
        "iops_mean" : 0.000000,
        "iops_stddev" : 0.000000,
        "iops_samples" : 0
      },
      "trim" : {
        "io_bytes" : 0,
        "io_kbytes" : 0,
        "bw_bytes" : 0,
        "bw" : 0,
        "iops" : 0.000000,
        "runtime" : 0,
        "total_ios" : 0,
        "short_ios" : 0,
        "drop_ios" : 0,
        "slat_ns" : {
          "min" : 0,
          "max" : 0,
          "mean" : 0.000000,
          "stddev" : 0.000000,
          "N" : 0
        },
        "clat_ns" : {
          "min" : 0,
          "max" : 0,
          "mean" : 0.000000,
          "stddev" : 0.000000,
          "N" : 0
        },
        "lat_ns" : {
          "min" : 0,
          "max" : 0,
          "mean" : 0.000000,
          "stddev" : 0.000000,
          "N" : 0
        },
        "bw_min" : 0,
        "bw_max" : 0,
        "bw_agg" : 0.000000,
        "bw_mean" : 0.000000,
        "bw_dev" : 0.000000,
        "bw_samples" : 0,
        "iops_min" : 0,
        "iops_max" : 0,
        "iops_mean" : 0.000000,
        "iops_stddev" : 0.000000,
        "iops_samples" : 0
      },
      "sync" : {
        "total_ios" : 0,
        "lat_ns" : {
          "min" : 0,
          "max" : 0,
          "mean" : 0.000000,
          "stddev" : 0.000000,
          "N" : 0
        }
      },
      "job_runtime" : 60000,
      "usr_cpu" : 0.965000,
      "sys_cpu" : 6.146667,
      "ctx" : 185881,
      "majf" : 0,
      "minf" : 32780,
      "iodepth_level" : {
        "1" : 0.100000,
        "2" : 0.100000,
        "4" : 0.100000,
        "8" : 0.100000,
        "16" : 0.100000,
        "32" : 0.100000,
        ">=64" : 99.898320
      },
      "iodepth_submit" : {
        "0" : 0.000000,
        "4" : 100.000000,
        "8" : 0.000000,
        "16" : 0.000000,
        "32" : 0.000000,
        "64" : 0.000000,
        ">=64" : 0.000000
      },
      "iodepth_complete" : {
        "0" : 0.000000,
        "4" : 99.998359,
        "8" : 0.000000,
        "16" : 0.000000,
        "32" : 0.000000,
        "64" : 0.000000,
        ">=64" : 0.100000
      },
      "latency_ns" : {
        "2" : 0.000000,
        "4" : 0.000000,
        "10" : 0.000000,
        "20" : 0.000000,
        "50" : 0.000000,
        "100" : 0.000000,
        "250" : 0.000000,
        "500" : 0.000000,
        "750" : 0.000000,
        "1000" : 0.000000
      },
      "latency_us" : {
        "2" : 0.000000,
        "4" : 0.000000,
        "10" : 0.000000,
        "20" : 0.010000,
        "50" : 0.000000,
        "100" : 0.000000,
        "250" : 0.000000,
        "500" : 0.000000,
        "750" : 0.000000,
        "1000" : 0.000000
      },
      "latency_ms" : {
        "2" : 0.010000,
        "4" : 0.010000,
        "10" : 0.011298,
        "20" : 0.014526,
        "50" : 0.048419,
        "100" : 0.083926,
        "250" : 0.243710,
        "500" : 0.434158,
        "750" : 2.356397,
        "1000" : 72.155780,
        "2000" : 22.288933,
        ">=2000" : 2.358011
      },
      "latency_depth" : 1024,
      "latency_target" : 0,
      "latency_percentile" : 100.000000,
      "latency_window" : 0
    }
  ]
}
