{
  "fio version" : "fio-3.36",
  "timestamp" : 1729392052,
  "timestamp_ms" : 1729392052429,
  "time" : "Sat Oct 19 22:40:52 2024",
  "jobs" : [
    {
      "jobname" : "benchmark_test",
      "groupid" : 0,
      "job_start" : 1729391988851,
      "error" : 0,
      "eta" : 0,
      "elapsed" : 61,
      "job options" : {
        "name" : "benchmark_test",
        "filename" : "/mnt/e/testfile",
        "size" : "500M",
        "rw" : "rw",
        "bs" : "16k",
        "iodepth" : "1024",
        "ioengine" : "libaio",
        "direct" : "1",
        "numjobs" : "1",
        "runtime" : "60"
      },
      "read" : {
        "io_bytes" : 2130919424,
        "io_kbytes" : 2080976,
        "bw_bytes" : 35514731,
        "bw" : 34682,
        "iops" : 2167.647206,
        "runtime" : 60001,
        "total_ios" : 130061,
        "short_ios" : 0,
        "drop_ios" : 0,
        "slat_ns" : {
          "min" : 103333,
          "max" : 39332880,
          "mean" : 213470.257264,
          "stddev" : 311367.698760,
          "N" : 130061
        },
        "clat_ns" : {
          "min" : 1826514,
          "max" : 806262067,
          "mean" : 235460033.141626,
          "stddev" : 68173988.854304,
          "N" : 130061,
          "percentile" : {
            "1.000000" : 173015040,
            "5.000000" : 179306496,
            "10.000000" : 183500800,
            "20.000000" : 193986560,
            "30.000000" : 200278016,
            "40.000000" : 206569472,
            "50.000000" : 214958080,
            "60.000000" : 225443840,
            "70.000000" : 242221056,
            "80.000000" : 263192576,
            "90.000000" : 304087040,
            "95.000000" : 367001600,
            "99.000000" : 526385152,
            "99.500000" : 624951296,
            "99.900000" : 767557632,
            "99.950000" : 792723456,
            "99.990000" : 801112064
          }
        },
        "lat_ns" : {
          "min" : 2229422,
          "max" : 807056387,
          "mean" : 235673503.398888,
          "stddev" : 68228002.006285,
          "N" : 130061
        },
        "bw_min" : 6291,
        "bw_max" : 46432,
        "bw_agg" : 99.537648,
        "bw_mean" : 34522.193277,
        "bw_dev" : 8101.231997,
        "bw_samples" : 119,
        "iops_min" : 393,
        "iops_max" : 2902,
        "iops_mean" : 2157.630252,
        "iops_stddev" : 506.343001,
        "iops_samples" : 119
      },
      "write" : {
        "io_bytes" : 2131542016,
        "io_kbytes" : 2081584,
        "bw_bytes" : 35525108,
        "bw" : 34692,
        "iops" : 2168.280529,
        "runtime" : 60001,
        "total_ios" : 130099,
        "short_ios" : 0,
        "drop_ios" : 0,
        "slat_ns" : {
          "min" : 123341,
          "max" : 41899327,
          "mean" : 238885.839245,
          "stddev" : 261074.254164,
          "N" : 130099
        },
        "clat_ns" : {
          "min" : 12593,
          "max" : 806914167,
          "mean" : 235119914.967102,
          "stddev" : 67919419.093341,
          "N" : 130099,
          "percentile" : {
            "1.000000" : 173015040,
            "5.000000" : 179306496,
            "10.000000" : 183500800,
            "20.000000" : 193986560,
            "30.000000" : 200278016,
            "40.000000" : 206569472,
            "50.000000" : 212860928,
            "60.000000" : 225443840,
            "70.000000" : 240123904,
            "80.000000" : 263192576,
            "90.000000" : 304087040,
            "95.000000" : 367001600,
            "99.000000" : 526385152,
            "99.500000" : 624951296,
            "99.900000" : 775946240,
            "99.950000" : 792723456,
            "99.990000" : 801112064
          }
        },
        "lat_ns" : {
          "min" : 480361,
          "max" : 807373360,
          "mean" : 235358800.806346,
          "stddev" : 67978547.946247,
          "N" : 130099
        },
        "bw_min" : 6642,
        "bw_max" : 46400,
        "bw_agg" : 99.531633,
        "bw_mean" : 34530.773109,
        "bw_dev" : 8250.795356,
        "bw_samples" : 119,
        "iops_min" : 415,
        "iops_max" : 2900,
        "iops_mean" : 2158.168067,
        "iops_stddev" : 515.685907,
        "iops_samples" : 119
      },
      "trim" : {
        "io_bytes" : 0,
        "io_kbytes" : 0,
        "bw_bytes" : 0,
        "bw" : 0,
        "iops" : 0.000000,
        "runtime" : 0,
        "total_ios" : 0,
        "short_ios" : 0,
        "drop_ios" : 0,
        "slat_ns" : {
          "min" : 0,
          "max" : 0,
          "mean" : 0.000000,
          "stddev" : 0.000000,
          "N" : 0
        },
        "clat_ns" : {
          "min" : 0,
          "max" : 0,
          "mean" : 0.000000,
          "stddev" : 0.000000,
          "N" : 0
        },
        "lat_ns" : {
          "min" : 0,
          "max" : 0,
          "mean" : 0.000000,
          "stddev" : 0.000000,
          "N" : 0
        },
        "bw_min" : 0,
        "bw_max" : 0,
        "bw_agg" : 0.000000,
        "bw_mean" : 0.000000,
        "bw_dev" : 0.000000,
        "bw_samples" : 0,
        "iops_min" : 0,
        "iops_max" : 0,
        "iops_mean" : 0.000000,
        "iops_stddev" : 0.000000,
        "iops_samples" : 0
      },
      "sync" : {
        "total_ios" : 0,
        "lat_ns" : {
          "min" : 0,
          "max" : 0,
          "mean" : 0.000000,
          "stddev" : 0.000000,
          "N" : 0
        }
      },
      "job_runtime" : 60000,
      "usr_cpu" : 2.706667,
      "sys_cpu" : 7.823333,
      "ctx" : 260165,
      "majf" : 0,
      "minf" : 15,
      "iodepth_level" : {
        "1" : 0.100000,
        "2" : 0.100000,
        "4" : 0.100000,
        "8" : 0.100000,
        "16" : 0.100000,
        "32" : 0.100000,
        ">=64" : 99.975784
      },
      "iodepth_submit" : {
        "0" : 0.000000,
        "4" : 100.000000,
        "8" : 0.000000,
        "16" : 0.000000,
        "32" : 0.000000,
        "64" : 0.000000,
        ">=64" : 0.000000
      },
      "iodepth_complete" : {
        "0" : 0.000000,
        "4" : 99.999614,
        "8" : 0.000000,
        "16" : 0.000000,
        "32" : 0.000000,
        "64" : 0.000000,
        ">=64" : 0.100000
      },
      "latency_ns" : {
        "2" : 0.000000,
        "4" : 0.000000,
        "10" : 0.000000,
        "20" : 0.000000,
        "50" : 0.000000,
        "100" : 0.000000,
        "250" : 0.000000,
        "500" : 0.000000,
        "750" : 0.000000,
        "1000" : 0.000000
      },
      "latency_us" : {
        "2" : 0.000000,
        "4" : 0.000000,
        "10" : 0.000000,
        "20" : 0.010000,
        "50" : 0.000000,
        "100" : 0.000000,
        "250" : 0.000000,
        "500" : 0.010000,
        "750" : 0.000000,
        "1000" : 0.000000
      },
      "latency_ms" : {
        "2" : 0.010000,
        "4" : 0.010000,
        "10" : 0.010000,
        "20" : 0.013069,
        "50" : 0.039975,
        "100" : 0.105320,
        "250" : 74.963868,
        "500" : 23.721556,
        "750" : 1.033979,
        "1000" : 0.110317,
        "2000" : 0.000000,
        ">=2000" : 0.000000
      },
      "latency_depth" : 1024,
      "latency_target" : 0,
      "latency_percentile" : 100.000000,
      "latency_window" : 0
    }
  ]
}
