{
  "fio version" : "fio-3.36",
  "timestamp" : 1729395508,
  "timestamp_ms" : 1729395508400,
  "time" : "Sat Oct 19 23:38:28 2024",
  "jobs" : [
    {
      "jobname" : "benchmark_test",
      "groupid" : 0,
      "job_start" : 1729395445159,
      "error" : 0,
      "eta" : 0,
      "elapsed" : 61,
      "job options" : {
        "name" : "benchmark_test",
        "filename" : "/mnt/e/testfile",
        "size" : "500M",
        "rw" : "rw",
        "bs" : "128k",
        "iodepth" : "256",
        "ioengine" : "libaio",
        "direct" : "1",
        "numjobs" : "1",
        "runtime" : "60"
      },
      "read" : {
        "io_bytes" : 2891710464,
        "io_kbytes" : 2823936,
        "bw_bytes" : 48194371,
        "bw" : 47064,
        "iops" : 367.693872,
        "runtime" : 60001,
        "total_ios" : 22062,
        "short_ios" : 0,
        "drop_ios" : 0,
        "slat_ns" : {
          "min" : 571075,
          "max" : 137373688,
          "mean" : 1230867.045689,
          "stddev" : 2077419.450648,
          "N" : 22062
        },
        "clat_ns" : {
          "min" : 11878,
          "max" : 1438687954,
          "mean" : 346814660.550495,
          "stddev" : 142751704.446074,
          "N" : 22062,
          "percentile" : {
            "1.000000" : 204472320,
            "5.000000" : 229638144,
            "10.000000" : 252706816,
            "20.000000" : 274726912,
            "30.000000" : 287309824,
            "40.000000" : 299892736,
            "50.000000" : 316669952,
            "60.000000" : 337641472,
            "70.000000" : 354418688,
            "80.000000" : 371195904,
            "90.000000" : 413138944,
            "95.000000" : 583008256,
            "99.000000" : 1035993088,
            "99.500000" : 1166016512,
            "99.900000" : 1400897536,
            "99.950000" : 1434451968,
            "99.990000" : 1434451968
          }
        },
        "lat_ns" : {
          "min" : 913479,
          "max" : 1440079257,
          "mean" : 348045527.596185,
          "stddev" : 143081347.593462,
          "N" : 22062
        },
        "bw_min" : 1781,
        "bw_max" : 74091,
        "bw_agg" : 99.439464,
        "bw_mean" : 46801.705882,
        "bw_dev" : 13908.895096,
        "bw_samples" : 119,
        "iops_min" : 13,
        "iops_max" : 578,
        "iops_mean" : 365.302521,
        "iops_stddev" : 108.716905,
        "iops_samples" : 119
      },
      "write" : {
        "io_bytes" : 2883190784,
        "io_kbytes" : 2815616,
        "bw_bytes" : 48052378,
        "bw" : 46926,
        "iops" : 366.610556,
        "runtime" : 60001,
        "total_ios" : 21997,
        "short_ios" : 0,
        "drop_ios" : 0,
        "slat_ns" : {
          "min" : 599207,
          "max" : 152052790,
          "mean" : 1470000.669000,
          "stddev" : 2825469.923318,
          "N" : 21997
        },
        "clat_ns" : {
          "min" : 919942,
          "max" : 1432441897,
          "mean" : 346443452.075555,
          "stddev" : 143437323.659822,
          "N" : 21997,
          "percentile" : {
            "1.000000" : 204472320,
            "5.000000" : 229638144,
            "10.000000" : 252706816,
            "20.000000" : 270532608,
            "30.000000" : 287309824,
            "40.000000" : 299892736,
            "50.000000" : 316669952,
            "60.000000" : 337641472,
            "70.000000" : 354418688,
            "80.000000" : 371195904,
            "90.000000" : 413138944,
            "95.000000" : 583008256,
            "99.000000" : 1035993088,
            "99.500000" : 1166016512,
            "99.900000" : 1417674752,
            "99.950000" : 1417674752,
            "99.990000" : 1434451968
          }
        },
        "lat_ns" : {
          "min" : 2015578,
          "max" : 1441240963,
          "mean" : 347913452.744558,
          "stddev" : 143881066.128587,
          "N" : 21997
        },
        "bw_min" : 4580,
        "bw_max" : 80384,
        "bw_agg" : 99.575609,
        "bw_mean" : 46727.176471,
        "bw_dev" : 14155.199948,
        "bw_samples" : 119,
        "iops_min" : 35,
        "iops_max" : 628,
        "iops_mean" : 364.722689,
        "iops_stddev" : 110.635753,
        "iops_samples" : 119
      },
      "trim" : {
        "io_bytes" : 0,
        "io_kbytes" : 0,
        "bw_bytes" : 0,
        "bw" : 0,
        "iops" : 0.000000,
        "runtime" : 0,
        "total_ios" : 0,
        "short_ios" : 0,
        "drop_ios" : 0,
        "slat_ns" : {
          "min" : 0,
          "max" : 0,
          "mean" : 0.000000,
          "stddev" : 0.000000,
          "N" : 0
        },
        "clat_ns" : {
          "min" : 0,
          "max" : 0,
          "mean" : 0.000000,
          "stddev" : 0.000000,
          "N" : 0
        },
        "lat_ns" : {
          "min" : 0,
          "max" : 0,
          "mean" : 0.000000,
          "stddev" : 0.000000,
          "N" : 0
        },
        "bw_min" : 0,
        "bw_max" : 0,
        "bw_agg" : 0.000000,
        "bw_mean" : 0.000000,
        "bw_dev" : 0.000000,
        "bw_samples" : 0,
        "iops_min" : 0,
        "iops_max" : 0,
        "iops_mean" : 0.000000,
        "iops_stddev" : 0.000000,
        "iops_samples" : 0
      },
      "sync" : {
        "total_ios" : 0,
        "lat_ns" : {
          "min" : 0,
          "max" : 0,
          "mean" : 0.000000,
          "stddev" : 0.000000,
          "N" : 0
        }
      },
      "job_runtime" : 60000,
      "usr_cpu" : 1.445000,
      "sys_cpu" : 6.076667,
      "ctx" : 132182,
      "majf" : 0,
      "minf" : 15,
      "iodepth_level" : {
        "1" : 0.100000,
        "2" : 0.100000,
        "4" : 0.100000,
        "8" : 0.100000,
        "16" : 0.100000,
        "32" : 0.100000,
        ">=64" : 99.857010
      },
      "iodepth_submit" : {
        "0" : 0.000000,
        "4" : 100.000000,
        "8" : 0.000000,
        "16" : 0.000000,
        "32" : 0.000000,
        "64" : 0.000000,
        ">=64" : 0.000000
      },
      "iodepth_complete" : {
        "0" : 0.000000,
        "4" : 99.997717,
        "8" : 0.000000,
        "16" : 0.000000,
        "32" : 0.000000,
        "64" : 0.000000,
        ">=64" : 0.100000
      },
      "latency_ns" : {
        "2" : 0.000000,
        "4" : 0.000000,
        "10" : 0.000000,
        "20" : 0.000000,
        "50" : 0.000000,
        "100" : 0.000000,
        "250" : 0.000000,
        "500" : 0.000000,
        "750" : 0.000000,
        "1000" : 0.000000
      },
      "latency_us" : {
        "2" : 0.000000,
        "4" : 0.000000,
        "10" : 0.000000,
        "20" : 0.010000,
        "50" : 0.000000,
        "100" : 0.000000,
        "250" : 0.000000,
        "500" : 0.000000,
        "750" : 0.000000,
        "1000" : 0.010000
      },
      "latency_ms" : {
        "2" : 0.000000,
        "4" : 0.010000,
        "10" : 0.010000,
        "20" : 0.015888,
        "50" : 0.047663,
        "100" : 0.102136,
        "250" : 9.151365,
        "500" : 83.885245,
        "750" : 3.592910,
        "1000" : 1.616015,
        "2000" : 1.570621,
        ">=2000" : 0.000000
      },
      "latency_depth" : 256,
      "latency_target" : 0,
      "latency_percentile" : 100.000000,
      "latency_window" : 0
    }
  ]
}
