{
  "fio version" : "fio-3.36",
  "timestamp" : 1729393842,
  "timestamp_ms" : 1729393842161,
  "time" : "Sat Oct 19 23:10:42 2024",
  "jobs" : [
    {
      "jobname" : "benchmark_test",
      "groupid" : 0,
      "job_start" : 1729393778570,
      "error" : 0,
      "eta" : 0,
      "elapsed" : 61,
      "job options" : {
        "name" : "benchmark_test",
        "filename" : "/mnt/e/testfile",
        "size" : "500M",
        "rw" : "randread",
        "bs" : "32k",
        "iodepth" : "1024",
        "ioengine" : "libaio",
        "direct" : "1",
        "numjobs" : "1",
        "runtime" : "60"
      },
      "read" : {
        "io_bytes" : 5713297408,
        "io_kbytes" : 5579392,
        "bw_bytes" : 95220036,
        "bw" : 92988,
        "iops" : 2905.884902,
        "runtime" : 60001,
        "total_ios" : 174356,
        "short_ios" : 0,
        "drop_ios" : 0,
        "slat_ns" : {
          "min" : 139820,
          "max" : 125953613,
          "mean" : 337498.506687,
          "stddev" : 659311.460216,
          "N" : 174356
        },
        "clat_ns" : {
          "min" : 16365,
          "max" : 1066728412,
          "mean" : 349467576.362655,
          "stddev" : 96735588.339086,
          "N" : 174356,
          "percentile" : {
            "1.000000" : 229638144,
            "5.000000" : 244318208,
            "10.000000" : 258998272,
            "20.000000" : 283115520,
            "30.000000" : 299892736,
            "40.000000" : 316669952,
            "50.000000" : 333447168,
            "60.000000" : 350224384,
            "70.000000" : 367001600,
            "80.000000" : 392167424,
            "90.000000" : 450887680,
            "95.000000" : 509607936,
            "99.000000" : 809500672,
            "99.500000" : 935329792,
            "99.900000" : 1052770304,
            "99.950000" : 1061158912,
            "99.990000" : 1069547520
          }
        },
        "lat_ns" : {
          "min" : 446628,
          "max" : 1067351350,
          "mean" : 349805074.869350,
          "stddev" : 96809765.629045,
          "N" : 174356
        },
        "bw_min" : 23952,
        "bw_max" : 139688,
        "bw_agg" : 100.000000,
        "bw_mean" : 94084.888889,
        "bw_dev" : 20249.602443,
        "bw_samples" : 117,
        "iops_min" : 748,
        "iops_max" : 4365,
        "iops_mean" : 2939.931624,
        "iops_stddev" : 632.783707,
        "iops_samples" : 117
      },
      "write" : {
        "io_bytes" : 0,
        "io_kbytes" : 0,
        "bw_bytes" : 0,
        "bw" : 0,
        "iops" : 0.000000,
        "runtime" : 0,
        "total_ios" : 0,
        "short_ios" : 0,
        "drop_ios" : 0,
        "slat_ns" : {
          "min" : 0,
          "max" : 0,
          "mean" : 0.000000,
          "stddev" : 0.000000,
          "N" : 0
        },
        "clat_ns" : {
          "min" : 0,
          "max" : 0,
          "mean" : 0.000000,
          "stddev" : 0.000000,
          "N" : 0
        },
        "lat_ns" : {
          "min" : 0,
          "max" : 0,
          "mean" : 0.000000,
          "stddev" : 0.000000,
          "N" : 0
        },
        "bw_min" : 0,
        "bw_max" : 0,
        "bw_agg" : 0.000000,
        "bw_mean" : 0.000000,
        "bw_dev" : 0.000000,
        "bw_samples" : 0,
        "iops_min" : 0,
        "iops_max" : 0,
        "iops_mean" : 0.000000,
        "iops_stddev" : 0.000000,
        "iops_samples" : 0
      },
      "trim" : {
        "io_bytes" : 0,
        "io_kbytes" : 0,
        "bw_bytes" : 0,
        "bw" : 0,
        "iops" : 0.000000,
        "runtime" : 0,
        "total_ios" : 0,
        "short_ios" : 0,
        "drop_ios" : 0,
        "slat_ns" : {
          "min" : 0,
          "max" : 0,
          "mean" : 0.000000,
          "stddev" : 0.000000,
          "N" : 0
        },
        "clat_ns" : {
          "min" : 0,
          "max" : 0,
          "mean" : 0.000000,
          "stddev" : 0.000000,
          "N" : 0
        },
        "lat_ns" : {
          "min" : 0,
          "max" : 0,
          "mean" : 0.000000,
          "stddev" : 0.000000,
          "N" : 0
        },
        "bw_min" : 0,
        "bw_max" : 0,
        "bw_agg" : 0.000000,
        "bw_mean" : 0.000000,
        "bw_dev" : 0.000000,
        "bw_samples" : 0,
        "iops_min" : 0,
        "iops_max" : 0,
        "iops_mean" : 0.000000,
        "iops_stddev" : 0.000000,
        "iops_samples" : 0
      },
      "sync" : {
        "total_ios" : 0,
        "lat_ns" : {
          "min" : 0,
          "max" : 0,
          "mean" : 0.000000,
          "stddev" : 0.000000,
          "N" : 0
        }
      },
      "job_runtime" : 60000,
      "usr_cpu" : 2.681667,
      "sys_cpu" : 8.010000,
      "ctx" : 174364,
      "majf" : 0,
      "minf" : 8204,
      "iodepth_level" : {
        "1" : 0.100000,
        "2" : 0.100000,
        "4" : 0.100000,
        "8" : 0.100000,
        "16" : 0.100000,
        "32" : 0.100000,
        ">=64" : 99.963867
      },
      "iodepth_submit" : {
        "0" : 0.000000,
        "4" : 100.000000,
        "8" : 0.000000,
        "16" : 0.000000,
        "32" : 0.000000,
        "64" : 0.000000,
        ">=64" : 0.000000
      },
      "iodepth_complete" : {
        "0" : 0.000000,
        "4" : 99.999423,
        "8" : 0.000000,
        "16" : 0.000000,
        "32" : 0.000000,
        "64" : 0.000000,
        ">=64" : 0.100000
      },
      "latency_ns" : {
        "2" : 0.000000,
        "4" : 0.000000,
        "10" : 0.000000,
        "20" : 0.000000,
        "50" : 0.000000,
        "100" : 0.000000,
        "250" : 0.000000,
        "500" : 0.000000,
        "750" : 0.000000,
        "1000" : 0.000000
      },
      "latency_us" : {
        "2" : 0.000000,
        "4" : 0.000000,
        "10" : 0.000000,
        "20" : 0.010000,
        "50" : 0.000000,
        "100" : 0.000000,
        "250" : 0.000000,
        "500" : 0.010000,
        "750" : 0.010000,
        "1000" : 0.000000
      },
      "latency_ms" : {
        "2" : 0.010000,
        "4" : 0.010000,
        "10" : 0.010000,
        "20" : 0.014338,
        "50" : 0.047030,
        "100" : 0.088899,
        "250" : 6.881323,
        "500" : 87.131501,
        "750" : 4.789626,
        "1000" : 0.796646,
        "2000" : 0.232857,
        ">=2000" : 0.000000
      },
      "latency_depth" : 1024,
      "latency_target" : 0,
      "latency_percentile" : 100.000000,
      "latency_window" : 0
    }
  ]
}
