{
  "fio version" : "fio-3.36",
  "timestamp" : 1729395703,
  "timestamp_ms" : 1729395703199,
  "time" : "Sat Oct 19 23:41:43 2024",
  "jobs" : [
    {
      "jobname" : "benchmark_test",
      "groupid" : 0,
      "job_start" : 1729395638769,
      "error" : 0,
      "eta" : 0,
      "elapsed" : 61,
      "job options" : {
        "name" : "benchmark_test",
        "filename" : "/mnt/e/testfile",
        "size" : "500M",
        "rw" : "write",
        "bs" : "128k",
        "iodepth" : "1024",
        "ioengine" : "libaio",
        "direct" : "1",
        "numjobs" : "1",
        "runtime" : "60"
      },
      "read" : {
        "io_bytes" : 0,
        "io_kbytes" : 0,
        "bw_bytes" : 0,
        "bw" : 0,
        "iops" : 0.000000,
        "runtime" : 0,
        "total_ios" : 0,
        "short_ios" : 0,
        "drop_ios" : 0,
        "slat_ns" : {
          "min" : 0,
          "max" : 0,
          "mean" : 0.000000,
          "stddev" : 0.000000,
          "N" : 0
        },
        "clat_ns" : {
          "min" : 0,
          "max" : 0,
          "mean" : 0.000000,
          "stddev" : 0.000000,
          "N" : 0
        },
        "lat_ns" : {
          "min" : 0,
          "max" : 0,
          "mean" : 0.000000,
          "stddev" : 0.000000,
          "N" : 0
        },
        "bw_min" : 0,
        "bw_max" : 0,
        "bw_agg" : 0.000000,
        "bw_mean" : 0.000000,
        "bw_dev" : 0.000000,
        "bw_samples" : 0,
        "iops_min" : 0,
        "iops_max" : 0,
        "iops_mean" : 0.000000,
        "iops_stddev" : 0.000000,
        "iops_samples" : 0
      },
      "write" : {
        "io_bytes" : 4582146048,
        "io_kbytes" : 4474752,
        "bw_bytes" : 76367828,
        "bw" : 74577,
        "iops" : 582.640289,
        "runtime" : 60001,
        "total_ios" : 34959,
        "short_ios" : 0,
        "drop_ios" : 0,
        "slat_ns" : {
          "min" : 594313,
          "max" : 347580978,
          "mean" : 1704070.480105,
          "stddev" : 2962965.819039,
          "N" : 34959
        },
        "clat_ns" : {
          "min" : 12328,
          "max" : 4783601699,
          "mean" : 1739806466.566183,
          "stddev" : 766069524.145518,
          "N" : 34959,
          "percentile" : {
            "1.000000" : 325058560,
            "5.000000" : 935329792,
            "10.000000" : 985661440,
            "20.000000" : 1082130432,
            "30.000000" : 1216348160,
            "40.000000" : 1434451968,
            "50.000000" : 1619001344,
            "60.000000" : 1837105152,
            "70.000000" : 1954545664,
            "80.000000" : 2432696320,
            "90.000000" : 2768240640,
            "95.000000" : 2868903936,
            "99.000000" : 4462739456,
            "99.500000" : 4596957184,
            "99.900000" : 4731174912,
            "99.950000" : 4798283776,
            "99.990000" : 4798283776
          }
        },
        "lat_ns" : {
          "min" : 975378,
          "max" : 4786610435,
          "mean" : 1741510537.046292,
          "stddev" : 766673031.434067,
          "N" : 34959
        },
        "bw_min" : 1017,
        "bw_max" : 143073,
        "bw_agg" : 98.357481,
        "bw_mean" : 73353.529915,
        "bw_dev" : 32676.884109,
        "bw_samples" : 117,
        "iops_min" : 7,
        "iops_max" : 1117,
        "iops_mean" : 572.769231,
        "iops_stddev" : 255.347883,
        "iops_samples" : 117
      },
      "trim" : {
        "io_bytes" : 0,
        "io_kbytes" : 0,
        "bw_bytes" : 0,
        "bw" : 0,
        "iops" : 0.000000,
        "runtime" : 0,
        "total_ios" : 0,
        "short_ios" : 0,
        "drop_ios" : 0,
        "slat_ns" : {
          "min" : 0,
          "max" : 0,
          "mean" : 0.000000,
          "stddev" : 0.000000,
          "N" : 0
        },
        "clat_ns" : {
          "min" : 0,
          "max" : 0,
          "mean" : 0.000000,
          "stddev" : 0.000000,
          "N" : 0
        },
        "lat_ns" : {
          "min" : 0,
          "max" : 0,
          "mean" : 0.000000,
          "stddev" : 0.000000,
          "N" : 0
        },
        "bw_min" : 0,
        "bw_max" : 0,
        "bw_agg" : 0.000000,
        "bw_mean" : 0.000000,
        "bw_dev" : 0.000000,
        "bw_samples" : 0,
        "iops_min" : 0,
        "iops_max" : 0,
        "iops_mean" : 0.000000,
        "iops_stddev" : 0.000000,
        "iops_samples" : 0
      },
      "sync" : {
        "total_ios" : 0,
        "lat_ns" : {
          "min" : 0,
          "max" : 0,
          "mean" : 0.000000,
          "stddev" : 0.000000,
          "N" : 0
        }
      },
      "job_runtime" : 60000,
      "usr_cpu" : 1.420000,
      "sys_cpu" : 4.928333,
      "ctx" : 104882,
      "majf" : 0,
      "minf" : 14,
      "iodepth_level" : {
        "1" : 0.100000,
        "2" : 0.100000,
        "4" : 0.100000,
        "8" : 0.100000,
        "16" : 0.100000,
        "32" : 0.100000,
        ">=64" : 99.819789
      },
      "iodepth_submit" : {
        "0" : 0.000000,
        "4" : 100.000000,
        "8" : 0.000000,
        "16" : 0.000000,
        "32" : 0.000000,
        "64" : 0.000000,
        ">=64" : 0.000000
      },
      "iodepth_complete" : {
        "0" : 0.000000,
        "4" : 99.997053,
        "8" : 0.000000,
        "16" : 0.000000,
        "32" : 0.000000,
        "64" : 0.000000,
        ">=64" : 0.100000
      },
      "latency_ns" : {
        "2" : 0.000000,
        "4" : 0.000000,
        "10" : 0.000000,
        "20" : 0.000000,
        "50" : 0.000000,
        "100" : 0.000000,
        "250" : 0.000000,
        "500" : 0.000000,
        "750" : 0.000000,
        "1000" : 0.000000
      },
      "latency_us" : {
        "2" : 0.000000,
        "4" : 0.000000,
        "10" : 0.000000,
        "20" : 0.010000,
        "50" : 0.000000,
        "100" : 0.000000,
        "250" : 0.000000,
        "500" : 0.000000,
        "750" : 0.000000,
        "1000" : 0.010000
      },
      "latency_ms" : {
        "2" : 0.000000,
        "4" : 0.010000,
        "10" : 0.020023,
        "20" : 0.025744,
        "50" : 0.082954,
        "100" : 0.154467,
        "250" : 0.471981,
        "500" : 0.826683,
        "750" : 0.800938,
        "1000" : 10.460826,
        "2000" : 58.537144,
        ">=2000" : 28.607798
      },
      "latency_depth" : 1024,
      "latency_target" : 0,
      "latency_percentile" : 100.000000,
      "latency_window" : 0
    }
  ]
}
