{
  "fio version" : "fio-3.36",
  "timestamp" : 1729389740,
  "timestamp_ms" : 1729389740818,
  "time" : "Sat Oct 19 22:02:20 2024",
  "jobs" : [
    {
      "jobname" : "benchmark_test",
      "groupid" : 0,
      "job_start" : 1729389677048,
      "error" : 0,
      "eta" : 0,
      "elapsed" : 61,
      "job options" : {
        "name" : "benchmark_test",
        "filename" : "/mnt/e/testfile",
        "size" : "500M",
        "rw" : "rw",
        "bs" : "4k",
        "iodepth" : "256",
        "ioengine" : "libaio",
        "direct" : "1",
        "numjobs" : "1",
        "runtime" : "60"
      },
      "read" : {
        "io_bytes" : 609595392,
        "io_kbytes" : 595308,
        "bw_bytes" : 10159753,
        "bw" : 9921,
        "iops" : 2480.408660,
        "runtime" : 60001,
        "total_ios" : 148827,
        "short_ios" : 0,
        "drop_ios" : 0,
        "slat_ns" : {
          "min" : 94083,
          "max" : 43554646,
          "mean" : 192644.224475,
          "stddev" : 224647.591582,
          "N" : 148827
        },
        "clat_ns" : {
          "min" : 196525,
          "max" : 290829175,
          "mean" : 51387383.154071,
          "stddev" : 14919636.561083,
          "N" : 148827,
          "percentile" : {
            "1.000000" : 35913728,
            "5.000000" : 38010880,
            "10.000000" : 39583744,
            "20.000000" : 41680896,
            "30.000000" : 43778048,
            "40.000000" : 45875200,
            "50.000000" : 47972352,
            "60.000000" : 50593792,
            "70.000000" : 54263808,
            "80.000000" : 58982400,
            "90.000000" : 66322432,
            "95.000000" : 72876032,
            "99.000000" : 94896128,
            "99.500000" : 115867648,
            "99.900000" : 233832448,
            "99.950000" : 283115520,
            "99.990000" : 291504128
          }
        },
        "lat_ns" : {
          "min" : 375620,
          "max" : 291193948,
          "mean" : 51580027.378546,
          "stddev" : 14958988.070840,
          "N" : 148827
        },
        "bw_min" : 4544,
        "bw_max" : 13336,
        "bw_agg" : 100.000000,
        "bw_mean" : 9929.882353,
        "bw_dev" : 1873.155867,
        "bw_samples" : 119,
        "iops_min" : 1136,
        "iops_max" : 3334,
        "iops_mean" : 2482.470588,
        "iops_stddev" : 468.288967,
        "iops_samples" : 119
      },
      "write" : {
        "io_bytes" : 610246656,
        "io_kbytes" : 595944,
        "bw_bytes" : 10170608,
        "bw" : 9932,
        "iops" : 2483.058616,
        "runtime" : 60001,
        "total_ios" : 148986,
        "short_ios" : 0,
        "drop_ios" : 0,
        "slat_ns" : {
          "min" : 103277,
          "max" : 67131638,
          "mean" : 202384.767159,
          "stddev" : 289875.142977,
          "N" : 148986
        },
        "clat_ns" : {
          "min" : 6860,
          "max" : 290711914,
          "mean" : 51327125.642504,
          "stddev" : 14872771.339916,
          "N" : 148986,
          "percentile" : {
            "1.000000" : 35913728,
            "5.000000" : 38010880,
            "10.000000" : 39583744,
            "20.000000" : 41680896,
            "30.000000" : 43778048,
            "40.000000" : 45875200,
            "50.000000" : 47972352,
            "60.000000" : 50593792,
            "70.000000" : 54263808,
            "80.000000" : 58982400,
            "90.000000" : 65798144,
            "95.000000" : 72876032,
            "99.000000" : 94896128,
            "99.500000" : 116916224,
            "99.900000" : 233832448,
            "99.950000" : 278921216,
            "99.990000" : 291504128
          }
        },
        "lat_ns" : {
          "min" : 190464,
          "max" : 290976234,
          "mean" : 51529510.409663,
          "stddev" : 14923480.004477,
          "N" : 148986
        },
        "bw_min" : 5032,
        "bw_max" : 13360,
        "bw_agg" : 100.000000,
        "bw_mean" : 9942.991597,
        "bw_dev" : 1899.293015,
        "bw_samples" : 119,
        "iops_min" : 1258,
        "iops_max" : 3340,
        "iops_mean" : 2485.747899,
        "iops_stddev" : 474.823254,
        "iops_samples" : 119
      },
      "trim" : {
        "io_bytes" : 0,
        "io_kbytes" : 0,
        "bw_bytes" : 0,
        "bw" : 0,
        "iops" : 0.000000,
        "runtime" : 0,
        "total_ios" : 0,
        "short_ios" : 0,
        "drop_ios" : 0,
        "slat_ns" : {
          "min" : 0,
          "max" : 0,
          "mean" : 0.000000,
          "stddev" : 0.000000,
          "N" : 0
        },
        "clat_ns" : {
          "min" : 0,
          "max" : 0,
          "mean" : 0.000000,
          "stddev" : 0.000000,
          "N" : 0
        },
        "lat_ns" : {
          "min" : 0,
          "max" : 0,
          "mean" : 0.000000,
          "stddev" : 0.000000,
          "N" : 0
        },
        "bw_min" : 0,
        "bw_max" : 0,
        "bw_agg" : 0.000000,
        "bw_mean" : 0.000000,
        "bw_dev" : 0.000000,
        "bw_samples" : 0,
        "iops_min" : 0,
        "iops_max" : 0,
        "iops_mean" : 0.000000,
        "iops_stddev" : 0.000000,
        "iops_samples" : 0
      },
      "sync" : {
        "total_ios" : 0,
        "lat_ns" : {
          "min" : 0,
          "max" : 0,
          "mean" : 0.000000,
          "stddev" : 0.000000,
          "N" : 0
        }
      },
      "job_runtime" : 60000,
      "usr_cpu" : 2.675000,
      "sys_cpu" : 6.515000,
      "ctx" : 297821,
      "majf" : 0,
      "minf" : 17,
      "iodepth_level" : {
        "1" : 0.100000,
        "2" : 0.100000,
        "4" : 0.100000,
        "8" : 0.100000,
        "16" : 0.100000,
        "32" : 0.100000,
        ">=64" : 99.978846
      },
      "iodepth_submit" : {
        "0" : 0.000000,
        "4" : 100.000000,
        "8" : 0.000000,
        "16" : 0.000000,
        "32" : 0.000000,
        "64" : 0.000000,
        ">=64" : 0.000000
      },
      "iodepth_complete" : {
        "0" : 0.000000,
        "4" : 99.999664,
        "8" : 0.000000,
        "16" : 0.000000,
        "32" : 0.000000,
        "64" : 0.000000,
        ">=64" : 0.100000
      },
      "latency_ns" : {
        "2" : 0.000000,
        "4" : 0.000000,
        "10" : 0.000000,
        "20" : 0.000000,
        "50" : 0.000000,
        "100" : 0.000000,
        "250" : 0.000000,
        "500" : 0.000000,
        "750" : 0.000000,
        "1000" : 0.000000
      },
      "latency_us" : {
        "2" : 0.000000,
        "4" : 0.000000,
        "10" : 0.010000,
        "20" : 0.000000,
        "50" : 0.000000,
        "100" : 0.000000,
        "250" : 0.010000,
        "500" : 0.010000,
        "750" : 0.010000,
        "1000" : 0.010000
      },
      "latency_ms" : {
        "2" : 0.010000,
        "4" : 0.010000,
        "10" : 0.010000,
        "20" : 0.013095,
        "50" : 57.840658,
        "100" : 41.290004,
        "250" : 0.758194,
        "500" : 0.084617,
        "750" : 0.000000,
        "1000" : 0.000000,
        "2000" : 0.000000,
        ">=2000" : 0.000000
      },
      "latency_depth" : 256,
      "latency_target" : 0,
      "latency_percentile" : 100.000000,
      "latency_window" : 0
    }
  ]
}
