{
  "fio version" : "fio-3.36",
  "timestamp" : 1729393331,
  "timestamp_ms" : 1729393331915,
  "time" : "Sat Oct 19 23:02:11 2024",
  "jobs" : [
    {
      "jobname" : "benchmark_test",
      "groupid" : 0,
      "job_start" : 1729393268290,
      "error" : 0,
      "eta" : 0,
      "elapsed" : 61,
      "job options" : {
        "name" : "benchmark_test",
        "filename" : "/mnt/e/testfile",
        "size" : "500M",
        "rw" : "read",
        "bs" : "32k",
        "iodepth" : "256",
        "ioengine" : "libaio",
        "direct" : "1",
        "numjobs" : "1",
        "runtime" : "60"
      },
      "read" : {
        "io_bytes" : 6120112128,
        "io_kbytes" : 5976672,
        "bw_bytes" : 102000168,
        "bw" : 99609,
        "iops" : 3112.798120,
        "runtime" : 60001,
        "total_ios" : 186771,
        "short_ios" : 0,
        "drop_ios" : 0,
        "slat_ns" : {
          "min" : 121777,
          "max" : 360548637,
          "mean" : 316360.202371,
          "stddev" : 1462565.955369,
          "N" : 186771
        },
        "clat_ns" : {
          "min" : 4188,
          "max" : 1670871754,
          "mean" : 81873590.703380,
          "stddev" : 73162815.397157,
          "N" : 186771,
          "percentile" : {
            "1.000000" : 49020928,
            "5.000000" : 51642368,
            "10.000000" : 53215232,
            "20.000000" : 55836672,
            "30.000000" : 57933824,
            "40.000000" : 61079552,
            "50.000000" : 64749568,
            "60.000000" : 71827456,
            "70.000000" : 85458944,
            "80.000000" : 99090432,
            "90.000000" : 113770496,
            "95.000000" : 132644864,
            "99.000000" : 287309824,
            "99.500000" : 346030080,
            "99.900000" : 1551892480,
            "99.950000" : 1635778560,
            "99.990000" : 1669332992
          }
        },
        "lat_ns" : {
          "min" : 177889,
          "max" : 1672905110,
          "mean" : 82189950.905751,
          "stddev" : 73358480.449865,
          "N" : 186771
        },
        "bw_min" : 832,
        "bw_max" : 153408,
        "bw_agg" : 99.498503,
        "bw_mean" : 99110.184874,
        "bw_dev" : 39346.345109,
        "bw_samples" : 119,
        "iops_min" : 26,
        "iops_max" : 4794,
        "iops_mean" : 3097.193277,
        "iops_stddev" : 1229.573285,
        "iops_samples" : 119
      },
      "write" : {
        "io_bytes" : 0,
        "io_kbytes" : 0,
        "bw_bytes" : 0,
        "bw" : 0,
        "iops" : 0.000000,
        "runtime" : 0,
        "total_ios" : 0,
        "short_ios" : 0,
        "drop_ios" : 0,
        "slat_ns" : {
          "min" : 0,
          "max" : 0,
          "mean" : 0.000000,
          "stddev" : 0.000000,
          "N" : 0
        },
        "clat_ns" : {
          "min" : 0,
          "max" : 0,
          "mean" : 0.000000,
          "stddev" : 0.000000,
          "N" : 0
        },
        "lat_ns" : {
          "min" : 0,
          "max" : 0,
          "mean" : 0.000000,
          "stddev" : 0.000000,
          "N" : 0
        },
        "bw_min" : 0,
        "bw_max" : 0,
        "bw_agg" : 0.000000,
        "bw_mean" : 0.000000,
        "bw_dev" : 0.000000,
        "bw_samples" : 0,
        "iops_min" : 0,
        "iops_max" : 0,
        "iops_mean" : 0.000000,
        "iops_stddev" : 0.000000,
        "iops_samples" : 0
      },
      "trim" : {
        "io_bytes" : 0,
        "io_kbytes" : 0,
        "bw_bytes" : 0,
        "bw" : 0,
        "iops" : 0.000000,
        "runtime" : 0,
        "total_ios" : 0,
        "short_ios" : 0,
        "drop_ios" : 0,
        "slat_ns" : {
          "min" : 0,
          "max" : 0,
          "mean" : 0.000000,
          "stddev" : 0.000000,
          "N" : 0
        },
        "clat_ns" : {
          "min" : 0,
          "max" : 0,
          "mean" : 0.000000,
          "stddev" : 0.000000,
          "N" : 0
        },
        "lat_ns" : {
          "min" : 0,
          "max" : 0,
          "mean" : 0.000000,
          "stddev" : 0.000000,
          "N" : 0
        },
        "bw_min" : 0,
        "bw_max" : 0,
        "bw_agg" : 0.000000,
        "bw_mean" : 0.000000,
        "bw_dev" : 0.000000,
        "bw_samples" : 0,
        "iops_min" : 0,
        "iops_max" : 0,
        "iops_mean" : 0.000000,
        "iops_stddev" : 0.000000,
        "iops_samples" : 0
      },
      "sync" : {
        "total_ios" : 0,
        "lat_ns" : {
          "min" : 0,
          "max" : 0,
          "mean" : 0.000000,
          "stddev" : 0.000000,
          "N" : 0
        }
      },
      "job_runtime" : 60000,
      "usr_cpu" : 2.166667,
      "sys_cpu" : 7.545000,
      "ctx" : 186777,
      "majf" : 0,
      "minf" : 2061,
      "iodepth_level" : {
        "1" : 0.100000,
        "2" : 0.100000,
        "4" : 0.100000,
        "8" : 0.100000,
        "16" : 0.100000,
        "32" : 0.100000,
        ">=64" : 99.966269
      },
      "iodepth_submit" : {
        "0" : 0.000000,
        "4" : 100.000000,
        "8" : 0.000000,
        "16" : 0.000000,
        "32" : 0.000000,
        "64" : 0.000000,
        ">=64" : 0.000000
      },
      "iodepth_complete" : {
        "0" : 0.000000,
        "4" : 99.999464,
        "8" : 0.000000,
        "16" : 0.000000,
        "32" : 0.000000,
        "64" : 0.000000,
        ">=64" : 0.100000
      },
      "latency_ns" : {
        "2" : 0.000000,
        "4" : 0.000000,
        "10" : 0.000000,
        "20" : 0.000000,
        "50" : 0.000000,
        "100" : 0.000000,
        "250" : 0.000000,
        "500" : 0.000000,
        "750" : 0.000000,
        "1000" : 0.000000
      },
      "latency_us" : {
        "2" : 0.000000,
        "4" : 0.000000,
        "10" : 0.010000,
        "20" : 0.000000,
        "50" : 0.000000,
        "100" : 0.000000,
        "250" : 0.010000,
        "500" : 0.010000,
        "750" : 0.010000,
        "1000" : 0.010000
      },
      "latency_ms" : {
        "2" : 0.010000,
        "4" : 0.010000,
        "10" : 0.016062,
        "20" : 0.027306,
        "50" : 2.153975,
        "100" : 78.467214,
        "250" : 17.955678,
        "500" : 0.950897,
        "750" : 0.238795,
        "1000" : 0.042833,
        "2000" : 0.136531,
        ">=2000" : 0.000000
      },
      "latency_depth" : 256,
      "latency_target" : 0,
      "latency_percentile" : 100.000000,
      "latency_window" : 0
    }
  ]
}
