{
  "fio version" : "fio-3.36",
  "timestamp" : 1729388714,
  "timestamp_ms" : 1729388714221,
  "time" : "Sat Oct 19 21:45:14 2024",
  "jobs" : [
    {
      "jobname" : "benchmark_test",
      "groupid" : 0,
      "job_start" : 1729388650886,
      "error" : 0,
      "eta" : 0,
      "elapsed" : 61,
      "job options" : {
        "name" : "benchmark_test",
        "filename" : "/mnt/e/testfile",
        "size" : "500M",
        "rw" : "read",
        "bs" : "4k",
        "iodepth" : "16",
        "ioengine" : "libaio",
        "direct" : "1",
        "numjobs" : "1",
        "runtime" : "60"
      },
      "read" : {
        "io_bytes" : 1135161344,
        "io_kbytes" : 1108556,
        "bw_bytes" : 18919040,
        "bw" : 18475,
        "iops" : 4618.906352,
        "runtime" : 60001,
        "total_ios" : 277139,
        "short_ios" : 0,
        "drop_ios" : 0,
        "slat_ns" : {
          "min" : 90731,
          "max" : 87967431,
          "mean" : 212784.692959,
          "stddev" : 361905.906665,
          "N" : 277139
        },
        "clat_ns" : {
          "min" : 2343,
          "max" : 138734689,
          "mean" : 3249349.086289,
          "stddev" : 2551594.787344,
          "N" : 277139,
          "percentile" : {
            "1.000000" : 1810432,
            "5.000000" : 1941504,
            "10.000000" : 2056192,
            "20.000000" : 2277376,
            "30.000000" : 2441216,
            "40.000000" : 2605056,
            "50.000000" : 2801664,
            "60.000000" : 3031040,
            "70.000000" : 3325952,
            "80.000000" : 3719168,
            "90.000000" : 4554752,
            "95.000000" : 5734400,
            "99.000000" : 9633792,
            "99.500000" : 12910592,
            "99.900000" : 31588352,
            "99.950000" : 51642368,
            "99.990000" : 108527616
          }
        },
        "lat_ns" : {
          "min" : 121446,
          "max" : 139231848,
          "mean" : 3462133.779248,
          "stddev" : 2681186.652934,
          "N" : 277139
        },
        "bw_min" : 1720,
        "bw_max" : 27464,
        "bw_agg" : 99.893779,
        "bw_mean" : 18456.588235,
        "bw_dev" : 5754.310850,
        "bw_samples" : 119,
        "iops_min" : 430,
        "iops_max" : 6866,
        "iops_mean" : 4614.134454,
        "iops_stddev" : 1438.588243,
        "iops_samples" : 119
      },
      "write" : {
        "io_bytes" : 0,
        "io_kbytes" : 0,
        "bw_bytes" : 0,
        "bw" : 0,
        "iops" : 0.000000,
        "runtime" : 0,
        "total_ios" : 0,
        "short_ios" : 0,
        "drop_ios" : 0,
        "slat_ns" : {
          "min" : 0,
          "max" : 0,
          "mean" : 0.000000,
          "stddev" : 0.000000,
          "N" : 0
        },
        "clat_ns" : {
          "min" : 0,
          "max" : 0,
          "mean" : 0.000000,
          "stddev" : 0.000000,
          "N" : 0
        },
        "lat_ns" : {
          "min" : 0,
          "max" : 0,
          "mean" : 0.000000,
          "stddev" : 0.000000,
          "N" : 0
        },
        "bw_min" : 0,
        "bw_max" : 0,
        "bw_agg" : 0.000000,
        "bw_mean" : 0.000000,
        "bw_dev" : 0.000000,
        "bw_samples" : 0,
        "iops_min" : 0,
        "iops_max" : 0,
        "iops_mean" : 0.000000,
        "iops_stddev" : 0.000000,
        "iops_samples" : 0
      },
      "trim" : {
        "io_bytes" : 0,
        "io_kbytes" : 0,
        "bw_bytes" : 0,
        "bw" : 0,
        "iops" : 0.000000,
        "runtime" : 0,
        "total_ios" : 0,
        "short_ios" : 0,
        "drop_ios" : 0,
        "slat_ns" : {
          "min" : 0,
          "max" : 0,
          "mean" : 0.000000,
          "stddev" : 0.000000,
          "N" : 0
        },
        "clat_ns" : {
          "min" : 0,
          "max" : 0,
          "mean" : 0.000000,
          "stddev" : 0.000000,
          "N" : 0
        },
        "lat_ns" : {
          "min" : 0,
          "max" : 0,
          "mean" : 0.000000,
          "stddev" : 0.000000,
          "N" : 0
        },
        "bw_min" : 0,
        "bw_max" : 0,
        "bw_agg" : 0.000000,
        "bw_mean" : 0.000000,
        "bw_dev" : 0.000000,
        "bw_samples" : 0,
        "iops_min" : 0,
        "iops_max" : 0,
        "iops_mean" : 0.000000,
        "iops_stddev" : 0.000000,
        "iops_samples" : 0
      },
      "sync" : {
        "total_ios" : 0,
        "lat_ns" : {
          "min" : 0,
          "max" : 0,
          "mean" : 0.000000,
          "stddev" : 0.000000,
          "N" : 0
        }
      },
      "job_runtime" : 60000,
      "usr_cpu" : 2.405000,
      "sys_cpu" : 5.988333,
      "ctx" : 277146,
      "majf" : 0,
      "minf" : 27,
      "iodepth_level" : {
        "1" : 0.100000,
        "2" : 0.100000,
        "4" : 0.100000,
        "8" : 0.100000,
        "16" : 99.994588,
        "32" : 0.000000,
        ">=64" : 0.000000
      },
      "iodepth_submit" : {
        "0" : 0.000000,
        "4" : 100.000000,
        "8" : 0.000000,
        "16" : 0.000000,
        "32" : 0.000000,
        "64" : 0.000000,
        ">=64" : 0.000000
      },
      "iodepth_complete" : {
        "0" : 0.000000,
        "4" : 99.999639,
        "8" : 0.000000,
        "16" : 0.100000,
        "32" : 0.000000,
        "64" : 0.000000,
        ">=64" : 0.000000
      },
      "latency_ns" : {
        "2" : 0.000000,
        "4" : 0.000000,
        "10" : 0.000000,
        "20" : 0.000000,
        "50" : 0.000000,
        "100" : 0.000000,
        "250" : 0.000000,
        "500" : 0.000000,
        "750" : 0.000000,
        "1000" : 0.000000
      },
      "latency_us" : {
        "2" : 0.000000,
        "4" : 0.010000,
        "10" : 0.000000,
        "20" : 0.000000,
        "50" : 0.000000,
        "100" : 0.000000,
        "250" : 0.010000,
        "500" : 0.010000,
        "750" : 0.010000,
        "1000" : 0.010000
      },
      "latency_ms" : {
        "2" : 7.289483,
        "4" : 77.402314,
        "10" : 14.385200,
        "20" : 0.723103,
        "50" : 0.142528,
        "100" : 0.042217,
        "250" : 0.012629,
        "500" : 0.000000,
        "750" : 0.000000,
        "1000" : 0.000000,
        "2000" : 0.000000,
        ">=2000" : 0.000000
      },
      "latency_depth" : 16,
      "latency_target" : 0,
      "latency_percentile" : 100.000000,
      "latency_window" : 0
    }
  ]
}
