{
  "fio version" : "fio-3.36",
  "timestamp" : 1729388777,
  "timestamp_ms" : 1729388777904,
  "time" : "Sat Oct 19 21:46:17 2024",
  "jobs" : [
    {
      "jobname" : "benchmark_test",
      "groupid" : 0,
      "job_start" : 1729388714494,
      "error" : 0,
      "eta" : 0,
      "elapsed" : 61,
      "job options" : {
        "name" : "benchmark_test",
        "filename" : "/mnt/e/testfile",
        "size" : "500M",
        "rw" : "write",
        "bs" : "4k",
        "iodepth" : "16",
        "ioengine" : "libaio",
        "direct" : "1",
        "numjobs" : "1",
        "runtime" : "60"
      },
      "read" : {
        "io_bytes" : 0,
        "io_kbytes" : 0,
        "bw_bytes" : 0,
        "bw" : 0,
        "iops" : 0.000000,
        "runtime" : 0,
        "total_ios" : 0,
        "short_ios" : 0,
        "drop_ios" : 0,
        "slat_ns" : {
          "min" : 0,
          "max" : 0,
          "mean" : 0.000000,
          "stddev" : 0.000000,
          "N" : 0
        },
        "clat_ns" : {
          "min" : 0,
          "max" : 0,
          "mean" : 0.000000,
          "stddev" : 0.000000,
          "N" : 0
        },
        "lat_ns" : {
          "min" : 0,
          "max" : 0,
          "mean" : 0.000000,
          "stddev" : 0.000000,
          "N" : 0
        },
        "bw_min" : 0,
        "bw_max" : 0,
        "bw_agg" : 0.000000,
        "bw_mean" : 0.000000,
        "bw_dev" : 0.000000,
        "bw_samples" : 0,
        "iops_min" : 0,
        "iops_max" : 0,
        "iops_mean" : 0.000000,
        "iops_stddev" : 0.000000,
        "iops_samples" : 0
      },
      "write" : {
        "io_bytes" : 778899456,
        "io_kbytes" : 760644,
        "bw_bytes" : 12981441,
        "bw" : 12677,
        "iops" : 3169.297178,
        "runtime" : 60001,
        "total_ios" : 190161,
        "short_ios" : 0,
        "drop_ios" : 0,
        "slat_ns" : {
          "min" : 77750,
          "max" : 268398250,
          "mean" : 309042.832305,
          "stddev" : 941422.907396,
          "N" : 190161
        },
        "clat_ns" : {
          "min" : 3652,
          "max" : 333077215,
          "mean" : 4736415.648398,
          "stddev" : 5942815.446501,
          "N" : 190161,
          "percentile" : {
            "1.000000" : 1990656,
            "5.000000" : 2211840,
            "10.000000" : 2408448,
            "20.000000" : 2801664,
            "30.000000" : 3260416,
            "40.000000" : 3719168,
            "50.000000" : 4227072,
            "60.000000" : 4620288,
            "70.000000" : 5013504,
            "80.000000" : 5406720,
            "90.000000" : 6258688,
            "95.000000" : 7634944,
            "99.000000" : 17956864,
            "99.500000" : 28180480,
            "99.900000" : 77070336,
            "99.950000" : 121110528,
            "99.990000" : 229638144
          }
        },
        "lat_ns" : {
          "min" : 172497,
          "max" : 333504638,
          "mean" : 5045458.480703,
          "stddev" : 6209927.071557,
          "N" : 190161
        },
        "bw_min" : 2160,
        "bw_max" : 25576,
        "bw_agg" : 99.485781,
        "bw_mean" : 12612.613445,
        "bw_dev" : 5202.840753,
        "bw_samples" : 119,
        "iops_min" : 540,
        "iops_max" : 6394,
        "iops_mean" : 3153.033613,
        "iops_stddev" : 1300.635079,
        "iops_samples" : 119
      },
      "trim" : {
        "io_bytes" : 0,
        "io_kbytes" : 0,
        "bw_bytes" : 0,
        "bw" : 0,
        "iops" : 0.000000,
        "runtime" : 0,
        "total_ios" : 0,
        "short_ios" : 0,
        "drop_ios" : 0,
        "slat_ns" : {
          "min" : 0,
          "max" : 0,
          "mean" : 0.000000,
          "stddev" : 0.000000,
          "N" : 0
        },
        "clat_ns" : {
          "min" : 0,
          "max" : 0,
          "mean" : 0.000000,
          "stddev" : 0.000000,
          "N" : 0
        },
        "lat_ns" : {
          "min" : 0,
          "max" : 0,
          "mean" : 0.000000,
          "stddev" : 0.000000,
          "N" : 0
        },
        "bw_min" : 0,
        "bw_max" : 0,
        "bw_agg" : 0.000000,
        "bw_mean" : 0.000000,
        "bw_dev" : 0.000000,
        "bw_samples" : 0,
        "iops_min" : 0,
        "iops_max" : 0,
        "iops_mean" : 0.000000,
        "iops_stddev" : 0.000000,
        "iops_samples" : 0
      },
      "sync" : {
        "total_ios" : 0,
        "lat_ns" : {
          "min" : 0,
          "max" : 0,
          "mean" : 0.000000,
          "stddev" : 0.000000,
          "N" : 0
        }
      },
      "job_runtime" : 60000,
      "usr_cpu" : 3.053333,
      "sys_cpu" : 6.450000,
      "ctx" : 190167,
      "majf" : 0,
      "minf" : 14,
      "iodepth_level" : {
        "1" : 0.100000,
        "2" : 0.100000,
        "4" : 0.100000,
        "8" : 0.100000,
        "16" : 99.992112,
        "32" : 0.000000,
        ">=64" : 0.000000
      },
      "iodepth_submit" : {
        "0" : 0.000000,
        "4" : 100.000000,
        "8" : 0.000000,
        "16" : 0.000000,
        "32" : 0.000000,
        "64" : 0.000000,
        ">=64" : 0.000000
      },
      "iodepth_complete" : {
        "0" : 0.000000,
        "4" : 99.999474,
        "8" : 0.000000,
        "16" : 0.100000,
        "32" : 0.000000,
        "64" : 0.000000,
        ">=64" : 0.000000
      },
      "latency_ns" : {
        "2" : 0.000000,
        "4" : 0.000000,
        "10" : 0.000000,
        "20" : 0.000000,
        "50" : 0.000000,
        "100" : 0.000000,
        "250" : 0.000000,
        "500" : 0.000000,
        "750" : 0.000000,
        "1000" : 0.000000
      },
      "latency_us" : {
        "2" : 0.000000,
        "4" : 0.010000,
        "10" : 0.000000,
        "20" : 0.000000,
        "50" : 0.000000,
        "100" : 0.000000,
        "250" : 0.010000,
        "500" : 0.010000,
        "750" : 0.010000,
        "1000" : 0.010000
      },
      "latency_ms" : {
        "2" : 1.050163,
        "4" : 44.650586,
        "10" : 51.471122,
        "20" : 2.023548,
        "50" : 0.583190,
        "100" : 0.143563,
        "250" : 0.066260,
        "500" : 0.010000,
        "750" : 0.000000,
        "1000" : 0.000000,
        "2000" : 0.000000,
        ">=2000" : 0.000000
      },
      "latency_depth" : 16,
      "latency_target" : 0,
      "latency_percentile" : 100.000000,
      "latency_window" : 0
    }
  ]
}
