{
  "fio version" : "fio-3.36",
  "timestamp" : 1729392497,
  "timestamp_ms" : 1729392497749,
  "time" : "Sat Oct 19 22:48:17 2024",
  "jobs" : [
    {
      "jobname" : "benchmark_test",
      "groupid" : 0,
      "job_start" : 1729392434377,
      "error" : 0,
      "eta" : 0,
      "elapsed" : 61,
      "job options" : {
        "name" : "benchmark_test",
        "filename" : "/mnt/e/testfile",
        "size" : "500M",
        "rw" : "randrw",
        "bs" : "32k",
        "iodepth" : "1",
        "ioengine" : "libaio",
        "direct" : "1",
        "numjobs" : "1",
        "runtime" : "60"
      },
      "read" : {
        "io_bytes" : 3680174080,
        "io_kbytes" : 3593920,
        "bw_bytes" : 61335212,
        "bw" : 59897,
        "iops" : 1871.802137,
        "runtime" : 60001,
        "total_ios" : 112310,
        "short_ios" : 0,
        "drop_ios" : 0,
        "slat_ns" : {
          "min" : 128333,
          "max" : 13246130,
          "mean" : 247388.193981,
          "stddev" : 127074.107270,
          "N" : 112310
        },
        "clat_ns" : {
          "min" : 797,
          "max" : 283884,
          "mean" : 2008.081026,
          "stddev" : 2291.641717,
          "N" : 112310,
          "percentile" : {
            "1.000000" : 868,
            "5.000000" : 908,
            "10.000000" : 956,
            "20.000000" : 1032,
            "30.000000" : 1192,
            "40.000000" : 1336,
            "50.000000" : 1464,
            "60.000000" : 1672,
            "70.000000" : 2096,
            "80.000000" : 2672,
            "90.000000" : 3312,
            "95.000000" : 4320,
            "99.000000" : 7968,
            "99.500000" : 10560,
            "99.900000" : 26240,
            "99.950000" : 37120,
            "99.990000" : 71168
          }
        },
        "lat_ns" : {
          "min" : 129228,
          "max" : 13259803,
          "mean" : 249396.275007,
          "stddev" : 127930.678517,
          "N" : 112310
        },
        "bw_min" : 20566,
        "bw_max" : 70131,
        "bw_agg" : 100.000000,
        "bw_mean" : 60193.815126,
        "bw_dev" : 11114.251297,
        "bw_samples" : 119,
        "iops_min" : 642,
        "iops_max" : 2191,
        "iops_mean" : 1880.857143,
        "iops_stddev" : 347.262083,
        "iops_samples" : 119
      },
      "write" : {
        "io_bytes" : 3671097344,
        "io_kbytes" : 3585056,
        "bw_bytes" : 61183936,
        "bw" : 59749,
        "iops" : 1867.185547,
        "runtime" : 60001,
        "total_ios" : 112033,
        "short_ios" : 0,
        "drop_ios" : 0,
        "slat_ns" : {
          "min" : 152269,
          "max" : 31897770,
          "mean" : 279428.349799,
          "stddev" : 213605.151640,
          "N" : 112033
        },
        "clat_ns" : {
          "min" : 840,
          "max" : 302912,
          "mean" : 2308.423482,
          "stddev" : 2621.715467,
          "N" : 112033,
          "percentile" : {
            "1.000000" : 940,
            "5.000000" : 1004,
            "10.000000" : 1064,
            "20.000000" : 1192,
            "30.000000" : 1384,
            "40.000000" : 1576,
            "50.000000" : 1768,
            "60.000000" : 2096,
            "70.000000" : 2544,
            "80.000000" : 2960,
            "90.000000" : 3664,
            "95.000000" : 4896,
            "99.000000" : 8896,
            "99.500000" : 11840,
            "99.900000" : 26752,
            "99.950000" : 40704,
            "99.990000" : 82432
          }
        },
        "lat_ns" : {
          "min" : 153480,
          "max" : 31912258,
          "mean" : 281736.773281,
          "stddev" : 214321.313962,
          "N" : 112033
        },
        "bw_min" : 21440,
        "bw_max" : 70323,
        "bw_agg" : 100.000000,
        "bw_mean" : 60028.714286,
        "bw_dev" : 11208.717522,
        "bw_samples" : 119,
        "iops_min" : 670,
        "iops_max" : 2197,
        "iops_mean" : 1875.697479,
        "iops_stddev" : 350.210071,
        "iops_samples" : 119
      },
      "trim" : {
        "io_bytes" : 0,
        "io_kbytes" : 0,
        "bw_bytes" : 0,
        "bw" : 0,
        "iops" : 0.000000,
        "runtime" : 0,
        "total_ios" : 0,
        "short_ios" : 0,
        "drop_ios" : 0,
        "slat_ns" : {
          "min" : 0,
          "max" : 0,
          "mean" : 0.000000,
          "stddev" : 0.000000,
          "N" : 0
        },
        "clat_ns" : {
          "min" : 0,
          "max" : 0,
          "mean" : 0.000000,
          "stddev" : 0.000000,
          "N" : 0
        },
        "lat_ns" : {
          "min" : 0,
          "max" : 0,
          "mean" : 0.000000,
          "stddev" : 0.000000,
          "N" : 0
        },
        "bw_min" : 0,
        "bw_max" : 0,
        "bw_agg" : 0.000000,
        "bw_mean" : 0.000000,
        "bw_dev" : 0.000000,
        "bw_samples" : 0,
        "iops_min" : 0,
        "iops_max" : 0,
        "iops_mean" : 0.000000,
        "iops_stddev" : 0.000000,
        "iops_samples" : 0
      },
      "sync" : {
        "total_ios" : 0,
        "lat_ns" : {
          "min" : 0,
          "max" : 0,
          "mean" : 0.000000,
          "stddev" : 0.000000,
          "N" : 0
        }
      },
      "job_runtime" : 60000,
      "usr_cpu" : 2.171667,
      "sys_cpu" : 6.605000,
      "ctx" : 224347,
      "majf" : 0,
      "minf" : 12,
      "iodepth_level" : {
        "1" : 100.000000,
        "2" : 0.000000,
        "4" : 0.000000,
        "8" : 0.000000,
        "16" : 0.000000,
        "32" : 0.000000,
        ">=64" : 0.000000
      },
      "iodepth_submit" : {
        "0" : 0.000000,
        "4" : 100.000000,
        "8" : 0.000000,
        "16" : 0.000000,
        "32" : 0.000000,
        "64" : 0.000000,
        ">=64" : 0.000000
      },
      "iodepth_complete" : {
        "0" : 0.000000,
        "4" : 100.000000,
        "8" : 0.000000,
        "16" : 0.000000,
        "32" : 0.000000,
        "64" : 0.000000,
        ">=64" : 0.000000
      },
      "latency_ns" : {
        "2" : 0.000000,
        "4" : 0.000000,
        "10" : 0.000000,
        "20" : 0.000000,
        "50" : 0.000000,
        "100" : 0.000000,
        "250" : 0.000000,
        "500" : 0.000000,
        "750" : 0.000000,
        "1000" : 10.315900
      },
      "latency_us" : {
        "2" : 52.846311,
        "4" : 29.848491,
        "10" : 6.346532,
        "20" : 0.474274,
        "50" : 0.139519,
        "100" : 0.023625,
        "250" : 0.010000,
        "500" : 0.010000,
        "750" : 0.000000,
        "1000" : 0.000000
      },
      "latency_ms" : {
        "2" : 0.000000,
        "4" : 0.000000,
        "10" : 0.000000,
        "20" : 0.000000,
        "50" : 0.000000,
        "100" : 0.000000,
        "250" : 0.000000,
        "500" : 0.000000,
        "750" : 0.000000,
        "1000" : 0.000000,
        "2000" : 0.000000,
        ">=2000" : 0.000000
      },
      "latency_depth" : 1,
      "latency_target" : 0,
      "latency_percentile" : 100.000000,
      "latency_window" : 0
    }
  ]
}
