{
  "fio version" : "fio-3.36",
  "timestamp" : 1729393906,
  "timestamp_ms" : 1729393906189,
  "time" : "Sat Oct 19 23:11:46 2024",
  "jobs" : [
    {
      "jobname" : "benchmark_test",
      "groupid" : 0,
      "job_start" : 1729393842611,
      "error" : 0,
      "eta" : 0,
      "elapsed" : 61,
      "job options" : {
        "name" : "benchmark_test",
        "filename" : "/mnt/e/testfile",
        "size" : "500M",
        "rw" : "randwrite",
        "bs" : "32k",
        "iodepth" : "1024",
        "ioengine" : "libaio",
        "direct" : "1",
        "numjobs" : "1",
        "runtime" : "60"
      },
      "read" : {
        "io_bytes" : 0,
        "io_kbytes" : 0,
        "bw_bytes" : 0,
        "bw" : 0,
        "iops" : 0.000000,
        "runtime" : 0,
        "total_ios" : 0,
        "short_ios" : 0,
        "drop_ios" : 0,
        "slat_ns" : {
          "min" : 0,
          "max" : 0,
          "mean" : 0.000000,
          "stddev" : 0.000000,
          "N" : 0
        },
        "clat_ns" : {
          "min" : 0,
          "max" : 0,
          "mean" : 0.000000,
          "stddev" : 0.000000,
          "N" : 0
        },
        "lat_ns" : {
          "min" : 0,
          "max" : 0,
          "mean" : 0.000000,
          "stddev" : 0.000000,
          "N" : 0
        },
        "bw_min" : 0,
        "bw_max" : 0,
        "bw_agg" : 0.000000,
        "bw_mean" : 0.000000,
        "bw_dev" : 0.000000,
        "bw_samples" : 0,
        "iops_min" : 0,
        "iops_max" : 0,
        "iops_mean" : 0.000000,
        "iops_stddev" : 0.000000,
        "iops_samples" : 0
      },
      "write" : {
        "io_bytes" : 5165613056,
        "io_kbytes" : 5044544,
        "bw_bytes" : 86092116,
        "bw" : 84074,
        "iops" : 2627.322878,
        "runtime" : 60001,
        "total_ios" : 157642,
        "short_ios" : 0,
        "drop_ios" : 0,
        "slat_ns" : {
          "min" : 184405,
          "max" : 59230602,
          "mean" : 373709.774223,
          "stddev" : 497092.107067,
          "N" : 157642
        },
        "clat_ns" : {
          "min" : 16493,
          "max" : 1299370016,
          "mean" : 387221149.508753,
          "stddev" : 123674202.667214,
          "N" : 157642,
          "percentile" : {
            "1.000000" : 287309824,
            "5.000000" : 295698432,
            "10.000000" : 299892736,
            "20.000000" : 308281344,
            "30.000000" : 316669952,
            "40.000000" : 325058560,
            "50.000000" : 341835776,
            "60.000000" : 375390208,
            "70.000000" : 404750336,
            "80.000000" : 438304768,
            "90.000000" : 501219328,
            "95.000000" : 633339904,
            "99.000000" : 893386752,
            "99.500000" : 1035993088,
            "99.900000" : 1283457024,
            "99.950000" : 1300234240,
            "99.990000" : 1300234240
          }
        },
        "lat_ns" : {
          "min" : 342740,
          "max" : 1300062194,
          "mean" : 387594859.282983,
          "stddev" : 123774640.984413,
          "N" : 157642
        },
        "bw_min" : 9664,
        "bw_max" : 112896,
        "bw_agg" : 100.000000,
        "bw_mean" : 84293.669492,
        "bw_dev" : 21833.788855,
        "bw_samples" : 118,
        "iops_min" : 302,
        "iops_max" : 3528,
        "iops_mean" : 2633.940678,
        "iops_stddev" : 682.276848,
        "iops_samples" : 118
      },
      "trim" : {
        "io_bytes" : 0,
        "io_kbytes" : 0,
        "bw_bytes" : 0,
        "bw" : 0,
        "iops" : 0.000000,
        "runtime" : 0,
        "total_ios" : 0,
        "short_ios" : 0,
        "drop_ios" : 0,
        "slat_ns" : {
          "min" : 0,
          "max" : 0,
          "mean" : 0.000000,
          "stddev" : 0.000000,
          "N" : 0
        },
        "clat_ns" : {
          "min" : 0,
          "max" : 0,
          "mean" : 0.000000,
          "stddev" : 0.000000,
          "N" : 0
        },
        "lat_ns" : {
          "min" : 0,
          "max" : 0,
          "mean" : 0.000000,
          "stddev" : 0.000000,
          "N" : 0
        },
        "bw_min" : 0,
        "bw_max" : 0,
        "bw_agg" : 0.000000,
        "bw_mean" : 0.000000,
        "bw_dev" : 0.000000,
        "bw_samples" : 0,
        "iops_min" : 0,
        "iops_max" : 0,
        "iops_mean" : 0.000000,
        "iops_stddev" : 0.000000,
        "iops_samples" : 0
      },
      "sync" : {
        "total_ios" : 0,
        "lat_ns" : {
          "min" : 0,
          "max" : 0,
          "mean" : 0.000000,
          "stddev" : 0.000000,
          "N" : 0
        }
      },
      "job_runtime" : 60000,
      "usr_cpu" : 2.586667,
      "sys_cpu" : 7.360000,
      "ctx" : 157648,
      "majf" : 0,
      "minf" : 12,
      "iodepth_level" : {
        "1" : 0.100000,
        "2" : 0.100000,
        "4" : 0.100000,
        "8" : 0.100000,
        "16" : 0.100000,
        "32" : 0.100000,
        ">=64" : 99.960036
      },
      "iodepth_submit" : {
        "0" : 0.000000,
        "4" : 100.000000,
        "8" : 0.000000,
        "16" : 0.000000,
        "32" : 0.000000,
        "64" : 0.000000,
        ">=64" : 0.000000
      },
      "iodepth_complete" : {
        "0" : 0.000000,
        "4" : 99.999362,
        "8" : 0.000000,
        "16" : 0.000000,
        "32" : 0.000000,
        "64" : 0.000000,
        ">=64" : 0.100000
      },
      "latency_ns" : {
        "2" : 0.000000,
        "4" : 0.000000,
        "10" : 0.000000,
        "20" : 0.000000,
        "50" : 0.000000,
        "100" : 0.000000,
        "250" : 0.000000,
        "500" : 0.000000,
        "750" : 0.000000,
        "1000" : 0.000000
      },
      "latency_us" : {
        "2" : 0.000000,
        "4" : 0.000000,
        "10" : 0.000000,
        "20" : 0.010000,
        "50" : 0.000000,
        "100" : 0.000000,
        "250" : 0.000000,
        "500" : 0.010000,
        "750" : 0.010000,
        "1000" : 0.010000
      },
      "latency_ms" : {
        "2" : 0.010000,
        "4" : 0.010000,
        "10" : 0.010150,
        "20" : 0.017127,
        "50" : 0.047576,
        "100" : 0.069144,
        "250" : 0.252471,
        "500" : 89.556717,
        "750" : 7.276614,
        "1000" : 2.203093,
        "2000" : 0.559496,
        ">=2000" : 0.000000
      },
      "latency_depth" : 1024,
      "latency_target" : 0,
      "latency_percentile" : 100.000000,
      "latency_window" : 0
    }
  ]
}
