{
  "fio version" : "fio-3.36",
  "timestamp" : 1729394808,
  "timestamp_ms" : 1729394808801,
  "time" : "Sat Oct 19 23:26:48 2024",
  "jobs" : [
    {
      "jobname" : "benchmark_test",
      "groupid" : 0,
      "job_start" : 1729394744951,
      "error" : 0,
      "eta" : 0,
      "elapsed" : 61,
      "job options" : {
        "name" : "benchmark_test",
        "filename" : "/mnt/e/testfile",
        "size" : "500M",
        "rw" : "randrw",
        "bs" : "128k",
        "iodepth" : "16",
        "ioengine" : "libaio",
        "direct" : "1",
        "numjobs" : "1",
        "runtime" : "60"
      },
      "read" : {
        "io_bytes" : 3723231232,
        "io_kbytes" : 3635968,
        "bw_bytes" : 62052819,
        "bw" : 60598,
        "iops" : 473.425443,
        "runtime" : 60001,
        "total_ios" : 28406,
        "short_ios" : 0,
        "drop_ios" : 0,
        "slat_ns" : {
          "min" : 558168,
          "max" : 43483863,
          "mean" : 966040.449870,
          "stddev" : 415190.562204,
          "N" : 28406
        },
        "clat_ns" : {
          "min" : 1060796,
          "max" : 362896754,
          "mean" : 15860622.956418,
          "stddev" : 6848016.898826,
          "N" : 28406,
          "percentile" : {
            "1.000000" : 11993088,
            "5.000000" : 12648448,
            "10.000000" : 13041664,
            "20.000000" : 13434880,
            "30.000000" : 13959168,
            "40.000000" : 14352384,
            "50.000000" : 14876672,
            "60.000000" : 15400960,
            "70.000000" : 16318464,
            "80.000000" : 17432576,
            "90.000000" : 19791872,
            "95.000000" : 22151168,
            "99.000000" : 26869760,
            "99.500000" : 28704768,
            "99.900000" : 37486592,
            "99.950000" : 66846720,
            "99.990000" : 362807296
          }
        },
        "lat_ns" : {
          "min" : 1879596,
          "max" : 364765219,
          "mean" : 16826663.406287,
          "stddev" : 7011552.233313,
          "N" : 28406
        },
        "bw_min" : 23296,
        "bw_max" : 75776,
        "bw_agg" : 100.000000,
        "bw_mean" : 60707.268908,
        "bw_dev" : 8791.133024,
        "bw_samples" : 119,
        "iops_min" : 182,
        "iops_max" : 592,
        "iops_mean" : 474.075630,
        "iops_stddev" : 68.673035,
        "iops_samples" : 119
      },
      "write" : {
        "io_bytes" : 3724148736,
        "io_kbytes" : 3636864,
        "bw_bytes" : 62068111,
        "bw" : 60613,
        "iops" : 473.542108,
        "runtime" : 60001,
        "total_ios" : 28413,
        "short_ios" : 0,
        "drop_ios" : 0,
        "slat_ns" : {
          "min" : 588150,
          "max" : 110703827,
          "mean" : 1126862.684053,
          "stddev" : 995747.235897,
          "N" : 28413
        },
        "clat_ns" : {
          "min" : 6229,
          "max" : 363014847,
          "mean" : 15823343.895928,
          "stddev" : 5587398.332066,
          "N" : 28413,
          "percentile" : {
            "1.000000" : 11993088,
            "5.000000" : 12648448,
            "10.000000" : 13041664,
            "20.000000" : 13565952,
            "30.000000" : 13959168,
            "40.000000" : 14352384,
            "50.000000" : 14876672,
            "60.000000" : 15400960,
            "70.000000" : 16318464,
            "80.000000" : 17432576,
            "90.000000" : 19529728,
            "95.000000" : 22151168,
            "99.000000" : 27131904,
            "99.500000" : 28966912,
            "99.900000" : 38010880,
            "99.950000" : 67633152,
            "99.990000" : 358612992
          }
        },
        "lat_ns" : {
          "min" : 1055057,
          "max" : 364999364,
          "mean" : 16950206.579981,
          "stddev" : 5988408.152522,
          "N" : 28413
        },
        "bw_min" : 23040,
        "bw_max" : 76032,
        "bw_agg" : 100.000000,
        "bw_mean" : 60737.899160,
        "bw_dev" : 8810.355829,
        "bw_samples" : 119,
        "iops_min" : 180,
        "iops_max" : 594,
        "iops_mean" : 474.310924,
        "iops_stddev" : 68.840980,
        "iops_samples" : 119
      },
      "trim" : {
        "io_bytes" : 0,
        "io_kbytes" : 0,
        "bw_bytes" : 0,
        "bw" : 0,
        "iops" : 0.000000,
        "runtime" : 0,
        "total_ios" : 0,
        "short_ios" : 0,
        "drop_ios" : 0,
        "slat_ns" : {
          "min" : 0,
          "max" : 0,
          "mean" : 0.000000,
          "stddev" : 0.000000,
          "N" : 0
        },
        "clat_ns" : {
          "min" : 0,
          "max" : 0,
          "mean" : 0.000000,
          "stddev" : 0.000000,
          "N" : 0
        },
        "lat_ns" : {
          "min" : 0,
          "max" : 0,
          "mean" : 0.000000,
          "stddev" : 0.000000,
          "N" : 0
        },
        "bw_min" : 0,
        "bw_max" : 0,
        "bw_agg" : 0.000000,
        "bw_mean" : 0.000000,
        "bw_dev" : 0.000000,
        "bw_samples" : 0,
        "iops_min" : 0,
        "iops_max" : 0,
        "iops_mean" : 0.000000,
        "iops_stddev" : 0.000000,
        "iops_samples" : 0
      },
      "sync" : {
        "total_ios" : 0,
        "lat_ns" : {
          "min" : 0,
          "max" : 0,
          "mean" : 0.000000,
          "stddev" : 0.000000,
          "N" : 0
        }
      },
      "job_runtime" : 60000,
      "usr_cpu" : 1.578333,
      "sys_cpu" : 6.081667,
      "ctx" : 170462,
      "majf" : 0,
      "minf" : 13,
      "iodepth_level" : {
        "1" : 0.100000,
        "2" : 0.100000,
        "4" : 0.100000,
        "8" : 0.100000,
        "16" : 99.973600,
        "32" : 0.000000,
        ">=64" : 0.000000
      },
      "iodepth_submit" : {
        "0" : 0.000000,
        "4" : 100.000000,
        "8" : 0.000000,
        "16" : 0.000000,
        "32" : 0.000000,
        "64" : 0.000000,
        ">=64" : 0.000000
      },
      "iodepth_complete" : {
        "0" : 0.000000,
        "4" : 99.998240,
        "8" : 0.000000,
        "16" : 0.100000,
        "32" : 0.000000,
        "64" : 0.000000,
        ">=64" : 0.000000
      },
      "latency_ns" : {
        "2" : 0.000000,
        "4" : 0.000000,
        "10" : 0.000000,
        "20" : 0.000000,
        "50" : 0.000000,
        "100" : 0.000000,
        "250" : 0.000000,
        "500" : 0.000000,
        "750" : 0.000000,
        "1000" : 0.000000
      },
      "latency_us" : {
        "2" : 0.000000,
        "4" : 0.000000,
        "10" : 0.010000,
        "20" : 0.000000,
        "50" : 0.000000,
        "100" : 0.000000,
        "250" : 0.000000,
        "500" : 0.000000,
        "750" : 0.000000,
        "1000" : 0.000000
      },
      "latency_ms" : {
        "2" : 0.010000,
        "4" : 0.010000,
        "10" : 0.010560,
        "20" : 91.015329,
        "50" : 8.905472,
        "100" : 0.029920,
        "250" : 0.010000,
        "500" : 0.022880,
        "750" : 0.000000,
        "1000" : 0.000000,
        "2000" : 0.000000,
        ">=2000" : 0.000000
      },
      "latency_depth" : 16,
      "latency_target" : 0,
      "latency_percentile" : 100.000000,
      "latency_window" : 0
    }
  ]
}
