{
  "fio version" : "fio-3.36",
  "timestamp" : 1729389028,
  "timestamp_ms" : 1729389028605,
  "time" : "Sat Oct 19 21:50:28 2024",
  "jobs" : [
    {
      "jobname" : "benchmark_test",
      "groupid" : 0,
      "job_start" : 1729388965472,
      "error" : 0,
      "eta" : 0,
      "elapsed" : 61,
      "job options" : {
        "name" : "benchmark_test",
        "filename" : "/mnt/e/testfile",
        "size" : "500M",
        "rw" : "randrw",
        "bs" : "4k",
        "iodepth" : "16",
        "ioengine" : "libaio",
        "direct" : "1",
        "numjobs" : "1",
        "runtime" : "60"
      },
      "read" : {
        "io_bytes" : 598863872,
        "io_kbytes" : 584828,
        "bw_bytes" : 9980898,
        "bw" : 9746,
        "iops" : 2436.742721,
        "runtime" : 60001,
        "total_ios" : 146207,
        "short_ios" : 0,
        "drop_ios" : 0,
        "slat_ns" : {
          "min" : 94258,
          "max" : 172667963,
          "mean" : 196899.466113,
          "stddev" : 637757.496796,
          "N" : 146207
        },
        "clat_ns" : {
          "min" : 2473,
          "max" : 241232331,
          "mean" : 3072347.635708,
          "stddev" : 3098705.936232,
          "N" : 146207,
          "percentile" : {
            "1.000000" : 1843200,
            "5.000000" : 1941504,
            "10.000000" : 2023424,
            "20.000000" : 2146304,
            "30.000000" : 2310144,
            "40.000000" : 2506752,
            "50.000000" : 2736128,
            "60.000000" : 2965504,
            "70.000000" : 3194880,
            "80.000000" : 3555328,
            "90.000000" : 4358144,
            "95.000000" : 5079040,
            "99.000000" : 6782976,
            "99.500000" : 8847360,
            "99.900000" : 26083328,
            "99.950000" : 40632320,
            "99.990000" : 181403648
          }
        },
        "lat_ns" : {
          "min" : 126995,
          "max" : 241570578,
          "mean" : 3269247.101821,
          "stddev" : 3256775.804514,
          "N" : 146207
        },
        "bw_min" : 2152,
        "bw_max" : 13373,
        "bw_agg" : 99.949003,
        "bw_mean" : 9742.546218,
        "bw_dev" : 2552.385942,
        "bw_samples" : 119,
        "iops_min" : 538,
        "iops_max" : 3343,
        "iops_mean" : 2435.394958,
        "iops_stddev" : 638.096683,
        "iops_samples" : 119
      },
      "write" : {
        "io_bytes" : 599523328,
        "io_kbytes" : 585472,
        "bw_bytes" : 9991888,
        "bw" : 9757,
        "iops" : 2439.426010,
        "runtime" : 60001,
        "total_ios" : 146368,
        "short_ios" : 0,
        "drop_ios" : 0,
        "slat_ns" : {
          "min" : 89426,
          "max" : 43367773,
          "mean" : 204832.023953,
          "stddev" : 314090.289270,
          "N" : 146368
        },
        "clat_ns" : {
          "min" : 260946,
          "max" : 237661945,
          "mean" : 3081799.150620,
          "stddev" : 3141826.136763,
          "N" : 146368,
          "percentile" : {
            "1.000000" : 1843200,
            "5.000000" : 1941504,
            "10.000000" : 2023424,
            "20.000000" : 2179072,
            "30.000000" : 2310144,
            "40.000000" : 2506752,
            "50.000000" : 2736128,
            "60.000000" : 2965504,
            "70.000000" : 3194880,
            "80.000000" : 3555328,
            "90.000000" : 4358144,
            "95.000000" : 5013504,
            "99.000000" : 6848512,
            "99.500000" : 8978432,
            "99.900000" : 29491200,
            "99.950000" : 53739520,
            "99.990000" : 179306496
          }
        },
        "lat_ns" : {
          "min" : 392330,
          "max" : 241302544,
          "mean" : 3286631.174574,
          "stddev" : 3250542.711093,
          "N" : 146368
        },
        "bw_min" : 2192,
        "bw_max" : 12954,
        "bw_agg" : 99.972298,
        "bw_mean" : 9755.058824,
        "bw_dev" : 2592.082941,
        "bw_samples" : 119,
        "iops_min" : 548,
        "iops_max" : 3238,
        "iops_mean" : 2438.537815,
        "iops_stddev" : 648.004051,
        "iops_samples" : 119
      },
      "trim" : {
        "io_bytes" : 0,
        "io_kbytes" : 0,
        "bw_bytes" : 0,
        "bw" : 0,
        "iops" : 0.000000,
        "runtime" : 0,
        "total_ios" : 0,
        "short_ios" : 0,
        "drop_ios" : 0,
        "slat_ns" : {
          "min" : 0,
          "max" : 0,
          "mean" : 0.000000,
          "stddev" : 0.000000,
          "N" : 0
        },
        "clat_ns" : {
          "min" : 0,
          "max" : 0,
          "mean" : 0.000000,
          "stddev" : 0.000000,
          "N" : 0
        },
        "lat_ns" : {
          "min" : 0,
          "max" : 0,
          "mean" : 0.000000,
          "stddev" : 0.000000,
          "N" : 0
        },
        "bw_min" : 0,
        "bw_max" : 0,
        "bw_agg" : 0.000000,
        "bw_mean" : 0.000000,
        "bw_dev" : 0.000000,
        "bw_samples" : 0,
        "iops_min" : 0,
        "iops_max" : 0,
        "iops_mean" : 0.000000,
        "iops_stddev" : 0.000000,
        "iops_samples" : 0
      },
      "sync" : {
        "total_ios" : 0,
        "lat_ns" : {
          "min" : 0,
          "max" : 0,
          "mean" : 0.000000,
          "stddev" : 0.000000,
          "N" : 0
        }
      },
      "job_runtime" : 60000,
      "usr_cpu" : 2.686667,
      "sys_cpu" : 6.223333,
      "ctx" : 292584,
      "majf" : 0,
      "minf" : 16,
      "iodepth_level" : {
        "1" : 0.100000,
        "2" : 0.100000,
        "4" : 0.100000,
        "8" : 0.100000,
        "16" : 99.994873,
        "32" : 0.000000,
        ">=64" : 0.000000
      },
      "iodepth_submit" : {
        "0" : 0.000000,
        "4" : 100.000000,
        "8" : 0.000000,
        "16" : 0.000000,
        "32" : 0.000000,
        "64" : 0.000000,
        ">=64" : 0.000000
      },
      "iodepth_complete" : {
        "0" : 0.000000,
        "4" : 99.999658,
        "8" : 0.000000,
        "16" : 0.100000,
        "32" : 0.000000,
        "64" : 0.000000,
        ">=64" : 0.000000
      },
      "latency_ns" : {
        "2" : 0.000000,
        "4" : 0.000000,
        "10" : 0.000000,
        "20" : 0.000000,
        "50" : 0.000000,
        "100" : 0.000000,
        "250" : 0.000000,
        "500" : 0.000000,
        "750" : 0.000000,
        "1000" : 0.000000
      },
      "latency_us" : {
        "2" : 0.000000,
        "4" : 0.010000,
        "10" : 0.000000,
        "20" : 0.000000,
        "50" : 0.000000,
        "100" : 0.000000,
        "250" : 0.010000,
        "500" : 0.010000,
        "750" : 0.010000,
        "1000" : 0.010000
      },
      "latency_ms" : {
        "2" : 8.167820,
        "4" : 78.109886,
        "10" : 13.307015,
        "20" : 0.262497,
        "50" : 0.105272,
        "100" : 0.021191,
        "250" : 0.023925,
        "500" : 0.000000,
        "750" : 0.000000,
        "1000" : 0.000000,
        "2000" : 0.000000,
        ">=2000" : 0.000000
      },
      "latency_depth" : 16,
      "latency_target" : 0,
      "latency_percentile" : 100.000000,
      "latency_window" : 0
    }
  ]
}
