{
  "fio version" : "fio-3.36",
  "timestamp" : 1729389868,
  "timestamp_ms" : 1729389868414,
  "time" : "Sat Oct 19 22:04:28 2024",
  "jobs" : [
    {
      "jobname" : "benchmark_test",
      "groupid" : 0,
      "job_start" : 1729389804616,
      "error" : 0,
      "eta" : 0,
      "elapsed" : 61,
      "job options" : {
        "name" : "benchmark_test",
        "filename" : "/mnt/e/testfile",
        "size" : "500M",
        "rw" : "read",
        "bs" : "4k",
        "iodepth" : "1024",
        "ioengine" : "libaio",
        "direct" : "1",
        "numjobs" : "1",
        "runtime" : "60"
      },
      "read" : {
        "io_bytes" : 1328050176,
        "io_kbytes" : 1296924,
        "bw_bytes" : 22133800,
        "bw" : 21615,
        "iops" : 5403.759937,
        "runtime" : 60001,
        "total_ios" : 324231,
        "short_ios" : 0,
        "drop_ios" : 0,
        "slat_ns" : {
          "min" : 70357,
          "max" : 45640671,
          "mean" : 181727.417591,
          "stddev" : 237166.103832,
          "N" : 324231
        },
        "clat_ns" : {
          "min" : 9503,
          "max" : 615926268,
          "mean" : 189057134.458184,
          "stddev" : 55007029.378205,
          "N" : 324231,
          "percentile" : {
            "1.000000" : 139460608,
            "5.000000" : 145752064,
            "10.000000" : 152043520,
            "20.000000" : 158334976,
            "30.000000" : 162529280,
            "40.000000" : 166723584,
            "50.000000" : 173015040,
            "60.000000" : 179306496,
            "70.000000" : 187695104,
            "80.000000" : 204472320,
            "90.000000" : 242221056,
            "95.000000" : 312475648,
            "99.000000" : 404750336,
            "99.500000" : 484442112,
            "99.900000" : 608174080,
            "99.950000" : 616562688,
            "99.990000" : 616562688
          }
        },
        "lat_ns" : {
          "min" : 145775,
          "max" : 616093885,
          "mean" : 189238861.875776,
          "stddev" : 55051596.750007,
          "N" : 324231
        },
        "bw_min" : 8792,
        "bw_max" : 28448,
        "bw_agg" : 99.722235,
        "bw_mean" : 21555.302521,
        "bw_dev" : 4654.312470,
        "bw_samples" : 119,
        "iops_min" : 2198,
        "iops_max" : 7112,
        "iops_mean" : 5388.672269,
        "iops_stddev" : 1163.522829,
        "iops_samples" : 119
      },
      "write" : {
        "io_bytes" : 0,
        "io_kbytes" : 0,
        "bw_bytes" : 0,
        "bw" : 0,
        "iops" : 0.000000,
        "runtime" : 0,
        "total_ios" : 0,
        "short_ios" : 0,
        "drop_ios" : 0,
        "slat_ns" : {
          "min" : 0,
          "max" : 0,
          "mean" : 0.000000,
          "stddev" : 0.000000,
          "N" : 0
        },
        "clat_ns" : {
          "min" : 0,
          "max" : 0,
          "mean" : 0.000000,
          "stddev" : 0.000000,
          "N" : 0
        },
        "lat_ns" : {
          "min" : 0,
          "max" : 0,
          "mean" : 0.000000,
          "stddev" : 0.000000,
          "N" : 0
        },
        "bw_min" : 0,
        "bw_max" : 0,
        "bw_agg" : 0.000000,
        "bw_mean" : 0.000000,
        "bw_dev" : 0.000000,
        "bw_samples" : 0,
        "iops_min" : 0,
        "iops_max" : 0,
        "iops_mean" : 0.000000,
        "iops_stddev" : 0.000000,
        "iops_samples" : 0
      },
      "trim" : {
        "io_bytes" : 0,
        "io_kbytes" : 0,
        "bw_bytes" : 0,
        "bw" : 0,
        "iops" : 0.000000,
        "runtime" : 0,
        "total_ios" : 0,
        "short_ios" : 0,
        "drop_ios" : 0,
        "slat_ns" : {
          "min" : 0,
          "max" : 0,
          "mean" : 0.000000,
          "stddev" : 0.000000,
          "N" : 0
        },
        "clat_ns" : {
          "min" : 0,
          "max" : 0,
          "mean" : 0.000000,
          "stddev" : 0.000000,
          "N" : 0
        },
        "lat_ns" : {
          "min" : 0,
          "max" : 0,
          "mean" : 0.000000,
          "stddev" : 0.000000,
          "N" : 0
        },
        "bw_min" : 0,
        "bw_max" : 0,
        "bw_agg" : 0.000000,
        "bw_mean" : 0.000000,
        "bw_dev" : 0.000000,
        "bw_samples" : 0,
        "iops_min" : 0,
        "iops_max" : 0,
        "iops_mean" : 0.000000,
        "iops_stddev" : 0.000000,
        "iops_samples" : 0
      },
      "sync" : {
        "total_ios" : 0,
        "lat_ns" : {
          "min" : 0,
          "max" : 0,
          "mean" : 0.000000,
          "stddev" : 0.000000,
          "N" : 0
        }
      },
      "job_runtime" : 60000,
      "usr_cpu" : 2.618333,
      "sys_cpu" : 6.403333,
      "ctx" : 324237,
      "majf" : 0,
      "minf" : 1036,
      "iodepth_level" : {
        "1" : 0.100000,
        "2" : 0.100000,
        "4" : 0.100000,
        "8" : 0.100000,
        "16" : 0.100000,
        "32" : 0.100000,
        ">=64" : 99.980569
      },
      "iodepth_submit" : {
        "0" : 0.000000,
        "4" : 100.000000,
        "8" : 0.000000,
        "16" : 0.000000,
        "32" : 0.000000,
        "64" : 0.000000,
        ">=64" : 0.000000
      },
      "iodepth_complete" : {
        "0" : 0.000000,
        "4" : 99.999691,
        "8" : 0.000000,
        "16" : 0.000000,
        "32" : 0.000000,
        "64" : 0.000000,
        ">=64" : 0.100000
      },
      "latency_ns" : {
        "2" : 0.000000,
        "4" : 0.000000,
        "10" : 0.000000,
        "20" : 0.000000,
        "50" : 0.000000,
        "100" : 0.000000,
        "250" : 0.000000,
        "500" : 0.000000,
        "750" : 0.000000,
        "1000" : 0.000000
      },
      "latency_us" : {
        "2" : 0.000000,
        "4" : 0.000000,
        "10" : 0.010000,
        "20" : 0.000000,
        "50" : 0.000000,
        "100" : 0.000000,
        "250" : 0.010000,
        "500" : 0.010000,
        "750" : 0.010000,
        "1000" : 0.010000
      },
      "latency_ms" : {
        "2" : 0.010000,
        "4" : 0.010000,
        "10" : 0.010000,
        "20" : 0.017888,
        "50" : 0.049039,
        "100" : 0.090985,
        "250" : 90.829069,
        "500" : 8.514608,
        "750" : 0.480522,
        "1000" : 0.000000,
        "2000" : 0.000000,
        ">=2000" : 0.000000
      },
      "latency_depth" : 1024,
      "latency_target" : 0,
      "latency_percentile" : 100.000000,
      "latency_window" : 0
    }
  ]
}
