{
  "fio version" : "fio-3.36",
  "timestamp" : 1729395322,
  "timestamp_ms" : 1729395322029,
  "time" : "Sat Oct 19 23:35:22 2024",
  "jobs" : [
    {
      "jobname" : "benchmark_test",
      "groupid" : 0,
      "job_start" : 1729395258125,
      "error" : 0,
      "eta" : 0,
      "elapsed" : 61,
      "job options" : {
        "name" : "benchmark_test",
        "filename" : "/mnt/e/testfile",
        "size" : "500M",
        "rw" : "write",
        "bs" : "128k",
        "iodepth" : "256",
        "ioengine" : "libaio",
        "direct" : "1",
        "numjobs" : "1",
        "runtime" : "60"
      },
      "read" : {
        "io_bytes" : 0,
        "io_kbytes" : 0,
        "bw_bytes" : 0,
        "bw" : 0,
        "iops" : 0.000000,
        "runtime" : 0,
        "total_ios" : 0,
        "short_ios" : 0,
        "drop_ios" : 0,
        "slat_ns" : {
          "min" : 0,
          "max" : 0,
          "mean" : 0.000000,
          "stddev" : 0.000000,
          "N" : 0
        },
        "clat_ns" : {
          "min" : 0,
          "max" : 0,
          "mean" : 0.000000,
          "stddev" : 0.000000,
          "N" : 0
        },
        "lat_ns" : {
          "min" : 0,
          "max" : 0,
          "mean" : 0.000000,
          "stddev" : 0.000000,
          "N" : 0
        },
        "bw_min" : 0,
        "bw_max" : 0,
        "bw_agg" : 0.000000,
        "bw_mean" : 0.000000,
        "bw_dev" : 0.000000,
        "bw_samples" : 0,
        "iops_min" : 0,
        "iops_max" : 0,
        "iops_mean" : 0.000000,
        "iops_stddev" : 0.000000,
        "iops_samples" : 0
      },
      "write" : {
        "io_bytes" : 6509821952,
        "io_kbytes" : 6357248,
        "bw_bytes" : 108495224,
        "bw" : 105952,
        "iops" : 827.752871,
        "runtime" : 60001,
        "total_ios" : 49666,
        "short_ios" : 0,
        "drop_ios" : 0,
        "slat_ns" : {
          "min" : 600276,
          "max" : 100585886,
          "mean" : 1198299.843474,
          "stddev" : 1203415.367230,
          "N" : 49666
        },
        "clat_ns" : {
          "min" : 7047,
          "max" : 1116760124,
          "mean" : 307443687.491155,
          "stddev" : 82105725.404487,
          "N" : 49666,
          "percentile" : {
            "1.000000" : 246415360,
            "5.000000" : 256901120,
            "10.000000" : 261095424,
            "20.000000" : 267386880,
            "30.000000" : 274726912,
            "40.000000" : 278921216,
            "50.000000" : 291504128,
            "60.000000" : 299892736,
            "70.000000" : 316669952,
            "80.000000" : 333447168,
            "90.000000" : 350224384,
            "95.000000" : 387973120,
            "99.000000" : 792723456,
            "99.500000" : 918552576,
            "99.900000" : 1115684864,
            "99.950000" : 1115684864,
            "99.990000" : 1115684864
          }
        },
        "lat_ns" : {
          "min" : 837573,
          "max" : 1118379506,
          "mean" : 308641987.334634,
          "stddev" : 82316561.281776,
          "N" : 49666
        },
        "bw_min" : 4104,
        "bw_max" : 128512,
        "bw_agg" : 99.504148,
        "bw_mean" : 105427.621849,
        "bw_dev" : 19567.014643,
        "bw_samples" : 119,
        "iops_min" : 32,
        "iops_max" : 1004,
        "iops_mean" : 823.428571,
        "iops_stddev" : 152.835215,
        "iops_samples" : 119
      },
      "trim" : {
        "io_bytes" : 0,
        "io_kbytes" : 0,
        "bw_bytes" : 0,
        "bw" : 0,
        "iops" : 0.000000,
        "runtime" : 0,
        "total_ios" : 0,
        "short_ios" : 0,
        "drop_ios" : 0,
        "slat_ns" : {
          "min" : 0,
          "max" : 0,
          "mean" : 0.000000,
          "stddev" : 0.000000,
          "N" : 0
        },
        "clat_ns" : {
          "min" : 0,
          "max" : 0,
          "mean" : 0.000000,
          "stddev" : 0.000000,
          "N" : 0
        },
        "lat_ns" : {
          "min" : 0,
          "max" : 0,
          "mean" : 0.000000,
          "stddev" : 0.000000,
          "N" : 0
        },
        "bw_min" : 0,
        "bw_max" : 0,
        "bw_agg" : 0.000000,
        "bw_mean" : 0.000000,
        "bw_dev" : 0.000000,
        "bw_samples" : 0,
        "iops_min" : 0,
        "iops_max" : 0,
        "iops_mean" : 0.000000,
        "iops_stddev" : 0.000000,
        "iops_samples" : 0
      },
      "sync" : {
        "total_ios" : 0,
        "lat_ns" : {
          "min" : 0,
          "max" : 0,
          "mean" : 0.000000,
          "stddev" : 0.000000,
          "N" : 0
        }
      },
      "job_runtime" : 60000,
      "usr_cpu" : 1.555000,
      "sys_cpu" : 5.923333,
      "ctx" : 149003,
      "majf" : 0,
      "minf" : 12,
      "iodepth_level" : {
        "1" : 0.100000,
        "2" : 0.100000,
        "4" : 0.100000,
        "8" : 0.100000,
        "16" : 0.100000,
        "32" : 0.100000,
        ">=64" : 99.873153
      },
      "iodepth_submit" : {
        "0" : 0.000000,
        "4" : 100.000000,
        "8" : 0.000000,
        "16" : 0.000000,
        "32" : 0.000000,
        "64" : 0.000000,
        ">=64" : 0.000000
      },
      "iodepth_complete" : {
        "0" : 0.000000,
        "4" : 99.997976,
        "8" : 0.000000,
        "16" : 0.000000,
        "32" : 0.000000,
        "64" : 0.000000,
        ">=64" : 0.100000
      },
      "latency_ns" : {
        "2" : 0.000000,
        "4" : 0.000000,
        "10" : 0.000000,
        "20" : 0.000000,
        "50" : 0.000000,
        "100" : 0.000000,
        "250" : 0.000000,
        "500" : 0.000000,
        "750" : 0.000000,
        "1000" : 0.000000
      },
      "latency_us" : {
        "2" : 0.000000,
        "4" : 0.000000,
        "10" : 0.010000,
        "20" : 0.000000,
        "50" : 0.000000,
        "100" : 0.000000,
        "250" : 0.000000,
        "500" : 0.000000,
        "750" : 0.000000,
        "1000" : 0.010000
      },
      "latency_ms" : {
        "2" : 0.000000,
        "4" : 0.010000,
        "10" : 0.012081,
        "20" : 0.016108,
        "50" : 0.058390,
        "100" : 0.088592,
        "250" : 1.765796,
        "500" : 96.307333,
        "750" : 0.726855,
        "1000" : 0.608062,
        "2000" : 0.406717,
        ">=2000" : 0.000000
      },
      "latency_depth" : 256,
      "latency_target" : 0,
      "latency_percentile" : 100.000000,
      "latency_window" : 0
    }
  ]
}
