{
  "fio version" : "fio-3.36",
  "timestamp" : 1729393073,
  "timestamp_ms" : 1729393073837,
  "time" : "Sat Oct 19 22:57:53 2024",
  "jobs" : [
    {
      "jobname" : "benchmark_test",
      "groupid" : 0,
      "job_start" : 1729393009954,
      "error" : 0,
      "eta" : 0,
      "elapsed" : 61,
      "job options" : {
        "name" : "benchmark_test",
        "filename" : "/mnt/e/testfile",
        "size" : "500M",
        "rw" : "randread",
        "bs" : "32k",
        "iodepth" : "64",
        "ioengine" : "libaio",
        "direct" : "1",
        "numjobs" : "1",
        "runtime" : "60"
      },
      "read" : {
        "io_bytes" : 8743092224,
        "io_kbytes" : 8538176,
        "bw_bytes" : 145715775,
        "bw" : 142300,
        "iops" : 4446.892552,
        "runtime" : 60001,
        "total_ios" : 266818,
        "short_ios" : 0,
        "drop_ios" : 0,
        "slat_ns" : {
          "min" : 124680,
          "max" : 37652272,
          "mean" : 221752.333666,
          "stddev" : 102339.918068,
          "N" : 266818
        },
        "clat_ns" : {
          "min" : 2298,
          "max" : 71397541,
          "mean" : 14163694.207966,
          "stddev" : 2263105.269380,
          "N" : 266818,
          "percentile" : {
            "1.000000" : 11206656,
            "5.000000" : 11599872,
            "10.000000" : 11993088,
            "20.000000" : 12386304,
            "30.000000" : 12910592,
            "40.000000" : 13303808,
            "50.000000" : 13828096,
            "60.000000" : 14352384,
            "70.000000" : 14876672,
            "80.000000" : 15532032,
            "90.000000" : 16711680,
            "95.000000" : 17956864,
            "99.000000" : 21626880,
            "99.500000" : 23199744,
            "99.900000" : 26607616,
            "99.950000" : 27918336,
            "99.990000" : 69730304
          }
        },
        "lat_ns" : {
          "min" : 246470,
          "max" : 71748210,
          "mean" : 14385446.541631,
          "stddev" : 2288535.634296,
          "N" : 266818
        },
        "bw_min" : 93568,
        "bw_max" : 155328,
        "bw_agg" : 100.000000,
        "bw_mean" : 142371.621849,
        "bw_dev" : 10004.969056,
        "bw_samples" : 119,
        "iops_min" : 2924,
        "iops_max" : 4854,
        "iops_mean" : 4448.899160,
        "iops_stddev" : 312.677513,
        "iops_samples" : 119
      },
      "write" : {
        "io_bytes" : 0,
        "io_kbytes" : 0,
        "bw_bytes" : 0,
        "bw" : 0,
        "iops" : 0.000000,
        "runtime" : 0,
        "total_ios" : 0,
        "short_ios" : 0,
        "drop_ios" : 0,
        "slat_ns" : {
          "min" : 0,
          "max" : 0,
          "mean" : 0.000000,
          "stddev" : 0.000000,
          "N" : 0
        },
        "clat_ns" : {
          "min" : 0,
          "max" : 0,
          "mean" : 0.000000,
          "stddev" : 0.000000,
          "N" : 0
        },
        "lat_ns" : {
          "min" : 0,
          "max" : 0,
          "mean" : 0.000000,
          "stddev" : 0.000000,
          "N" : 0
        },
        "bw_min" : 0,
        "bw_max" : 0,
        "bw_agg" : 0.000000,
        "bw_mean" : 0.000000,
        "bw_dev" : 0.000000,
        "bw_samples" : 0,
        "iops_min" : 0,
        "iops_max" : 0,
        "iops_mean" : 0.000000,
        "iops_stddev" : 0.000000,
        "iops_samples" : 0
      },
      "trim" : {
        "io_bytes" : 0,
        "io_kbytes" : 0,
        "bw_bytes" : 0,
        "bw" : 0,
        "iops" : 0.000000,
        "runtime" : 0,
        "total_ios" : 0,
        "short_ios" : 0,
        "drop_ios" : 0,
        "slat_ns" : {
          "min" : 0,
          "max" : 0,
          "mean" : 0.000000,
          "stddev" : 0.000000,
          "N" : 0
        },
        "clat_ns" : {
          "min" : 0,
          "max" : 0,
          "mean" : 0.000000,
          "stddev" : 0.000000,
          "N" : 0
        },
        "lat_ns" : {
          "min" : 0,
          "max" : 0,
          "mean" : 0.000000,
          "stddev" : 0.000000,
          "N" : 0
        },
        "bw_min" : 0,
        "bw_max" : 0,
        "bw_agg" : 0.000000,
        "bw_mean" : 0.000000,
        "bw_dev" : 0.000000,
        "bw_samples" : 0,
        "iops_min" : 0,
        "iops_max" : 0,
        "iops_mean" : 0.000000,
        "iops_stddev" : 0.000000,
        "iops_samples" : 0
      },
      "sync" : {
        "total_ios" : 0,
        "lat_ns" : {
          "min" : 0,
          "max" : 0,
          "mean" : 0.000000,
          "stddev" : 0.000000,
          "N" : 0
        }
      },
      "job_runtime" : 60000,
      "usr_cpu" : 1.700000,
      "sys_cpu" : 7.356667,
      "ctx" : 266824,
      "majf" : 0,
      "minf" : 521,
      "iodepth_level" : {
        "1" : 0.100000,
        "2" : 0.100000,
        "4" : 0.100000,
        "8" : 0.100000,
        "16" : 0.100000,
        "32" : 0.100000,
        ">=64" : 99.976388
      },
      "iodepth_submit" : {
        "0" : 0.000000,
        "4" : 100.000000,
        "8" : 0.000000,
        "16" : 0.000000,
        "32" : 0.000000,
        "64" : 0.000000,
        ">=64" : 0.000000
      },
      "iodepth_complete" : {
        "0" : 0.000000,
        "4" : 99.999625,
        "8" : 0.000000,
        "16" : 0.000000,
        "32" : 0.000000,
        "64" : 0.100000,
        ">=64" : 0.000000
      },
      "latency_ns" : {
        "2" : 0.000000,
        "4" : 0.000000,
        "10" : 0.000000,
        "20" : 0.000000,
        "50" : 0.000000,
        "100" : 0.000000,
        "250" : 0.000000,
        "500" : 0.000000,
        "750" : 0.000000,
        "1000" : 0.000000
      },
      "latency_us" : {
        "2" : 0.000000,
        "4" : 0.010000,
        "10" : 0.000000,
        "20" : 0.000000,
        "50" : 0.000000,
        "100" : 0.000000,
        "250" : 0.010000,
        "500" : 0.010000,
        "750" : 0.010000,
        "1000" : 0.000000
      },
      "latency_ms" : {
        "2" : 0.010000,
        "4" : 0.010000,
        "10" : 0.037104,
        "20" : 98.118568,
        "50" : 1.813971,
        "100" : 0.023612,
        "250" : 0.000000,
        "500" : 0.000000,
        "750" : 0.000000,
        "1000" : 0.000000,
        "2000" : 0.000000,
        ">=2000" : 0.000000
      },
      "latency_depth" : 64,
      "latency_target" : 0,
      "latency_percentile" : 100.000000,
      "latency_window" : 0
    }
  ]
}
